Workbook

Sheet KD_SATKER
A3: NO | B3: NAMA_UNIT_KERJA | C3: KD_UNIT | D3: NAMA_UNIT_BARU | E3: KD_UNIT_BARU | F3: DIREKTORAT | G3: SATUAN KERJA | H3: KD_UNIT_LAMA
A4: 1 | F4: Direktorat Utama | G4: Direktur Utama
A5: =A4+1 -> 2 | F5: Direktorat Pelayanan Medik, Keperawatan, dan Penunjang | G5: Direktur Pelayanan Medik, Keperawatan, dan Penunjang
F6: Direktorat SDM, Pendidikan dan Penelitian | G6: Direktur SDM, Pendidikan dan Penelitian
A7: =A5+1 -> 3 | F7: Direktorat Keuangan dan Barang Milik Negara | G7: Direktur Keuangan dan Barang Milik Negara
A8: =A7+1 -> 4 | F8: Direktorat Perencanaan, Organisasi, dan Umum | G8: Direktur Perencanaan, Organisasi, dan Umum
A9: =#REF!+1 -> #REF! | F9: Direktorat Utama | G9: Komite Koordinasi Pendidikan
A10: =A9+1 -> #REF! | F10: Direktorat Utama | G10: Komite Mutu Rumah Sakit
A11: =A10+1 -> #REF! | F11: Direktorat Utama | G11: Komite Pencegahan & Pengendalian Infeksi
A12: =A11+1 -> #REF! | F12: Direktorat Utama | G12: Komite Penelitian
A13: =A12+1 -> #REF! | F13: Direktorat Utama | G13: Komite Keperawatan
A14: =A13+1 -> #REF! | F14: Direktorat Utama | G14: Komite Tenaga Kesehatan Lain
A15: =A14+1 -> #REF! | F15: Direktorat Utama | G15: Komite Medik
A16: =A15+1 -> #REF! | F16: Direktorat Utama | G16: Satuan Pemeriksaan Intern
A17: =A16+1 -> #REF! | F17: Direktorat Pelayanan Medik, Keperawatan, dan Penunjang | G17: Kelompok Substansi Pelayanan Medik
A18: =A17+1 -> #REF! | F18: Direktorat Pelayanan Medik, Keperawatan, dan Penunjang | G18: Kelompok Substansi Pelayanan Keperawatan
A19: =A18+1 -> #REF! | F19: Direktorat Pelayanan Medik, Keperawatan, dan Penunjang | G19: Kelompok Substansi Pelayanan Penunjang
A20: =A19+1 -> #REF! | F20: Direktorat Pelayanan Medik, Keperawatan, dan Penunjang | G20: Instalasi Bedah Sentral
A21: =A20+1 -> #REF! | F21: Direktorat Pelayanan Medik, Keperawatan, dan Penunjang | G21: Instalasi Farmasi
... A70: =A69+1 -> #REF! | F70: Direktorat SDM, Pendidikan dan Penelitian | G70: Instalasi Pengelolaan Inovasi dan Kekayaan Intelektual

Sheet Laporan
F1: NO. | G1: JENIS TENAGA | H1: ASN | J1: NON ASN | L1: TOTAL
A2: NO. | B2: URAIAN | C2: JUMLAH | H2: PNS/CPNS | I2: PPPK | J2: BLU | K2: PTT
A3: 1 | B3: TENAGA MEDIS | C3: =SUM(C4:C8) -> 292 | F3: I. | G3: TENAGA MEDIS | H3: =COUNTIFS(Konsep!$AD$2:$AD$2322,G3,Konsep!$K$2:$K$2322,"PNS")+COUNTIFS(Konsep!$AD$2:$AD$2322,G3,Konsep!$K$2:$K$2322,"CPNS") -> 225 | I3: =COUNTIFS(Konsep!$AD$2:$AD$2322,G3,Konsep!$K$2:$K$2322,"PPPK") -> 6 | J3: =COUNTIFS(Konsep!$AD$2:$AD$2322,G3,Konsep!$K$2:$K$2322,"Pegawai Tetap BLU") -> 15 | K3: =COUNTIFS(Konsep!$AD$2:$AD$2322,G3,Konsep!$K$2:$K$2322,"Pegawai Tidak Tetap") -> 46 | L3: =SUM(H3:K3) -> 292
B4: DOKTER UMUM | C4: =COUNTIF(Konsep!$AC$3:$AC$2322,Laporan!B4) -> 60 | F4: II. | G4: PERAWAT | H4: =COUNTIFS(Konsep!$AD$2:$AD$2322,G4,Konsep!$K$2:$K$2322,"PNS")+COUNTIFS(Konsep!$AD$2:$AD$2322,G4,Konsep!$K$2:$K$2322,"CPNS") -> 637 | I4: =COUNTIFS(Konsep!$AD$2:$AD$2322,G4,Konsep!$K$2:$K$2322,"PPPK") -> 8 | J4: =COUNTIFS(Konsep!$AD$2:$AD$2322,G4,Konsep!$K$2:$K$2322,"Pegawai Tetap BLU") -> 187 | K4: =COUNTIFS(Konsep!$AD$2:$AD$2322,G4,Konsep!$K$2:$K$2322,"Pegawai Tidak Tetap") -> 121 | L4: =SUM(H4:K4) -> 953
B5: DOKTER SPESIALIS | C5: =COUNTIF(Konsep!$AC$3:$AC$2322,Laporan!B5) -> 125 | F5: III. | G5: BIDAN | H5: =COUNTIFS(Konsep!$AD$2:$AD$2322,G5,Konsep!$K$2:$K$2322,"PNS")+COUNTIFS(Konsep!$AD$2:$AD$2322,G5,Konsep!$K$2:$K$2322,"CPNS") -> 35 | I5: =COUNTIFS(Konsep!$AD$2:$AD$2322,G5,Konsep!$K$2:$K$2322,"PPPK") -> 0 | J5: =COUNTIFS(Konsep!$AD$2:$AD$2322,G5,Konsep!$K$2:$K$2322,"Pegawai Tetap BLU") -> 9 | K5: =COUNTIFS(Konsep!$AD$2:$AD$2322,G5,Konsep!$K$2:$K$2322,"Pegawai Tidak Tetap") -> 3 | L5: =SUM(H5:K5) -> 47
B6: DOKTER SPESIALIS KONSULTAN | C6: =COUNTIF(Konsep!$AC$3:$AC$2322,Laporan!B6) -> 95 | F6: IV. | G6: TENAGA KESEHATAN LAIN | H6: =COUNTIFS(Konsep!$AD$2:$AD$2322,G6,Konsep!$K$2:$K$2322,"PNS")+COUNTIFS(Konsep!$AD$2:$AD$2322,G6,Konsep!$K$2:$K$2322,"CPNS") -> 295 | I6: =COUNTIFS(Konsep!$AD$2:$AD$2322,G6,Konsep!$K$2:$K$2322,"PPPK") -> 5 | J6: =COUNTIFS(Konsep!$AD$2:$AD$2322,G6,Konsep!$K$2:$K$2322,"Pegawai Tetap BLU") -> 50 | K6: =COUNTIFS(Konsep!$AD$2:$AD$2322,G6,Konsep!$K$2:$K$2322,"Pegawai Tidak Tetap") -> 77 | L6: =SUM(H6:K6) -> 427
B7: DOKTER GIGI UMUM | C7: =COUNTIF(Konsep!$AC$3:$AC$2322,Laporan!B7) -> 1 | F7: V. | G7: NON MEDIS / ADMINISTRASI | H7: =COUNTIFS(Konsep!$AD$2:$AD$2322,G7,Konsep!$K$2:$K$2322,"PNS")+COUNTIFS(Konsep!$AD$2:$AD$2322,G7,Konsep!$K$2:$K$2322,"CPNS") -> 374 | I7: =COUNTIFS(Konsep!$AD$2:$AD$2322,G7,Konsep!$K$2:$K$2322,"PPPK") -> 0 | J7: =COUNTIFS(Konsep!$AD$2:$AD$2322,G7,Konsep!$K$2:$K$2322,"Pegawai Tetap BLU") -> 160 | K7: =COUNTIFS(Konsep!$AD$2:$AD$2322,G7,Konsep!$K$2:$K$2322,"Pegawai Tidak Tetap") -> 67 | L7: =SUM(H7:K7) -> 601
B8: DOKTER GIGI SPESIALIS | C8: =COUNTIF(Konsep!$AC$3:$AC$2322,Laporan!B8) -> 11 | F8: JUMLAH | H8: =SUM(H3:H7) -> 1566 | I8: =SUM(I3:I7) -> 19 | J8: =SUM(J3:J7) -> 421 | K8: =SUM(K3:K7) -> 314 | L8: =SUM(L3:L7) -> 2320
A9: 2 | B9: TENAGA KEPERAWATAN | C9: =COUNTIF(Konsep!$AC$3:$AC$2322,"PERAWAT") -> 953 | F9: TOTAL | H9: =SUM(H8:I8) -> 1585 | J9: =SUM(J8:K8) -> 735
A10: 3 | B10: TENAGA KEBIDANAN | C10: =COUNTIF(Konsep!$AC$3:$AC$2322,"BIDAN") -> 47
A11: 4 | B11: TENAGA KESEHATAN LAIN | C11: =COUNTIF(Konsep!$AC$3:$AC$2322,Laporan!B11) -> 427
B12: ( Apoteker, Fisioterapi, Gizi, Teknis Elektromedik, Teknik Radiologi, dll) | F12: ASN | G12: =H9 -> 1585
A13: 5 | B13: TENAGA NON MEDIS | C13: =COUNTIF(Konsep!$AC$3:$AC$2322,Laporan!B13) -> 601 | F13: NON ASN | G13: =J9 -> 735
B14: ( Hukum, Komputer, Keuangan, Kesehatan Masyarakat, Manajemen, Akuntansi, dll)
B15: TOTAL | C15: =SUM(C4:C14) -> 2320
A17: PNS/CPNS | B17: PPPK | C17: BLU | D17: PTT
A18: =H8 -> 1566 | B18: =I8 -> 19 | C18: =J8 -> 421 | D18: =K8 -> 314
J23: Tenaga Kesehatan | K23: =SUM(C4:C11) -> 1719
J24: Tenaga Non Kesehatan | K24: =C13 -> 601

Sheet Konsep
A1: Data Konsep Per 06 April 2023 | BH1: =+BH:ANN -> 0 | DP1: =COUNTA(DP3:DP2229) -> 2227
A2: NO | B2: NAMA | C2: NIP LAMA | D2: NIP | E2: updt | F2: JENJANG | G2: BUP | H2: PERKIRAAN PENSIUN | I2: NIP SIMKA | J2: STATUS KEPEGAWAIAN | K2: STATUS PEGAWAI | L2: STATUS PEGAWAI SUB | M2: JENIS KELAMIN | N2: GOL | O2: KD GOL | P2: TMT GOL | Q2: NOMOR SK GOLONGAN/ SK TERAKHIR | R2: MASA KERJA THN | S2: MASA KERJA BLN | T2: TGL PERPANJANGAN KONTRAK | U2: NO. BUNDEL | V2: NO. KARPEG | W2: TEMPAT LAHIR | X2: TGL LAHIR | Y2: USIA | Z2: KATEGORI USIA | AA2: TMT PENSIUN | AB2: PENDIDIKAN | AC2: KHUSUS LAP BULANAN1 | AD2: KHUSUS LAP BULANAN2 | AE2: KHUSUS LAP KSM | AF2: KD PENDIDIKAN | AG2: KD PENDIDIKAN TAMBAHAN | AH2: KD JENIS TENAGA | AI2: KD TINGKAT PENDIDIKAN | AJ2: NO INDUK MAHASISWA | AK2: NOMOR IJAZAH | AL2: Tgl Ijazah | AM2: INSTITUSI PENDIDIKAN | AN2: SUB SPESIALIS | AO2: TGL LULUS | AP2: SATUAN KERJA | AQ2: TMT Tempat Baru | AR2: JENIS TENAGA UTK SERAGAM | AS2: JENIS TENAGA | AT2: UPDATE NOTA DINAS | AU2: LEVEL JABATAN | AV2: JABATAN ( INTERN & STRUKTURAL ) | AW2: TMT JABATAN | AX2: TMT MASA BERAKHIR JABATAN | AY2: DIREKTORAT | AZ2: KD_UNIT_BARU | BA2: UNIT KERJA BARU | BB2: UNIT KERJA SUB | BC2: UNIT KERJA TERKECIL | BD2: KD_JABATAN | BE2: KD_JBT1 | BF2: JABATAN INTERNAL | BG2: JABATAN INTERNAL TAMBAHAN_1 | BH2: NM JABATAN INTERNAL TAMBAHAN_1 | BI2: KD_JABFUNG | BJ2: JABATAN SIMKA DEPKES | BK2: GOL_SIMKA | BL2: KD_JBTN_SIMKA | BM2: TMT JABATAN PLH/PLTS DARI | BN2: TMT JABATAN PLH/PLTS SAMPAI | BO2: NON FUNGSIONAL (TUNJ UMUM) | BP2: STRUKTURAL | BQ2: JABATAN FUNGSIONAL | BR2: TMT JABFUNG | BS2: ANGKA KREDIT | BT2: TMT JADI PEG CPNS | BU2: TMT PNS 100% | BV2: TMT AKTIF DI RSF | BW2: MASA KERJA RSF THN | BX2: MASA KERJA RSF BLN | BY2: TMT PEG BLU | BZ2: NO KARSU/KARIS | CA2: AGAMA | CB2: STATUS | CC2: ANAK | CD2: ISTRI/SUAMI | CE2: STATUS PAJAK | CF2: PIAGAM PENGHARGAAN 8 TH | CG2: 10 TH | CH2: 16 TH | CI2: 20 TH | CJ2: 24 TH | CK2: 30 TH | CL2: NO STR | CM2: BERLAKU S.D | CN2: MASA BERLAKU STR | CO2: NO SIP / SIK | CP2: BERLAKU S.D | CQ2: MASA BERLAKU SIP | CR2: NO ABSEN | CS2: Konfirmasi Ijasah | CT2: NO SURAT | CU2: TGL SURAT | CV2: SURAT KELUAR | CW2: INSTITUSI PENDIDIKAN | CX2: TGL SURAT | CY2: SURAT KELUAR DOKTER UMUM /DOKTER GIGI UMUM | CZ2: INSTITUSI PENDIDIKAN | DA2: TGL SURAT | DB2: KONFIRMASI STR | DC2: NO. SURAT | DD2: TGL SURAT | DE2: MASA BERLAKU | DF2: KONFIRMASI SIP | DG2: NO SURAT | DH2: MASA BERLAKU | DI2: SURAT KELUAR KONFIRMASI STR | DJ2: TGL SURAT | DK2: SURAT KELUAR KONFIRMASI SIP | DL2: TGL SURAT | DM2: NPWP | DN2: BPJS KETENAGAKERJAAN | DO2: NO KARTU KELUARGA | DP2: NIK KTP | DQ2: ALAMAT KTP | DR2: ALAMAT LAIN | DS2: NO TELEPON | DT2: E-MAIL | DU2: VAKSINASI KE | DV2: JENIS VAKSIN | DW2: SK PENGANGKATAN BYK PK | DX2: KEWENANGAN KLINIS KOMITE PK | DY2: NO SK KEWENANGAN KLINIS | DZ2: TGL SK KEWENANGAN KLINIS | EA2: TGL HABIS SK KEWENANGAN KLINIS | EB2: No. Rekam Medik | EC2: LAPORAN BIOS | ED2: STATUS MANAJERIAL | EE2: S1 | EF2: SPESIALIS 1 | EG2: SPESIALIS 2 | EH2: STATUS TUBEL/IBEL | EI2: TANGGAL MULAI KULIAH | EJ2: TANGGAL SELESAI KULIAH
A3: 1 | B3: dr. Andi Saguni, MA | C3: PNS | D3: 197201172000121001 | F3: Non Jabfung | G3: =IF(F3="Ahli Madya",60,IF(F3="Ahli Utama",65,58)) -> 58 | H3: =DATE(YEAR(X3)+G3,MONTH(X3)+1,1) -> 47515 | J3: ASN | K3: PNS | L3: PNS | M3: L | N3: IV/d | O3: 4D | P3: 01-04-2022 | R3: 23 | S3: 4 | W3: Ujung Pandang | X3: 17-01-1972 | Y3: =YEAR(NOW())-YEAR(X3) -> #VALUE! | Z3: =IF(AND(Y3>=21,Y3<=35),"21-35",IF(AND(Y3>35,Y3<=45),"36-45",IF(AND(Y3>45,Y3<=58),"46-58",IF(Y3>58,"Lebih dari 58",0)))) -> #VALUE! | AB3: Dokter Umum + S2 Perencanaan dan Kebijakan Publik | AC3: TENAGA NON MEDIS | AD3: NON MEDIS / ADMINISTRASI | AF3: MDS | AG3: A | AH3: A | AI3: S2 | AP3: Direksi | AQ3: 14-12-2021 | AR3: MANAJEMEN | AS3: MANAJEMEN | AT3: =_xlfn.IFNA(VLOOKUP(D3,'[1]5. 1 Mei 2022'!$C$7:$F$60,4,FALSE),"") | AU3: Direktur Utama | AV3: Direktur Utama | AW3: 14-12-2021 | AX3: =AW3+1903 -> 46447 | AY3: Direktorat Utama | AZ3: DIRUT | BA3: Direktur Utama | BD3: DIREKSI | BE3: MJ | BF3: Direktur Utama | BJ3: Direktur Utama | BK3: =N3 -> IV/d | BL3: II.a | BV3: 14-12-2021 | BW3: =YEAR(NOW())-YEAR(BV3) -> #VALUE! | BX3: =DATEDIF(BV3,NOW(),"YM") -> #VALUE! | CA3: Islam | CB3: Belum Menikah | DM3: 45.773.465.5-009.000 | DP3: 3275101701720010 | DS3: 081310000677 | DU3: 3 | DV3: Moderna | EC3: Tenaga Non Medis Administrasi | ED3: MANAJERIAL
A4: 2 | B4: dr. Amrizal Umran, Sp.U (K) | C4: 140338323 | D4: 196611281997031002 | F4: Ahli Madya | G4: =IF(F4="Ahli Madya",60,IF(F4="Ahli Utama",65,58)) -> 60 | H4: =DATE(YEAR(X4)+G4,MONTH(X4)+1,1) -> 46357 | J4: ASN | K4: PNS | L4: PNS | M4: L | N4: IV/b | O4: 4B | P4: 01-10-2019 | R4: 26 | S4: 0 | U4: 54 | W4: Fakfak | X4: 28-11-1966 | Y4: =YEAR(NOW())-YEAR(X4) -> #VALUE! | Z4: =IF(AND(Y4>=21,Y4<=35),"21-35",IF(AND(Y4>35,Y4<=45),"36-45",IF(AND(Y4>45,Y4<=58),"46-58",IF(Y4>58,"Lebih dari 58",0)))) -> #VALUE! | AB4: Dokter Spesialis Bedah Urologi + Konsultan Urologi Andrologi | AC4: DOKTER SPESIALIS KONSULTAN | AD4: TENAGA MEDIS | AE4: KSM Bedah | AF4: MDS | AG4: A | AH4: A | AI4: KONSULTAN | AJ4: 419818108X | AK4: 0003/Sp-FK/1/2006 | AL4: 28-11-2005 | AM4: Universitas Indonesia | AN4: Konsultan Urologi Andrologi | AP4: Direksi | AQ4: 16-01-2023 | AR4: MANAJEMEN | AS4: MANAJEMEN | AT4: =_xlfn.IFNA(VLOOKUP(D4,'[1]5. 1 Mei 2022'!$C$7:$F$60,4,FALSE),"") | AU4: Plt Direktur Pelayanan Medik, Keperawatan, dan Penunjang | AV4: Plt Direktur Pelayanan Medik, Keperawatan, dan Penunjang | AW4: 21-12-2020 // 31-07-2018 | AX4: =AW4+1903 -> #VALUE! | AY4: Direktorat Utama | AZ4: DIRMED | BA4: Direktur Pelayanan Medik, Keperawatan, dan Penunjang | BD4: DIREKSI | BE4: MJ | BF4: Plt Direktur Pelayanan Medik, Keperawatan, dan Penunjang | BI4: DR | BJ4: Dokter Pendidik Klinis Ahli Madya | BK4: =N4 -> IV/b | BL4: JFT | BP4: - | BQ4: Dokter Pendidik Klinis Ahli Madya | BR4: 01-04-2019 | BS4: 566.7050 | BT4: 01-03-1997 | BV4: 01-11-2006 | BW4: =YEAR(NOW())-YEAR(BV4) -> 17 | BX4: =DATEDIF(BV4,NOW(),"YM") -> 3 | CA4: Islam | CB4: Menikah | CC4: 1 | CD4: 1 | CE4: Menanggung | CG4: 2007 | CL4: 3111106421011025 | CM4: 28-11-2026 | CN4: 126 | CO4: 170/B.15B/31.74.06.1001.05.023.S.2.a.b/3/-1.779.3/e/2021 | CP4: 28-11-2026 | CQ4: 126 | CR4: 2008 | CS4: Benar Lulusan Sp1 FKUI // Benar lulusan Dokter Umum UI | CT4: 0 // 11089/H2.F1.D/PDP.02.01.02/2013 | CU4: 14-02-2012 // 07-10-2013 | CV4: KP.00.02/II.4/110/2012 | CW4: Dokter Spesialis Bedah Urologi UI | CX4: 18-01-2012 | CY4: KP.00.02/II.4/2728/2013 | CZ4: Dokter Umum UI | DA4: 26-07-2013 | DB4: Dicek Melalui Website KKI | DE4: 2021 | DF4: Benar SIP dokter dikeluarkan oleh UP PTSP Kec Cilandak | DG4: 210/-072.1 | DH4: 2021 | DK4: HK.02.03/VIII.2/15141/2019 | DL4: 24-10-2019 | DM4: 67.058.020.8-407.000 | DO4: 0 | DP4: 3275022811660005 | DQ4: Grand Prima Bintara Cluster D.26 Rt. 008/016 Kel. Bintara Kec. Bekasi Barat Bekasi | DS4: 08129232705 | DU4: 3 | DV4: Moderna | DY4: 3789/2022 | DZ4: 23-03-2022 | EA4: 18-02-2025 | EB4: 911913 | EC4: Dokter Spesialis | ED4: MANAJERIAL | EE4: Universitas Indonesia | EF4: Universitas Indonesia
A5: 3 | B5: Ni Ketut Rupini, SH, MARS | C5: PNS | D5: 196807241994032002 | F5: Non Jabfung | G5: =IF(F5="Ahli Madya",60,IF(F5="Ahli Utama",65,58)) -> 58 | H5: =DATE(YEAR(X5)+G5,MONTH(X5)+1,1) -> 46235 | J5: ASN | K5: PNS | L5: PNS | M5: P | N5: IV/c | O5: 4C | P5: 01-04-2018 | R5: 28 | S5: 0 | W5: Denpasar | X5: 24-07-1968 | Y5: =YEAR(NOW())-YEAR(X5) -> #VALUE! | Z5: =IF(AND(Y5>=21,Y5<=35),"21-35",IF(AND(Y5>35,Y5<=45),"36-45",IF(AND(Y5>45,Y5<=58),"46-58",IF(Y5>58,"Lebih dari 58",0)))) -> #VALUE! | AB5: Magister Administrasi Rumah Sakit | AC5: TENAGA NON MEDIS | AD5: NON MEDIS / ADMINISTRASI | AF5: NONMDS | AG5: A | AH5: A | AI5: S2 | AP5: Direksi | AQ5: 19-08-2021 | AR5: MANAJEMEN | AS5: MANAJEMEN | AT5: =_xlfn.IFNA(VLOOKUP(D5,'[1]5. 1 Mei 2022'!$C$7:$F$60,4,FALSE),"") | AU5: Direktur Keuangan dan Barang Milik Negara | AV5: Direktur Keuangan dan Barang Milik Negara | AW5: 19-08-2021 // 02-11-2022 | AX5: =AW5+1903 -> #VALUE! | AY5: Direktorat Keuangan dan Barang Milik Negara | AZ5: DIRKEU | BA5: Direktur Keuangan dan Barang Milik Negara | BD5: DIREKSI | BE5: MJ | BF5: Direktur Keuangan dan Barang Milik Negara | BG5: Pejabat Penandatanganan Surat Perintah Membayar (PP-SPM) | BH5: Plt Direktur Perencanan, Organisasi, dan Umum | BJ5: Direktur Keuangan dan Barang Milik Negara | BK5: =N5 -> IV/c | BL5: II.b | BV5: 20-08-2021 | BW5: =YEAR(NOW())-YEAR(BV5) -> #VALUE! | BX5: =DATEDIF(BV5,NOW(),"YM") -> #VALUE! | CA5: Hindu | CB5: Menikah | CD5: 1 | CR5: 1002 | DM5: 47.022.066.6-901.000 | DP5: 5104066407680001 | DQ5: Br. Bayad Kel. Kedisan Kec. Tegallalang Kab. Gianyar Bali | DS5: 081237923761 | DT5: niketutrupini@gmail.com | DU5: 3 | DV5: Moderna | EC5: Tenaga Non Medis Administrasi | ED5: MANAJERIAL
A6: 4 | B6: Dr. Dra. Vivi Lisdawati, M.Si, Apt | C6: PNS | D6: 196811181996032001 | F6: Non Jabfung | G6: =IF(F6="Ahli Madya",60,IF(F6="Ahli Utama",65,58)) -> 58 | H6: =DATE(YEAR(X6)+G6,MONTH(X6)+1,1) -> 46357 | J6: ASN | K6: PNS | L6: PNS | M6: P | N6: IV/c | O6: 4C | P6: 01-10-2020 | R6: 24 | S6: 7 | W6: Padang | X6: 18-11-1968 | Y6: =YEAR(NOW())-YEAR(X6) -> #VALUE! | Z6: =IF(AND(Y6>=21,Y6<=35),"21-35",IF(AND(Y6>35,Y6<=45),"36-45",IF(AND(Y6>45,Y6<=58),"46-58",IF(Y6>58,"Lebih dari 58",0)))) -> #VALUE! | AB6: Doktor + Magister | AC6: TENAGA NON MEDIS | AD6: NON MEDIS / ADMINISTRASI | AF6: TKL | AG6: A | AH6: A | AI6: S3 | AJ6: 0706310160 | AK6: NC.10-007669 | AL6: 09-08-2011 | AM6: Universitas Indonesia | AP6: Direksi | AQ6: 10-02-2022 | AR6: MANAJEMEN | AS6: MANAJEMEN | AT6: =_xlfn.IFNA(VLOOKUP(D6,'[1]5. 1 Mei 2022'!$C$7:$F$60,4,FALSE),"") | AU6: Direktur SDM, Pendidikan dan Penelitian | AV6: Direktur SDM, Pendidikan dan Penelitian | AW6: 10-02-2022 | AX6: =AW6+1903 -> 46505 | AY6: Direktorat SDM, Pendidikan dan Penelitian | AZ6: DIRSDM | BA6: Direktur SDM, Pendidikan dan Penelitian | BD6: DIREKSI | BE6: MJ | BF6: Direktur SDM, Pendidikan dan Penelitian | BJ6: Direktur SDM, Pendidikan, dan Penelitian | BK6: =N6 -> IV/c | BL6: II.b | BQ6: Pembebasan Sementara dari Jabatan Fungsional Peneliti Madya | BR6: 01-03-2015 | BV6: 10-02-2022 | BW6: =YEAR(NOW())-YEAR(BV6) -> 1 | BX6: =DATEDIF(BV6,NOW(),"YM") -> 6 | CA6: Islam | CB6: Menikah | CD6: 1 | CE6: Menanggung | DM6: 06.689.277.9-031.000 | DP6: 3173070308650005 | DS6: 0818953717 | EC6: Tenaga Non Medis Administrasi | ED6: MANAJERIAL
A7: 5 | B7: Ahmad Subhan, Apt, M.Si | C7: K2010061064 | D7: 197904172010121001 | F7: Ahli Madya | G7: =IF(F7="Ahli Madya",60,IF(F7="Ahli Utama",65,58)) -> 60 | H7: =DATE(YEAR(X7)+G7,MONTH(X7)+1,1) -> 50891 | J7: ASN | K7: PNS | L7: PNS | M7: L | N7: IV/a | O7: 4A | P7: 01-10-2020 | R7: 10 | S7: 0 | U7: 1740 | V7: Q 102174 | W7: Lamongan | X7: 17-04-1979 | Y7: =YEAR(NOW())-YEAR(X7) -> #VALUE! | Z7: =IF(AND(Y7>=21,Y7<=35),"21-35",IF(AND(Y7>35,Y7<=45),"36-45",IF(AND(Y7>45,Y7<=58),"46-58",IF(Y7>58,"Lebih dari 58",0)))) -> #VALUE! | AB7: S2 Farmasi Klinik | AC7: TENAGA KESEHATAN LAIN | AD7: TENAGA KESEHATAN LAIN | AF7: TKL | AG7: A | AH7: C | AI7: S2 | AJ7: 16372/PS/MFK/05 | AK7: 1089/M.Si./08 | AL7: 24-01-2008 | AM7: Universitas Gajah Mada Yogyakarta | AP7: Instalasi Pengelolaan Inovasi dan Kekayaan Intelektual | AQ7: 14-02-2022 | AR7: MANAJEMEN | AS7: MANAJEMEN | AT7: =_xlfn.IFNA(VLOOKUP(D7,'[1]5. 1 Mei 2022'!$C$7:$F$60,4,FALSE),"") | AU7: Kepala Instalasi | AV7: Kepala Instalasi Pengelolaan Inovasi dan Kekayaan Intelektual | AW7: 14-02-2022 | AX7: =AW7+1903 -> 46509 | AY7: Direktorat SDM, Pendidikan dan Penelitian | AZ7: IPIKI | BA7: Instalasi Pengelolaan Inovasi dan Kekayaan Intelektual | BD7: KA_INST | BE7: MJ | BF7: Kepala Instalasi Pengelolaan Inovasi dan Kekayaan Intelektual | BI7: APT | BJ7: Apoteker Ahli Madya | BK7: =N7 -> IV/a | BL7: JFT | BP7: - | BQ7: Apoteker Ahli Madya | BR7: 01-08-2020 | BS7: 450.3520 | BT7: 01-12-2010 | BU7: 01-04-2012 | BV7: 01-06-2010 | BW7: =YEAR(NOW())-YEAR(BV7) -> 13 | BX7: =DATEDIF(BV7,NOW(),"YM") -> 3 | CA7: Islam | CB7: Menikah | CC7: 1 | CD7: 1 | CE7: Menanggung | CL7: 19790417/STRA-UII/2004/11839 | CM7: 17-04-2026 | CN7: 126 | CO7: 32/B.19/31.74.06.1001.05.023.S.2.a.b/3/-1.779.3/e/2021 | CP7: 17-04-2026 | CQ7: 126 | CR7: 4350 | CS7: Benar Lulusan S2 Farmasi Klinik UGM | CV7: KP.00.02/II.4/2960/2012 | CW7: S2 Farmasi Klinis UGM | CX7: 29-10-2012 | DB7: Benar STRA dikeluarkan oleh Komite Farmasi Nasional | DC7: UM.01.05/KF/348/2019 | DD7: 25-09-2019 | DE7: 2021 | DI7: HK.02.03/VIII.2/11705/2019 | DJ7: 04-09-2019 | DM7: 67.868.601.5-542.000 | DO7: 3273291501140004 | DP7: 3404121704790001 | DQ7: Cluster Kilimanjaro No. 167 - 169 Pinus Regency Rt. 003 / 008 Kel. Babakan Penghulu Kec. Cinambo Bandung | DR7: Tamansari Puri Bali Blok J5 No.5 Curug Depok | DS7: 081316018687 | DT7: apt.asubhan@gmail.com | DU7: 3 | DV7: Moderna | DY7: 1407/2022 | DZ7: 20-12-2021 | EA7: 17-04-2025 | EB7: 0 | EC7: Tenaga Profesional Lainnya | ED7: MANAJERIAL
A8: 6 | B8: Ali Syahrul Chairuman, SKM, M.KKK | C8: 140333454 | D8: 197310201997031002 | F8: Ahli Muda | G8: =IF(F8="Ahli Madya",60,IF(F8="Ahli Utama",65,58)) -> 58 | H8: =DATE(YEAR(X8)+G8,MONTH(X8)+1,1) -> 48153 | J8: ASN | K8: PNS | L8: PNS | M8: L | N8: III/c | O8: 3C | P8: 01-10-2014 | R8: 22 | S8: 0 | U8: 1396 | W8: Jakarta | X8: 20-10-1973 | Y8: =YEAR(NOW())-YEAR(X8) -> #VALUE! | Z8: =IF(AND(Y8>=21,Y8<=35),"21-35",IF(AND(Y8>35,Y8<=45),"36-45",IF(AND(Y8>45,Y8<=58),"46-58",IF(Y8>58,"Lebih dari 58",0)))) -> #VALUE! | AB8: Magister Keselamatan dan Kesehatan Kerja | AC8: TENAGA KESEHATAN LAIN | AD8: TENAGA KESEHATAN LAIN | AF8: TKL | AG8: A | AH8: C | AI8: S2 | AJ8: 1206300100 | AK8: NC.12-019092 | AL8: 17-07-2014 | AM8: Universitas Indonesia | AP8: Instalasi Kesehatan Lingkungan dan K3 Rumah Sakit | AQ8: 14-02-2022 | AR8: MANAJEMEN | AS8: MANAJEMEN | AT8: =_xlfn.IFNA(VLOOKUP(D8,'[1]5. 1 Mei 2022'!$C$7:$F$60,4,FALSE),"") | AU8: Kepala Instalasi | AV8: Kepala Instalasi Kesehatan Lingkungan dan K3 Rumah Sakit | AW8: 14-02-2022 | AX8: =AW8+1903 -> 46509 | AY8: Direktorat Perencanaan, Organisasi, dan Umum | AZ8: K3 | BA8: Instalasi Kesehatan Lingkungan dan K3 Rumah Sakit | BD8: KA_INST | BE8: MJ | BF8: Kepala Instalasi Kesehatan Lingkungan dan K3 Rumah Sakit | BJ8: Pembimbing Kesehatan Kerja Ahli Muda | BK8: =N8 -> III/c | BL8: JFT | BP8: - | BQ8: Pembimbing Kesehatan Kerja Ahli Muda | BR8: 01-12-2018 | BS8: 261 | BT8: 01-03-1997 | BV8: 01-02-1995 | BW8: =YEAR(NOW())-YEAR(BV8) -> 28 | BX8: =DATEDIF(BV8,NOW(),"YM") -> 3 | CA8: Islam | CB8: Menikah | CC8: 3 | CD8: 1 | CE8: Menanggung | CG8: 2008 | CL8: 122781118-1584822 | CM8: 20-10-2023 | CN8: 123 | CO8: 0 | CP8: 0 | CQ8: 0 | CR8: 3922 | CS8: Benar lulusan Sarjana Kesehatan Masyarakat UI // Dicek Melalui Forlap Dikti (S2) | CT8: 1031/H2.F10/PPM.00.00/2014 | CU8: 18-02-2014 | CV8: KP.00.02/II.4/2962/2012 // KP.00.02/II.4/317/2014 | CW8: D3 Teknik Radiologi Poltekkes Jakarta II // S1 Kesehatan Masyarakat UI | CX8: 29-10-2012 // 10-01-2014 | DM8: 69.934.801.7-412.000 | DO8: 0 | DP8: 3276032010730005 | DQ8: Pasir Putih Rt. 006 / 004 Kel. Pasir Putih Kec. Sawangan Kota Depok | DS8: 081288925272 | DT8: alisyachrul@gmail.com | DU8: 3 | DV8: Moderna | DY8: 14067/2022 | DZ8: 03-10-2022 | EA8: 20-10-2025 | EB8: 17813 | EC8: Tenaga Profesional Lainnya | ED8: MANAJERIAL
A9: 7 | B9: Anisah, A.Md | C9: 140375340 | D9: 197407262007012009 | F9: Mahir | G9: =IF(F9="Ahli Madya",60,IF(F9="Ahli Utama",65,58)) -> 58 | H9: =DATE(YEAR(X9)+G9,MONTH(X9)+1,1) -> 48427 | J9: ASN | K9: PNS | L9: PNS | M9: P | N9: III/b | O9: 3B | P9: 01-10-2022 | Q9: KP.02.01/5/21486/2022 | R9: 22 | S9: 8 | U9: 1518 | V9: P 177587 | W9: Jakarta | X9: 26-07-1974 | Y9: =YEAR(NOW())-YEAR(X9) -> #VALUE! | Z9: =IF(AND(Y9>=21,Y9<=35),"21-35",IF(AND(Y9>35,Y9<=45),"36-45",IF(AND(Y9>45,Y9<=58),"46-58",IF(Y9>58,"Lebih dari 58",0)))) -> #VALUE! | AB9: D3 Rekam Medis dan Informasi Kesehatan | AC9: TENAGA KESEHATAN LAIN | AD9: TENAGA KESEHATAN LAIN | AF9: TKL | AG9: C | AH9: C | AI9: D3 | AJ9: 2008-36-047 | AK9: 0457/N36/UEU-08757/04/2011 | AL9: 26-05-2011 | AM9: Universitas Esa Unggul | AP9: Instalasi Rekam Medik | AR9: MANAJEMEN | AS9: MANAJEMEN | AT9: =_xlfn.IFNA(VLOOKUP(D9,'[1]5. 1 Mei 2022'!$C$7:$F$60,4,FALSE),"") | AU9: Kepala Instalasi | AV9: Kepala Instalasi Rekam Medik | AW9: 14-02-2022 | AX9: =AW9+1903 -> 46509 | AY9: Direktorat Pelayanan Medik, Keperawatan, dan Penunjang | AZ9: IRMEDIK | BA9: Instalasi Rekam Medik | BD9: KA_INST | BE9: MJ | BF9: Kepala Instalasi Rekam Medik | BI9: PRM | BJ9: Perekam Medis Mahir | BK9: =N9 -> III/b | BL9: JFT | BP9: - | BQ9: Perekam Medis Mahir | BR9: 1 Juli 2022 | BS9: 156.469 | BT9: 01-01-2007 | BV9: 01-02-1995 | BW9: =YEAR(NOW())-YEAR(BV9) -> 28 | BX9: =DATEDIF(BV9,NOW(),"YM") -> 3 | BZ9: 011086 LL | CA9: Islam | CB9: Menikah | CC9: 2 | CD9: 1 | CE9: Menanggung | CL9: 121052222-4392613 | CM9: 26-07-2027 | CN9: 127 | CO9: 29/B.33/31.74.06.1001.05.023.S.2/3/-1.779.3/e/2022 | CP9: 26-07-2027 | CQ9: 127 | CR9: 5199 | CS9: Benar lulusan D3 Rekam Medis Universitas Esa Unggul | CU9: 12-11-2012 | CV9: KP.00.02/II.4/2875/2012 | CW9: D3 Rekam Medis Univ Esa Unggul | CX9: 18-10-2012 | DB9: Benar STR Tenaga Perekam Medis dan Informasi Kesehatan dikeluarkan oleh Majelis Tenaga Kesehatan Indonesia | DD9: 06-09-2013 | DI9: HK.02.03/VIII.2/12142/2019 | DJ9: 16-09-2019 | DM9: 87.499.527.7-016.000 | DO9: 0 | DP9: 3174066607740002 | DQ9: Jl. Lebak Bulus II / 22 Rt. 006/004 Kel. Cilandak Barat Kec. Cilandak Jakarta Selatan | DS9: 081510852867 | DT9: anisahtarja@gmail.com | DU9: 3 | DV9: Moderna | DY9: 16329/2018 | DZ9: 31-12-2018 | EB9: 0 | EC9: Tenaga Profesional Lainnya | ED9: MANAJERIAL
A10: 8 | B10: Didi Nurhadi, S.Sos | C10: 197708042008121003 | D10: 197708042008121003 | F10: Non Jabfung | G10: =IF(F10="Ahli Madya",60,IF(F10="Ahli Utama",65,58)) -> 58 | H10: =DATE(YEAR(X10)+G10,MONTH(X10)+1,1) -> 49553 | J10: ASN | K10: PNS | L10: PNS | M10: L | N10: III/c | O10: 3C | P10: 01-04-2022 | R10: 20 | S10: 0 | U10: 414 | V10: P 202991 | W10: Jakarta | X10: 04-08-1977 | Y10: =YEAR(NOW())-YEAR(X10) -> 46 | Z10: =IF(AND(Y10>=21,Y10<=35),"21-35",IF(AND(Y10>35,Y10<=45),"36-45",IF(AND(Y10>45,Y10<=58),"46-58",IF(Y10>58,"Lebih dari 58",0)))) -> 46-58 | AB10: S1 Administrasi Niaga | AC10: TENAGA NON MEDIS | AD10: NON MEDIS / ADMINISTRASI | AF10: NONMDS | AG10: D | AH10: D | AI10: S1 | AJ10: 12.0910.10249 | AK10: No. 12.048.77.122.11 | AL10: 28-02-2011 | AM10: STISIP Bekasi | AP10: Instalasi Verifikasi dan Penjamin Pasien | AQ10: 01-09-2019 | AR10: MANAJEMEN | AS10: MANAJEMEN | AT10: =_xlfn.IFNA(VLOOKUP(D10,'[1]5. 1 Mei 2022'!$C$7:$F$60,4,FALSE),"") | AU10: Kepala Instalasi | AV10: Kepala Instalasi Verifikasi dan Penjamin Pasien | AW10: 14-02-2022 | AX10: =AW10+1903 -> 46509 | AY10: Direktorat Keuangan dan Barang Milik Negara | AZ10: IVPP | BA10: Instalasi Verifikasi dan Penjamin Pasien | BD10: KA_INST | BE10: MJ | BF10: Kepala Instalasi Verifikasi dan Penjamin Pasien | BJ10: Pengadministrasi Umum | BK10: =N10 -> III/c | BL10: JFU | BP10: - | BT10: 01-12-2008 | BU10: 01-06-2010 | BV10: 01-06-1997 | BW10: =YEAR(NOW())-YEAR(BV10) -> 26 | BX10: =DATEDIF(BV10,NOW(),"YM") -> 3 | CA10: Islam | CB10: Menikah | CC10: 3 | CD10: 1 | CE10: Menanggung | CR10: 3049 | CV10: KP.00.02/II.4/6507/2016 | CW10: S1 Ilmu Administrasi Niaga STISIP Bekasi | CX10: 10-11-2016 | DM10: 87.499.489.0-016.000 | DO10: 3174061601096001 | DP10: 3174060408770009 | DQ10: Jl Wijaya Kusuma No.57 A RT 009 RW 004 Pondok Labu Cilandak Jakarta Selatan | DS10: 085711800118 | DU10: 3 | DV10: Moderna | EB10: 0 | EC10: Tenaga Non Medis | ED10: MANAJERIAL
A11: 9 | B11: dr. Dany K Ramdhan, Sp.B.S | C11: K20110110110 | D11: 197409132014121001 | F11: Ahli Muda | G11: =IF(F11="Ahli Madya",60,IF(F11="Ahli Utama",65,58)) -> 58 | H11: =DATE(YEAR(X11)+G11,MONTH(X11)+1,1) -> 48488 | J11: ASN | K11: PNS | L11: PNS | M11: L | N11: III/d | O11: 3D | P11: 01-10-2022 | Q11: KP.02.01/5/21528/2022 | R11: 14 | S11: 9 | U11: 59 | V11: B 00014562 | W11: Purwakarta | X11: 13-09-1974 | Y11: =YEAR(NOW())-YEAR(X11) -> #VALUE! | Z11: =IF(AND(Y11>=21,Y11<=35),"21-35",IF(AND(Y11>35,Y11<=45),"36-45",IF(AND(Y11>45,Y11<=58),"46-58",IF(Y11>58,"Lebih dari 58",0)))) -> #VALUE! | AB11: Dokter Spesialis Bedah Saraf | AC11: DOKTER SPESIALIS | AD11: TENAGA MEDIS | AE11: KSM Bedah Saraf | AF11: MDS | AG11: A | AH11: A | AI11: FELLOW / MS | AJ11: 4104190011 | AK11: 0020/Sp-FK/2/2010 | AL11: 12-08-2010 | AM11: Universitas Indonesia | AP11: Instalasi Bedah Sentral | AQ11: 11-03-2019 | AR11: MANAJEMEN | AS11: MANAJEMEN | AT11: =_xlfn.IFNA(VLOOKUP(D11,'[1]5. 1 Mei 2022'!$C$7:$F$60,4,FALSE),"") | AU11: Kepala Instalasi | AV11: Kepala Instalasi Bedah Sentral | AW11: 14-02-2022 | AX11: =AW11+1903 -> 46509 | AY11: Direktorat Pelayanan Medik, Keperawatan, dan Penunjang | AZ11: IBS | BA11: Instalasi Bedah Sentral | BD11: KA_INST | BE11: MJ | BF11: Kepala Instalasi Bedah Sentral | BI11: DR | BJ11: Dokter Ahli Muda | BK11: =N11 -> III/d | BL11: JFT | BQ11: Dokter Ahli Muda | BR11: 1 Juli 2022 | BS11: 304.57 | BT11: 01-12-2014 | BU11: 01-05-2016 | BV11: 01-01-2011 | BW11: =YEAR(NOW())-YEAR(BV11) -> 12 | BX11: =DATEDIF(BV11,NOW(),"YM") -> 3 | BZ11: AB 00033267 | CA11: Islam | CB11: Menikah | CC11: 2 | CD11: 1 | CE11: Menanggung | CL11: 3111105420079575 | CM11: 13-09-2026 | CN11: 126 | CO11: 116/B.15B/31.74.06.1001.05.023.S.2.a.b/3/-1.779.3/e/2020 | CP11: 13-09-2026 | CQ11: 126 | CR11: 2258 | CS11: Benar Lulusan Sp1 FKUI // Benar lulusan Dokter Umum UI | CT11: 0 // 11089/H2.F1.D/PDP.02.01.02/2013 | CU11: 14-02-2012 // 07-10-2013 | CV11: KP.00.02/II.4/110/2012 | CW11: Dokter Spesialis Bedah Syaraf UI | CX11: 18-01-2012 | CY11: KP.00.02/II.4/2728/2013 | CZ11: Dokter Umum UI | DA11: 26-07-2013 | DB11: Benar STR Dokter dikeluarkan oleh Konsil Kedokteran Indonesia | DC11: KD.01.01/02/KKI/IX/4754/2016 | DD11: 29-09-2016 | DE11: 2020 | DF11: Benar SIP dokter dikeluarkan oleh UP PTSP Kec Cilandak | DG11: 210/-072.1 | DH11: 2020 | DI11: KP.00.02/II.4/5142/2016 | DJ11: 23-08-2016 | DK11: HK.02.03/VIII.2/15141/2019 | DL11: 24-10-2019 | DM11: 24.936.517.0-023.000 | DO11: 3275102101110021 | DP11: 3275101309740002 | DQ11: Jl. Leme Silaturahim Residen No.10 Rt.02 Rw.05 Kel.Jatikarya Kec.Jatisampurna | DR11: JL. Kenanga Raya No. 186 RT 02/05 Kel Depok Jaya Kec Pancoran Mas Depok 16432 | DS11: 081908728774 | DT11: danykur@gmail.com | DU11: 3 | DV11: Moderna | DY11: HK.01.07/VIII.2/1734/2019 | DZ11: 28-01-2019 | EB11: 1330941 | EC11: Dokter Spesialis | ED11: MANAJERIAL | EE11: Universitas Indonesia | EF11: Universitas Indonesia
A12: 10 | B12: dr. Dieby Adrisyel, Sp.Rad | C12: K2018011003 | D12: 202005198304111024 | F12: Non Jabfung | G12: =IF(F12="Ahli Madya",60,IF(F12="Ahli Utama",65,58)) -> 58 | H12: =DATE(YEAR(X12)+G12,MONTH(X12)+1,1) -> 51622 | I12: 919830411201801102 | J12: NON ASN | K12: Pegawai Tetap BLU | L12: PEG TETAP BLU | M12: L | N12: III/b | O12: 3B | P12: 01-05-2020 | U12: K-888 | W12: Lubuk Alung | X12: 11-04-1983 | Y12: =YEAR(NOW())-YEAR(X12) -> 40 | Z12: =IF(AND(Y12>=21,Y12<=35),"21-35",IF(AND(Y12>35,Y12<=45),"36-45",IF(AND(Y12>45,Y12<=58),"46-58",IF(Y12>58,"Lebih dari 58",0)))) -> 36-45 | AB12: Dokter Spesialis Radiologi + Konsultan Radiologi Intervensi | AC12: DOKTER SPESIALIS KONSULTAN | AD12: TENAGA MEDIS | AE12: KSM Radiologi | AF12: MDS | AG12: A | AH12: A | AI12: KONSULTAN | AJ12: 131521120010 | AK12: UN6.0025422/C21.003502 | AL12: 04-06-2016 | AM12: Universitas Padjadjaran + Kolegium Radiologi Indonesia | AO12: 20-09-2022 | AP12: Instalasi Radiologi Terpadu | AQ12: 14-02-2022 | AR12: MANAJEMEN | AS12: MANAJEMEN | AT12: =_xlfn.IFNA(VLOOKUP(D12,'[1]5. 1 Mei 2022'!$C$7:$F$60,4,FALSE),"") | AU12: Kepala Instalasi | AV12: Kepala Instalasi Radiologi Terpadu | AW12: 14-02-2022 // 30-09-2022 | AX12: =AW12+1903 -> #VALUE! | AY12: Direktorat Pelayanan Medik, Keperawatan, dan Penunjang | AZ12: I_RADIOLOGI | BA12: Instalasi Radiologi Terpadu | BD12: KA_INST | BE12: MDS | BF12: Kepala Instalasi Radiologi Terpadu | BG12: Pelaksana Harian Kepala Instalasi Rehabilitasi Medik | BJ12: 0 | BK12: =N12 -> III/b | BV12: 01-01-2018 | BW12: =YEAR(NOW())-YEAR(BV12) -> 5 | BX12: =DATEDIF(BV12,NOW(),"YM") -> 3 | BY12: 01-05-2020 | CA12: Islam | CB12: Menikah | CC12: 3 | CD12: 1 | CL12: 3211503321105297 | CM12: 11-04-2027 | CN12: 127 | CO12: 26/B.15B/31.74.06.1001.05.023.S.2/3/-1.779.3/e/2022 | CP12: 11-04-2027 | CQ12: 127 | CR12: 2401 | CS12: Benar Lulusan Dokter umum Universitas YARSI // Sp1 Dicek Melalui Forlap Dikti | CT12: 2312/DEK/BIA/X/2017 | CU12: 26-10-2017 | CV12: KP.02.01/II.4/4206/2017 // KP.02.01/II.4/4081/2017 | CW12: Sp1 Universitas Padjadjaran // Sp1 Universitas Padjadjaran | CX12: 17-10-2017 // 09-10-2017 | CY12: KP.02.01/II.4/4243/2017 | CZ12: Dokter Umum Universitas YARSI | DA12: 19-10-2017 | DB12: Dicek Melalui Website | DE12: 2022 | DF12: Benar SIP dokter dikeluarkan oleh UP PTSP Kec Cilandak | DG12: 210/-072.1 | DH12: 2022 | DK12: HK.02.03/VIII.2/15141/2019 | DL12: 24-10-2019 | DM12: 15.369.344.8-215.000 | DP12: 2171091104830001 | DQ12: Jl. Sawo No.56 RT.007 RW.002 Kel. Cipete Utara Kec. Kebayoran Baru Jakarta Selatan | DS12: 081298701437 | DT12: adrisyel.adri@gmail.com | DU12: 3 | DV12: Moderna | DY12: D.XXI/284/2023 | DZ12: 03-03-2023 | EA12: 03-03-2026 | EB12: 0 | EC12: Dokter Spesialis | ED12: MANAJERIAL | EE12: Universitas YARSI | EF12: Universitas Padjadjaran
A13: 11 | B13: dr. Jerry Nasarudin, Sp.PD, FINASIM | C13: K2018021001 | D13: 198510212019021001 | F13: Ahli Muda | G13: =IF(F13="Ahli Madya",60,IF(F13="Ahli Utama",65,58)) -> 58 | H13: =DATE(YEAR(X13)+G13,MONTH(X13)+1,1) -> 52536 | J13: ASN | K13: PNS | L13: PNS | M13: L | N13: III/c | O13: 3C | P13: 01-04-2023 | Q13: KP.02.01/A/19185/2023 | R13: 4 | S13: 2 | U13: 133 | V13: B 00051256 | W13: Jakarta | X13: 21-10-1985 | Y13: =YEAR(NOW())-YEAR(X13) -> #VALUE! | Z13: =IF(AND(Y13>=21,Y13<=35),"21-35",IF(AND(Y13>35,Y13<=45),"36-45",IF(AND(Y13>45,Y13<=58),"46-58",IF(Y13>58,"Lebih dari 58",0)))) -> #VALUE! | AB13: Dokter Spesialis Penyakit Dalam | AC13: DOKTER SPESIALIS | AD13: TENAGA MEDIS | AE13: KSM Penyakit Dalam | AF13: MDS | AG13: A | AH13: A | AI13: FELLOW / MS | AJ13: 1006824371 | AK13: NC.16-002191 | AL13: 05-02-2016 | AM13: Universitas Indonesia | AP13: Instalasi Rawat Inap | AQ13: 14-02-2022 | AR13: MANAJEMEN | AS13: MANAJEMEN | AT13: =_xlfn.IFNA(VLOOKUP(D13,'[1]5. 1 Mei 2022'!$C$7:$F$60,4,FALSE),"") | AU13: Kepala Instalasi | AV13: Kepala Instalasi Rawat Inap | AW13: 14-02-2022 | AX13: =AW13+1903 -> 46509 | AY13: Direktorat Pelayanan Medik, Keperawatan, dan Penunjang | AZ13: IRINAP | BA13: Instalasi Rawat Inap | BB13: IRNA | BD13: KA_INST | BE13: MDS | BF13: Kepala Instalasi Rawat Inap | BI13: DR | BJ13: Dokter Ahli Pertama | BK13: =N13 -> III/c | BL13: JFT | BQ13: Dokter Ahli Muda | BR13: 01-11-2022 | BS13: 205.6560. | BT13: 01-02-2019 | BU13: 01-02-2020 | BV13: 01-02-2018 | BW13: =YEAR(NOW())-YEAR(BV13) -> 5 | BX13: =DATEDIF(BV13,NOW(),"YM") -> 3 | BZ13: AB 00037616 | CA13: Islam | CB13: Menikah | CC13: 1 | CD13: 1 | CL13: 3111401421099138 | CM13: 21-10-2026 | CN13: 126 | CO13: 145/B.15B/31.74.06.1001.05.023.S.2.a.b/3/-1.779.3/e/2021 | CP13: 21-10-2026 | CQ13: 126 | CR13: 2403 | CS13: Dokter Umum dicek Melalui Forlap Dikti // Benar Lulusan Sp1 UI // Benar Lulusan Sp1 UI | CT13: 0 // 13515/UN2.F1.D1.1/PDP.00.06/2017 // 10734/UN2.F1.D1.1/PDP.00.06/2017 | CU13: 0 // 02-11-2017 // 05-09-2017 | CV13: KP.02.01/II.4/3728/2017 | CW13: Sp1 UI | CX13: 12-09-2017 | CY13: KP.02.01/II.4/4242/2017 | CZ13: Dokter Umum UI | DA13: 19-10-2017 | DB13: Dicek Melalui Website KKI | DE13: 2021 | DF13: Benar SIP dokter dikeluarkan oleh UP PTSP Kec Cilandak | DG13: 210/-072.1 | DH13: 2021 | DK13: HK.02.03/VIII.2/15141/2019 | DL13: 24-10-2019 | DM13: 59.022.028.1.045.000 | DP13: 3172032110850012 | DQ13: Jl. Mantang Blok L.GG IV/21 RT.006 RW.012 Kel. Lagoa Kec. Koja Jakarta Utara | DR13: Jl. Minang L4 No.21 Koja Jakarta Utara | DS13: 081288202354 | DT13: jerrynasarudin@gmail.com | DU13: 3 | DV13: Moderna | DY13: HK.01.07/VIII.2/3004/2019 | DZ13: 25-02-2019 | EB13: 1451366 | EC13: Dokter Spesialis | ED13: MANAJERIAL | EE13: Universitas Indonesia | EF13: Universitas Indonesia
A14: 12 | B14: dr. Kumalayanti Kamaludin | C14: K2012092037 | D14: 197710162014122001 | F14: Ahli Muda | G14: =IF(F14="Ahli Madya",60,IF(F14="Ahli Utama",65,58)) -> 58 | H14: =DATE(YEAR(X14)+G14,MONTH(X14)+1,1) -> 49614 | J14: ASN | K14: PNS | L14: PNS | M14: P | N14: III/d | O14: 3D | P14: 01-04-2022 | Q14: KP.02.01/2/8082/2022 | R14: 12 | S14: 7 | U14: 479 | V14: B 00014560 | W14: Jakarta | X14: 16-10-1977 | Y14: =YEAR(NOW())-YEAR(X14) -> #VALUE! | Z14: =IF(AND(Y14>=21,Y14<=35),"21-35",IF(AND(Y14>35,Y14<=45),"36-45",IF(AND(Y14>45,Y14<=58),"46-58",IF(Y14>58,"Lebih dari 58",0)))) -> #VALUE! | AB14: Dokter Umum | AC14: DOKTER UMUM | AD14: TENAGA MEDIS | AE14: KSM Umum | AF14: MDS | AG14: A | AH14: A | AI14: S1 | AJ14: 1101996089 | AK14: 1432/FK/REK/VIII/2004 | AL14: 10-08-2004 | AM14: Universitas Yarsi | AP14: Instalasi Sistem Informasi Manajemen Rumah Sakit | AQ14: 14-02-2022 | AR14: MANAJEMEN | AS14: MANAJEMEN | AT14: =_xlfn.IFNA(VLOOKUP(D14,'[1]5. 1 Mei 2022'!$C$7:$F$60,4,FALSE),"") | AU14: Kepala Instalasi | AV14: Kepala Instalasi Sistem Informasi Manajemen Rumah Sakit | AW14: 14-02-2022 | AX14: =AW14+1903 -> 46509 | AY14: Direktorat Perencanaan, Organisasi, dan Umum | AZ14: ISIRS | BA14: Instalasi Sistem Informasi Manajemen Rumah Sakit | BD14: KA_INST | BE14: MJ | BF14: Kepala Instalasi Sistem Informasi Manajemen Rumah Sakit | BI14: DR | BJ14: Dokter Ahli Muda | BK14: =N14 -> III/d | BL14: JFT | BP14: - | BQ14: Dokter Ahli Muda | BR14: 01-12-2021 | BS14: 304.9240 | BT14: 01-12-2014 | BU14: 01-05-2016 | BV14: 01-09-2009 | BW14: =YEAR(NOW())-YEAR(BV14) -> 14 | BX14: =DATEDIF(BV14,NOW(),"YM") -> 3 | BZ14: BB 00006683 | CA14: Islam | CB14: Menikah | CC14: 1 | CD14: 1 | CE14: Menanggung | CL14: 3121100422033841 | CM14: 16-10-2028 | CN14: 128 | CO14: 121/B.15A/31.74.06.1001.23.SPU-1.d/4/-1.779.3/e/2022 | CP14: 16-10-2028 | CQ14: 128 | CR14: 2218 | CS14: Benar lulusan Fakultas Kedokteran YARSI | CU14: 20-11-2012 | CY14: KP.00.02/II.4/2811/2012 | CZ14: Dokter Umum Universitas YARSI | DA14: 15-10-2012 | DB14: Dicek Melalui Website KKI | DE14: 2022 | DF14: Benar SIP dokter dikeluarkan oleh Suku Dinas Kesehatan Jakarta Selatan | DG14: 931/-1.777.11 | DH14: 41313 | DI14: KP.00.02/II.4/4140/2013 | DJ14: 10-12-2013 | DK14: HK.02.03/VIII.2/9541/2019 | DL14: 29-07-2019 | DM14: 49.280.376.2-016.000 | DO14: 0 | DP14: 3174065610770001 | DQ14: Jl. Poncol Jaya II No. 15 Rt. 08 / 06 Kel. Gandaria Selatan Kec. Cilandak Jakarta Selatan | DS14: 085880860071 | DT14: kumala77@gmail.com | DU14: 3 | DV14: Moderna | DY14: 10588/2022 | DZ14: 44771 | EA14: 45867 | EB14: 961288 | EC14: Tenaga Non Medis | ED14: MANAJERIAL
A15: 13 | B15: dr. Lidya Utami, Sp.PK (K) | C15: K20110320134 | D15: 197912082014122003 | F15: Ahli Muda | G15: =IF(F15="Ahli Madya",60,IF(F15="Ahli Utama",65,58)) -> 58 | H15: =DATE(YEAR(X15)+G15,MONTH(X15)+1,1) -> 50406 | J15: ASN | K15: PNS | L15: PNS | M15: P | N15: III/d | O15: 3D | P15: 01-04-2022 | Q15: KP.02.01/2/8083/2022 | R15: 11 | S15: 1 | U15: 581 | V15: B 00038245 | W15: Bandung | X15: 08-12-1979 | Y15: =YEAR(NOW())-YEAR(X15) -> 44 | Z15: =IF(AND(Y15>=21,Y15<=35),"21-35",IF(AND(Y15>35,Y15<=45),"36-45",IF(AND(Y15>45,Y15<=58),"46-58",IF(Y15>58,"Lebih dari 58",0)))) -> 36-45 | AB15: Dokter Spesialis Patologi Klinik + Konsultan Hematologi | AC15: DOKTER SPESIALIS KONSULTAN | AD15: TENAGA MEDIS | AE15: KSM Patologi Klinik | AF15: MDS | AG15: A | AH15: A | AI15: KONSULTAN | AJ15: 4104162034 | AK15: 0108/Sp-FK/2/2010 | AL15: 12-08-2010 | AM15: Universitas Indonesia | AN15: Konsultan Hematologi | AO15: 25-11-2016 | AP15: Instalasi Laboratorium | AQ15: 11-03-2019 | AR15: MANAJEMEN | AS15: MANAJEMEN | AT15: =_xlfn.IFNA(VLOOKUP(D15,'[1]5. 1 Mei 2022'!$C$7:$F$60,4,FALSE),"") | AU15: Kepala Instalasi | AV15: Kepala Instalasi Laboratorium | AW15: 14-02-2022 | AX15: =AW15+1903 -> 46509 | AY15: Direktorat Pelayanan Medik, Keperawatan, dan Penunjang | AZ15: I_LABORATORIUM | BA15: Instalasi Laboratorium | BD15: KA_INST | BE15: MJ | BF15: Kepala Instalasi Laboratorium | BI15: DR | BJ15: Dokter Ahli Muda | BK15: =N15 -> III/d | BL15: JFT | BQ15: Dokter Ahli Muda | BR15: 01-12-2021 | BS15: 312.7810 | BT15: 01-12-2014 | BU15: 01-05-2016 | BV15: 01-03-2011 | BW15: =YEAR(NOW())-YEAR(BV15) -> 12 | BX15: =DATEDIF(BV15,NOW(),"YM") -> 3 | BZ15: BB 00006678 | CA15: Kristen Protestan | CB15: Menikah | CC15: 1 | CD15: 1 | CE15: Menanggung | CL15: 312150200420031548 | CM15: 08-12-2025 | CN15: 125 | CO15: 88/B.15B/31.74.06.1001.05.023.S.2.a.b/3/-1.779.3/e/2020 | CP15: 08-12-2025 | CQ15: 125 | CR15: 2282 | CS15: Benar Lulusan Sp1 FKUI // Benar lulusan Dokter Umum Universitas Brawijaya | CU15: 14-02-2012 //05-09-2013 | CV15: KP.00.02/II.4/110/2012 // KP.00.02/II.4/6996/2016 | CW15: Spesialis I UI // Konsultan Hematologi | CX15: 18-01-2012 // 08-12-2016 | CY15: ''KP.00.02/II.4/2707/2013 | CZ15: Dokter Umum Universitas Brawijaya | DA15: 24-07-2013 | DB15: Benar STR Dokter Sudah Terregistrasi di database Konsil Kedokteran Indonesia | DC15: KD.01.01/02/KKI/II/0323/2016 | DD15: 09-02-2016 | DF15: Benar SIP dokter dikeluarkan oleh UP PTSP Kec Cilandak | DG15: 210/-072.1 | DH15: 2020 | DI15: 0 // KP.00.02/II.4/6882/2015 | DJ15: 0 // '25-11-2015 | DK15: HK.02.03/VIII.2/15141/2019 | DL15: 24-10-2019 | DM15: 36.015.718.4-009.000 | DO15: 3175050501097948 | DP15: 3175054812790002 | DQ15: Jl Gongseng Raya RT 007 RW 010 Cijantung Pasar Rebo Jakarta Timur Rt.07 Rw.10 Kel.Cijantung Kec.Pasar Rebo | DR15: Komplek The Address Cibubur G-154 Leuwinanggung, Tapos, Depok, Jawa Barat | DS15: 081219119966 | DT15: lidyautami97@gmail.com | DU15: 3 | DV15: Moderna | DY15: 10622/2022 | DZ15: 12-08-2022 | EA15: 12-08-2025 | EB15: 1065771 | EC15: Dokter Spesialis | ED15: MANAJERIAL | EE15: Universitas Brawijaya | EF15: Universitas Indonesia | EG15: Kolegium Patologi Klinik
A16: 14 | B16: dr. Muhammad Azhari Taufik, Sp.An, KIC | C16: 202005198308261001 | D16: 198308262020121001 | F16: Ahli Pertama | G16: =IF(F16="Ahli Madya",60,IF(F16="Ahli Utama",65,58)) -> 58 | H16: =DATE(YEAR(X16)+G16,MONTH(X16)+1,1) -> 51745 | J16: ASN | K16: PNS | L16: PNS | M16: L | N16: III/b | O16: 3B | P16: 01-12-2021 | Q16: KP.03.02./VIII.2/7223/2022 | R16: 6 | S16: 11 | U16: K-671 | W16: Bandung | X16: 26-08-1983 | Y16: =YEAR(NOW())-YEAR(X16) -> #VALUE! | Z16: =IF(AND(Y16>=21,Y16<=35),"21-35",IF(AND(Y16>35,Y16<=45),"36-45",IF(AND(Y16>45,Y16<=58),"46-58",IF(Y16>58,"Lebih dari 58",0)))) -> #VALUE! | AB16: Dokter Spesialis Anestesiologi + Konsultan Intensive Care | AC16: DOKTER SPESIALIS KONSULTAN | AD16: TENAGA MEDIS | AE16: KSM Anestesiologi & Terapi Intensif | AF16: MDS | AG16: A | AH16: A | AI16: KONSULTAN | AJ16: 1006767191 | AK16: No. 0010/Sp-FK/2/2014 | AL16: 17-07-2014 | AM16: Universitas Indonesia | AN16: Konsultan Intensive Care | AO16: Blm ngasih Sertifikat KIC | AP16: Instalasi Rawat Intensif | AQ16: 09-10-2018 | AR16: MANAJEMEN | AS16: MANAJEMEN | AT16: =_xlfn.IFNA(VLOOKUP(D16,'[1]5. 1 Mei 2022'!$C$7:$F$60,4,FALSE),"") | AU16: Kepala Instalasi | AV16: Kepala Instalasi Rawat Intensif | AW16: 14-02-2022 | AX16: =AW16+1903 -> 46509 | AY16: Direktorat Pelayanan Medik, Keperawatan, dan Penunjang | AZ16: IRI | BA16: Instalasi Rawat Intensif | BD16: KA_INST | BE16: MJ | BF16: Kepala Instalasi Rawat Intensif | BI16: DR | BJ16: 0 | BK16: =N16 -> III/b | BL16: JFT | BQ16: Dokter Ahli Pertama | BR16: 27-06-2022 | BS16: 171.4060 | BT16: 01-12-2020 | BU16: 01-12-2021 | BV16: 01-01-2015 | BW16: =YEAR(NOW())-YEAR(BV16) -> 8 | BX16: =DATEDIF(BV16,NOW(),"YM") -> 3 | BY16: 01-05-2020 | CA16: Islam | CB16: Menikah | CC16: 2 | CD16: 1 | CE16: Menanggung | CL16: 311150107319106994 | CM16: 26-08-2024 | CN16: 124 | CO16: 51/B.15b/31.74.06.1001.05.023.S.2/3/-1.779.3/e/2019 | CP16: 26-08-2024 | CQ16: 124 | CR16: 2361 | CS16: Benar Lulusan Sp1 UI | CT16: 13672/UN2.F1.D1.1/PDP.00.06/2015 | CU16: 19-11-2015 | CV16: KP.00.02/II.4/4531/2015 | CW16: Sp1 Universitas Indonesia | CX16: 28-10-2015 | CY16: KP.00.02/II.4/5799/2016 | CZ16: Dokter Umum Univ. Diponegoro | DA16: 29-09-2016 | DB16: Benar STR Dokter Sudah Terregistrasi di database Konsil Kedokteran Indonesia | DC16: KD.01.01/02/KKI/II/0323/2016 | DD16: 09-02-2016 | DF16: Benar SIP dokter dikeluarkan oleh UP PTSP Kec Cilandak | DG16: 210/-072.1 | DH16: 2024 | DI16: KP.00.02/II.4/6882/2015 | DJ16: 25-11-2015 | DK16: HK.02.03/VIII.2/15141/2019 | DL16: 24-10-2019 | DM16: 66.018.934.1-407.000 | DO16: 3174061208160007 | DP16: 3275022608830021 | DQ16: Arden RSD Jl. Bango II No. A3 Kel. Pondok Labu Kec. Cilandak Jakarta Selatan | DS16: 081906142116 | DT16: taufik_azhari@yahoo.com | DU16: 3 | DV16: Moderna | DY16: 15213/2022 | DZ16: 21-10-2022 | EA16: 21-10-2025 | EB16: 0 | EC16: Dokter Spesialis | ED16: MANAJERIAL | EE16: Universitas Diponegoro | EF16: Universitas Indonesia | EG16: Universitas Indonesia
A17: 15 | B17: dr. Retno Sawitri, Sp.F.M | C17: PNS | D17: 198411262018012001 | F17: Ahli Muda | G17: =IF(F17="Ahli Madya",60,IF(F17="Ahli Utama",65,58)) -> 58 | H17: =DATE(YEAR(X17)+G17,MONTH(X17)+1,1) -> 52201 | J17: ASN | K17: PNS | L17: PNS | M17: P | N17: III/c | O17: 3C | P17: 01-04-2021 | R17: 4 | S17: 0 | U17: 69 | V17: B 00038655 | W17: Ujung Pandang | X17: 26-11-1984 | Y17: =YEAR(NOW())-YEAR(X17) -> #VALUE! | Z17: =IF(AND(Y17>=21,Y17<=35),"21-35",IF(AND(Y17>35,Y17<=45),"36-45",IF(AND(Y17>45,Y17<=58),"46-58",IF(Y17>58,"Lebih dari 58",0)))) -> #VALUE! | AB17: Dokter Spesialis Kedokteran Forensik dan Medikolegal | AC17: DOKTER SPESIALIS | AD17: TENAGA MEDIS | AE17: KSM Patologi Anatomi | AF17: MDS | AG17: A | AH17: A | AI17: FELLOW / MS | AJ17: No. 1106025901 | AK17: No. NC.14-005683 | AL17: 26-01-2015 | AM17: Universitas Indonesia | AO17: 42030 | AP17: Instalasi Forensik & Pemulasaraan Jenazah | AR17: MANAJEMEN | AS17: MANAJEMEN | AT17: =_xlfn.IFNA(VLOOKUP(D17,'[1]5. 1 Mei 2022'!$C$7:$F$60,4,FALSE),"") | AU17: Kepala Instalasi | AV17: Kepala Instalasi Forensik & Pemulasaraan Jenazah | AW17: 14-02-2022 | AX17: =AW17+1903 -> 46509 | AY17: Direktorat Pelayanan Medik, Keperawatan, dan Penunjang | AZ17: IFPJ | BA17: Instalasi Forensik & Pemulasaraan Jenazah | BD17: KA_INST | BE17: MJ | BF17: Kepala Instalasi Forensik & Pemulasaraan Jenazah | BJ17: Dokter Ahli Muda | BK17: =N17 -> III/c | BL17: JFT | BQ17: Dokter Ahli Muda | BR17: 01-12-2020 | BS17: 214.5710 | BT17: 01-01-2018 | BU17: 01-02-2019 | BV17: 01-09-2015 | BW17: =YEAR(NOW())-YEAR(BV17) -> 8 | BX17: =DATEDIF(BV17,NOW(),"YM") -> 3 | BZ17: BB 00020297 | CA17: Islam | CB17: Menikah | CD17: 1 | CE17: Menanggung | CL17: Belum Menyerahkan | CM17: 26-11-2025 | CN17: 125 | CO17: 41/B.15B/31.74.06.1001.05.023.S.2.a.b/3/-1.779.3/e/2020 | CP17: 26-11-2025 | CQ17: 125 | CR17: 2368 | CS17: Benar Lulusan Sp1 FKUI | CT17: 4789/UN2.F1.D1.1/PDP.00.06/2015 | CU17: 28-04-2015 | CV17: KP.00.02/II.4/846/2015 | CW17: Sp 1 UI | CX17: 19-03-2015 | CY17: KP.00.02/II.4/847/2015 | CZ17: Dokter Umum Universitas Diponegoro | DA17: 19-03-2015 | DB17: Benar STR Sudah terregistrasi di data base KKI | DC17: KD.01.01/02/KKI/V/1781/2015 | DD17: 06-05-2015 | DF17: Benar SIP dokter dikeluarkan oleh UP PTSP Kec Cilandak | DG17: 210/-072.1 | DH17: 2020 | DI17: KP.00.02/II.4/845/2015 | DJ17: 19-03-2015 | DK17: HK.02.03/VIII.2/15141/2019 | DL17: 24-10-2019 | DM17: 89.884.678.7-017.000 | DO17: 3174041401091421 | DP17: 3174046611840011 | DQ17: Jl. Hortikultura No. 11 A Rt. 008/006 Jatipadang, Pasar Minggu Jakarta Selatan | DS17: 081294379978 | DT17: retnosawitrimd@gmail.com | DU17: 2 | DV17: CoronaVac | DY17: 10776/2021 | DZ17: 07-11-2021 | EB17: 0 | EC17: Dokter Spesialis | ED17: MANAJERIAL | EE17: Universitas Indonesia | EF17: Universitas Indonesia
A18: 16 | B18: dr. Rianita, M.Gizi, Sp.G.K | C18: PNS | D18: 197001101998032004 | F18: Ahli Madya | G18: =IF(F18="Ahli Madya",60,IF(F18="Ahli Utama",65,58)) -> 60 | H18: =DATE(YEAR(X18)+G18,MONTH(X18)+1,1) -> 47515 | J18: ASN | K18: PNS | L18: PNS | M18: P | N18: IV/b | O18: 4B | P18: 01-04-2022 | Q18: KP.02.01/Menkes/944/2022 | R18: 27 | S18: 1 | U18: 18 | V18: G 444382 | W18: Surabaya | X18: 10-01-1970 | Y18: =YEAR(NOW())-YEAR(X18) -> 53 | Z18: =IF(AND(Y18>=21,Y18<=35),"21-35",IF(AND(Y18>35,Y18<=45),"36-45",IF(AND(Y18>45,Y18<=58),"46-58",IF(Y18>58,"Lebih dari 58",0)))) -> 46-58 | AB18: Dokter Spesialis Gizi Klinik + Magister Gizi | AC18: DOKTER SPESIALIS | AD18: TENAGA MEDIS | AE18: KSM Gizi Klinik | AF18: MDS | AG18: A | AH18: A | AI18: FELLOW / MS | AJ18: 0188001058 + 6104020118 | AK18: 112/Dok.II/94 + 0022/S2-FK/2/2007 | AL18: 06-09-1991 + 25-08-2007 | AM18: Universitas Indonesia + Universitas Indonesia | AP18: Instalasi Gizi | AQ18: 14-02-2022 | AR18: MANAJEMEN | AS18: MANAJEMEN | AT18: =_xlfn.IFNA(VLOOKUP(D18,'[1]5. 1 Mei 2022'!$C$7:$F$60,4,FALSE),"") | AU18: Kepala Instalasi | AV18: Kepala Instalasi Gizi | AW18: 14-02-2022 | AX18: =AW18+1903 -> 46509 | AY18: Direktorat Pelayanan Medik, Keperawatan, dan Penunjang | AZ18: I_GIZI | BA18: Instalasi Gizi | BD18: KA_INST | BE18: MDS | BF18: Kepala Instalasi Gizi | BI18: DR | BJ18: Dokter Ahli Madya | BK18: =N18 -> IV/b | BL18: JFT | BQ18: Dokter Ahli Madya | BR18: 01-12-2021 | BS18: 550.4120 | BT18: 01-03-1998 | BU18: 01-05-2001 | BV18: 01-03-2014 | BW18: =YEAR(NOW())-YEAR(BV18) -> 9 | BX18: =DATEDIF(BV18,NOW(),"YM") -> 3 | CA18: Kristen Protestan | CB18: Menikah | CC18: 3 | CD18: 1 | CE18: Menanggung | CL18: 3121701421080166 | CM18: 10-01-2027 | CN18: 127 | CO18: 4/B.15B/31.74.06.1001.05.023.S.2/3/-1.779.3/e/2022 | CP18: 10-01-2027 | CQ18: 127 | CR18: 2340 | CS18: Benar lulusan Ilmu Gizi UI // Benar Lulusan Dokter Umum UI | CT18: 7564/H2.F1.D1/PDP.01/2013 // 10941/UN2.F1.D1.2/PDP.02.01.02/2016 | CU18: 08-07-2013 // 01-09-2016 | CV18: KP.00.02/II.4/1993/2012 // KP.00.02/II.4/6826/2016 | CW18: Magister Gizi Universitas Indonesia // Dokter Spesialis Gizi Klinik UI | CX18: 31-05-2013 // 25-11-2016 | CY18: KP.00.02/II.4/5048/2016 | CZ18: Dokter Umum UI | DA18: 15-08-2016 | DB18: Dicek Melalui Website KKI | DE18: 2022 | DF18: Benar SIP dokter dikeluarkan oleh UP PTSP Kec Cilandak | DG18: 210/-072.1 | DH18: 2022 | DI18: KP.00.02/II.4/6882/2015 | DJ18: 25-11-2015 | DK18: HK.02.03/VIII.2/15141/2019 | DL18: 24-10-2019 | DM18: 15.108.881.2-821.000 | DP18: 7171095001770052 | DQ18: Jl. Alam Pesanggrahan I No. 12 Blok O Rt. 001 / 016 Cinere Depok | DS18: 081340789444 | DU18: 3 | DV18: Moderna | DY18: HK.01.07/VIII.2/13944/2018 | DZ18: 16-11-2018 | EB18: 1529639 | EC18: Dokter Spesialis | ED18: MANAJERIAL | EE18: Universitas Indonesia | EF18: Universitas Indonesia
A19: 17 | B19: dr. Sharon Loraine Samuel, Sp.K.F.R (K) | C19: 202005198211122025 | D19: 198211122020122001 | F19: Ahli Pertama | G19: =IF(F19="Ahli Madya",60,IF(F19="Ahli Utama",65,58)) -> 58 | H19: =DATE(YEAR(X19)+G19,MONTH(X19)+1,1) -> 51471 | J19: ASN | K19: PNS | L19: PNS | M19: P | N19: III/b | O19: 3B | P19: 01-12-2021 | R19: 4 | S19: 0 | W19: Jakarta Pusat | X19: 12-11-1982 | Y19: =YEAR(NOW())-YEAR(X19) -> 41 | Z19: =IF(AND(Y19>=21,Y19<=35),"21-35",IF(AND(Y19>35,Y19<=45),"36-45",IF(AND(Y19>45,Y19<=58),"46-58",IF(Y19>58,"Lebih dari 58",0)))) -> 36-45 | AB19: Dokter Spesialis Kedokteran Fisik dan Rehabilitasi + Konsultan Neuromuskuler | AC19: DOKTER SPESIALIS KONSULTAN | AD19: TENAGA MEDIS | AE19: KSM Kedokteran Fisik dan Rehabilitasi | AF19: MDS | AG19: A | AH19: A | AI19: KONSULTAN | AJ19: 1306401095 | AK19: NC.17-006070 | AL19: 24-08-2017 | AM19: Universitas Indonesia | AN19: Konsultan Neuromuskuler | AO19: 09-08-2022 | AP19: Instalasi Rehabilitasi Medik | AQ19: 14-02-2022 | AR19: MANAJEMEN | AS19: MANAJEMEN | AT19: =_xlfn.IFNA(VLOOKUP(D19,'[1]5. 1 Mei 2022'!$C$7:$F$60,4,FALSE),"") | AU19: Kepala Instalasi | AV19: Kepala Instalasi Rehabilitasi Medik | AW19: 14-02-2022 | AX19: =AW19+1903 -> 46509 | AY19: Direktorat Pelayanan Medik, Keperawatan, dan Penunjang | AZ19: IRM | BA19: Instalasi Rehabilitasi Medik | BD19: KA_INST | BE19: MDS | BF19: Kepala Instalasi Rehabilitasi Medik | BJ19: 0 | BK19: =N19 -> III/b | BL19: JFT | BQ19: Dokter Ahli Pertama | BR19: 27-06-2022 | BS19: 173.6210 | BT19: 01-12-2020 | BU19: 01-12-2021 | BV19: 01-07-2018 | BW19: =YEAR(NOW())-YEAR(BV19) -> 5 | BX19: =DATEDIF(BV19,NOW(),"YM") -> 3 | BY19: 01-05-2020 | CA19: Kristen Protestan | CB19: Belum Menikah | CL19: 3121608422090266 | CM19: 12-11-2027 | CN19: 127 | CO19: 251/B.15B/31.74.06.1001.05.023.S.2/3/-1.779.3/e/2022 | CP19: 12-11-2027 | CQ19: 127 | CR19: 2410 | CS19: Dicek Melalui Forlap Dikti (Dokter Umum + SP1) // Benar Lulusan Dokter Umum UI // Benar Lulusan Sp1 UI // Benar lulusan Sp1 UI | CT19: 0 // 3416/UN2.F1.D1/PDP.02.01.02/2018 // 3426/UN2.F1.D1.1/PDP.00.06/2018 // 4028/UN2.F1.D1.1/PDP.00.06/2018 | CU19: 0 // 12-03-2018 // 12-03-2018 // 23-03-2018 | CV19: KP.01.03/VIII.2/4817/2018 | CW19: Dokter Umum + Sp1 UI | CX19: 23-04-2018 | DB19: Dicek di KKI | DE19: 12-11-2022 | DF19: Benar SIP dokter dikeluarkan oleh UP PTSP Kec Cilandak | DG19: 210/-072.1 | DH19: 2022 | DK19: HK.02.03/VIII.2/15141/2019 | DL19: 24-10-2019 | DM19: 80.613.314.6-001.000 | DO19: 3175011001090638 | DP19: 3175015211820010 | DQ19: Kebon Kelapa Tinggi RT.014 RW.008 Kel. Utan Kayu Selatan Kec.Matraman Jakarta Timur | DS19: 081291897877 | DT19: sh.loraine@gmail.com | DU19: 3 | DV19: Moderna | DY19: 5193/2020 | DZ19: 03-06-2020 | EB19: 0 | EC19: Dokter Spesialis | ED19: MANAJERIAL | EE19: Universitas Indonesia | EF19: Universitas Indonesia
A20: 18 | B20: dr. Ugi Sugiri, Sp.EM | C20: 140243840 | D20: 196005211989121001 | F20: Ahli Utama | G20: =IF(F20="Ahli Madya",60,IF(F20="Ahli Utama",65,58)) -> 65 | H20: =DATE(YEAR(X20)+G20,MONTH(X20)+1,1) -> 45809 | J20: ASN | K20: PNS | L20: PNS | M20: L | N20: IV/c | O20: 4C | P20: 01-04-2021 | R20: 32 | S20: 0 | U20: 333 | V20: E. 652160 | W20: Jakarta | X20: 21-05-1960 | Y20: =YEAR(NOW())-YEAR(X20) -> #VALUE! | Z20: =IF(AND(Y20>=21,Y20<=35),"21-35",IF(AND(Y20>35,Y20<=45),"36-45",IF(AND(Y20>45,Y20<=58),"46-58",IF(Y20>58,"Lebih dari 58",0)))) -> #VALUE! | AB20: Dokter Spesialis Emergency Medicine | AC20: DOKTER SPESIALIS | AD20: TENAGA MEDIS | AE20: KSM Umum | AF20: MDS | AG20: A | AH20: A | AI20: FELLOW / MS | AJ20: 0321380013-08 | AK20: 194/UB/FK/Sp1/2008 | AL20: 27-06-2008 | AM20: Universitas Brawijaya Malang | AP20: Instalasi Gawat Darurat | AQ20: 09-10-2018 | AR20: MANAJEMEN | AS20: MANAJEMEN | AT20: =_xlfn.IFNA(VLOOKUP(D20,'[1]5. 1 Mei 2022'!$C$7:$F$60,4,FALSE),"") | AU20: Kepala Instalasi | AV20: Kepala Instalasi Gawat Darurat | AW20: 14-02-2022 | AX20: =AW20+1903 -> 46509 | AY20: Direktorat Pelayanan Medik, Keperawatan, dan Penunjang | AZ20: IGD | BA20: Instalasi Gawat Darurat | BD20: KA_INST | BE20: MDS | BF20: Kepala Instalasi Gawat Darurat | BI20: DR | BJ20: Dokter Pendidik Klinis Ahli Utama | BK20: =N20 -> IV/c | BL20: JFT | BP20: - | BQ20: Dokter Pendidik Klinis Ahli Utama | BR20: 27-04-2020 | BT20: 01-12-1989 | BV20: 01-04-1992 | BW20: =YEAR(NOW())-YEAR(BV20) -> 31 | BX20: =DATEDIF(BV20,NOW(),"YM") -> 3 | BZ20: AB 00032984 | CA20: Islam | CB20: Menikah | CC20: 3 | CD20: 1 | CE20: Menanggung | CH20: 2007 | CI20: 67/TK/TAHUN 2011 | CL20: 3511403421029138 | CM20: 21-05-2026 | CN20: 126 | CO20: 208/B.15B/31.74.06.1001.05.023.S.2/3/-1.779.3/e/2022 | CP20: 21-05-2026 | CQ20: 126 | CR20: 2168 | CS20: Benar lulusan dokter umum Universitas Trisakti // Benar lulusan Spesialis Emergency Medicine Universitas Brawijaya | CT20: 0 // 15531/UN 10.7/AK/2013 | CU20: 29-08-2013 // 31-12-2013 | CV20: KP.00.02/II.4/4054/2013 | CW20: Spesialis Emergency Medicine Universitas Brawijaya | CX20: 03-12-2013 | CY20: KP.00.02/II.4/2734/2013 | CZ20: Dokter Umum Universitas Trisakti | DA20: 29-07-2013 | DB20: Dicek Melalui Website KKI | DE20: 2022 | DF20: SIP Sudah terbit | DG20: 11368/-1.777.11 | DH20: 29-11-2013 | DI20: KP.00.02/II.4/6882/2015 | DJ20: 25-11-2015 | DK20: HK.02.03/VIII.2/9541/2019 | DL20: 29-07-2019 | DM20: 68.658.213.1-432.000 | DO20: 0 | DP20: 3275042105600005 | DQ20: Pondok Pekayon Indah D.XI No.3 Rt. 004 / 010 Kel. Pekayon Jaya Kec. Bekasi Selatan | DS20: 0817388878 | DT20: drugisugiri@gmail.com | DU20: 3 | DV20: Moderna | DY20: 10575/2022 | DZ20: 44771 | EA20: 45867 | EB20: 0 | EC20: Dokter Spesialis | ED20: MANAJERIAL | EE20: Universitas Trisakti | EF20: Universitas Brawijaya Malang
A21: 19 | B21: Dra. Magdalena Niken Oktovina, Apt, M.Si | C21: PNS | D21: 196710201997032001 | F21: Ahli Madya | G21: =IF(F21="Ahli Madya",60,IF(F21="Ahli Utama",65,58)) -> 60 | H21: =DATE(YEAR(X21)+G21,MONTH(X21)+1,1) -> 46692 | J21: ASN | K21: PNS | L21: PNS | M21: P | N21: IV/c | O21: 4C | P21: 01-10-2019 | R21: 22 | S21: 7 | U21: 220 | W21: Jakarta | X21: 20-10-1967 | Y21: =YEAR(NOW())-YEAR(X21) -> #VALUE! | Z21: =IF(AND(Y21>=21,Y21<=35),"21-35",IF(AND(Y21>35,Y21<=45),"36-45",IF(AND(Y21>45,Y21<=58),"46-58",IF(Y21>58,"Lebih dari 58",0)))) -> #VALUE! | AB21: Apoteker + Magister Sains | AC21: TENAGA KESEHATAN LAIN | AD21: TENAGA KESEHATAN LAIN | AF21: TKL | AG21: A | AH21: C | AI21: S2 | AL21: 2009 | AM21: Universitas Indonesia | AP21: Instalasi Farmasi | AQ21: 42917 | AR21: MANAJEMEN | AS21: MANAJEMEN | AT21: =_xlfn.IFNA(VLOOKUP(D21,'[1]5. 1 Mei 2022'!$C$7:$F$60,4,FALSE),"") | AU21: Kepala Instalasi | AV21: Kepala Intalasi Farmasi | AW21: 14-02-2022 | AX21: =AW21+1903 -> 46509 | AY21: Direktorat Pelayanan Medik, Keperawatan, dan Penunjang | AZ21: I_FARMASI | BA21: Instalasi Farmasi | BD21: KA_INST | BE21: PM | BF21: Kepala Instalasi Farmasi | BI21: APT | BJ21: Apoteker Ahli Madya | BK21: =N21 -> IV/c | BL21: JFT | BQ21: Apoteker Ahli Madya | BR21: 01-04-2019 | BS21: 726.2880 | BT21: 01-03-1997 | BU21: 01-03-1999 | BV21: 01-12-2010 | BW21: =YEAR(NOW())-YEAR(BV21) -> 13 | BX21: =DATEDIF(BV21,NOW(),"YM") -> 2 | CA21: Kristen Protestan | CB21: Menikah | CC21: 3 | CD21: 1 | CE21: Menanggung | CL21: 19671020/STRA-UI/1993/26129 | CM21: 20-10-2026 | CN21: 126 | CO21: 42/B.19/31.74.06.1001.05.023.S.2.a.b/3/-1.779.3/e/2022 | CP21: 20-10-2026 | CQ21: 126 | CR21: 4406 | CS21: Benar Lulusan S2 Ilmu Kefarmasian FMIPA UI | CT21: 1188/H2.F3/PDP.03.01.05/2012 | CU21: 07-11-2012 | CV21: KP.00.02/II.4/2832/2012 | CW21: S2 Farmasi Klinik UI | CX21: 16-10-2012 | DB21: Benar STRA dikeluarkan oleh Komite Farmasi Nasional | DC21: UM.01.05/KF/348/2019 | DD21: 25-09-2019 | DE21: 2021 | DI21: HK.02.03/VIII.2/11705/2019 | DJ21: 04-09-2019 | DM21: 68.851.725.9-412.000 | DO21: 0 | DP21: 3276036010670006 | DQ21: Kel. Serua Rt. 002 / 001 Kel. Serua Kec. Bojongsari Depok | DS21: 081286551661 | DT21: lenasanjaya1@gmail.com | DU21: 3 | DV21: Moderna | DY21: 13469/2022 | DZ21: 20-12-2021 | EA21: 20-10-2024 | EB21: 0 | EC21: Pharmacist | ED21: MANAJERIAL
A22: 20 | B22: Ns. Minarni, S.Kep, M.Kes | C22: 140208301 | D22: 196705111988032002 | F22: Ahli Madya | G22: =IF(F22="Ahli Madya",60,IF(F22="Ahli Utama",65,58)) -> 60 | H22: =DATE(YEAR(X22)+G22,MONTH(X22)+1,1) -> 46539 | J22: ASN | K22: PNS | L22: PNS | M22: P | N22: IV/b | O22: 4B | P22: 01-04-2020 | R22: 28 | S22: 8 | U22: 963 | W22: Kulon Progo | X22: 11-05-1967 | Y22: =YEAR(NOW())-YEAR(X22) -> 56 | Z22: =IF(AND(Y22>=21,Y22<=35),"21-35",IF(AND(Y22>35,Y22<=45),"36-45",IF(AND(Y22>45,Y22<=58),"46-58",IF(Y22>58,"Lebih dari 58",0)))) -> 46-58 | AB22: Magister Kesehatan Masyarakat | AC22: PERAWAT | AD22: PERAWAT | AF22: PRW | AG22: B | AH22: B | AI22: S2 | AJ22: 20140000177 | AK22: No.502/S2-KESMAS/STIKIM/2017 | AL22: 13-03-2017 | AM22: STIKES INDONESIA MAJU | AP22: Instalasi Sterilisasi Sentral dan Binatu | AQ22: 01-08-2019 | AR22: MANAJEMEN | AS22: MANAJEMEN | AT22: =_xlfn.IFNA(VLOOKUP(D22,'[1]5. 1 Mei 2022'!$C$7:$F$60,4,FALSE),"") | AU22: Kepala Instalasi | AV22: Kepala Instalasi Sterilisasi dan Binatu | AW22: 14-02-2022 | AX22: =AW22+1903 -> 46509 | AY22: Direktorat Perencanaan, Organisasi, dan Umum | AZ22: ISSB | BA22: Instalasi Sterilisasi Sentral dan Binatu | BD22: KA_INST | BE22: MJ | BF22: Kepala Instalasi Sterilisasi dan Binatu | BI22: PER | BJ22: Perawat Ahli Madya | BK22: =N22 -> IV/b | BL22: JFT | BP22: - | BQ22: Perawat Ahli Madya | BR22: 01-08-2019 | BS22: 559.6080 | BT22: 01-03-1988 | BV22: 01-08-1986 | BW22: =YEAR(NOW())-YEAR(BV22) -> 37 | BX22: =DATEDIF(BV22,NOW(),"YM") -> 3 | CA22: Islam | CB22: Menikah | CC22: 2 | CD22: 1 | CE22: Menanggung | CG22: 2004 | CH22: 2004 dan 2008 | CI22: 2008 | CJ22: 222/MENKES/SK/VII/2012 | CL22: 120172217-1423813 | CM22: 05-11-2022 | CN22: 122 | CO22: 322/B.16/31.74.06.1001/-1.779.3/e/2019 | CP22: 05-11-2022 | CQ22: 122 | CR22: 3704 | CS22: Dicek Melalui Situs Pangkalan Data Pendidikan Tinggi (Ners) // Dicek Melalui Forlap Dikti (S2) | CV22: KP.00.02/II.4/553/2012 // KP.00.02/II.4/589/2014 | CW22: 0 // S1 Keperawatan Universitas Muhammadiyah Jakarta | CX22: 29-02-2012 // 21-01-2014 | DB22: STR Tenaga Perawat Benar Dikeluarkan oleh MTKI | DC22: TU.08.01/MTKI/335/2013 | DD22: 20-05-2013 | DI22: HK.02.03/VIII.2/9651/2019 | DJ22: 30-07-2019 | DK22: HK.02.03/VIII.2/16164/2019 | DL22: 13-11-2019 | DM22: 78.451.793.0-411.000 | DO22: 3674062808200022 | DP22: 3674065105670006 | DQ22: Jl. Bratasena IX Blok T-5/12 Rt. 007 / 014 Kel. Pondok Benda Kec. Pamulang Tangerang Selatan | DS22: 081212880704 | DT22: minarni.dali@yahoo.com | DU22: 3 | DV22: Moderna | DX22: PK4 | DY22: 4638/2021 | DZ22: 31-03-2021 | EB22: 0 | EC22: Tenaga Perawat | ED22: MANAJERIAL
A23: 21 | B23: Ujang Burhanudin, ST | C23: K2007101086 | D23: 201601198204121059 | F23: Non Jabfung | G23: =IF(F23="Ahli Madya",60,IF(F23="Ahli Utama",65,58)) -> 58 | H23: =DATE(YEAR(X23)+G23,MONTH(X23)+1,1) -> 51257 | I23: 919820412200710101 | J23: NON ASN | K23: Pegawai Tetap BLU | L23: PEG TETAP BLU | M23: L | N23: III/a | O23: 3A | P23: 01-01-2016 | U23: K-32 | W23: Sukabumi | X23: 12-04-1982 | Y23: =YEAR(NOW())-YEAR(X23) -> 41 | Z23: =IF(AND(Y23>=21,Y23<=35),"21-35",IF(AND(Y23>35,Y23<=45),"36-45",IF(AND(Y23>45,Y23<=58),"46-58",IF(Y23>58,"Lebih dari 58",0)))) -> 36-45 | AB23: S1 Teknik Sipil | AC23: TENAGA NON MEDIS | AD23: NON MEDIS / ADMINISTRASI | AF23: NONMDS | AG23: F | AH23: D | AI23: S1 | AM23: Universitas jenderal Achmad Yani | AP23: Instalasi Pemeliharaan Sarana & Prasarana Rumah Sakit | AQ23: 01-10-2007 | AR23: MANAJEMEN | AS23: MANAJEMEN | AT23: =_xlfn.IFNA(VLOOKUP(D23,'[1]5. 1 Mei 2022'!$C$7:$F$60,4,FALSE),"") | AU23: Kepala Instalasi | AV23: Kepala Instalasi Pemeliharaan Sarana & Prasarana Rumah Sakit | AW23: 14-02-2022 | AX23: =AW23+1903 -> 46509 | AY23: Direktorat Perencanaan, Organisasi, dan Umum | AZ23: IPSPRS | BA23: Instalasi Pemeliharaan Sarana & Prasarana Rumah Sakit | BD23: KA_INST | BE23: MJ | BF23: Kepala Instalasi Pemeliharaan Sarana & Prasarana Rumah Sakit | BJ23: 0 | BK23: =N23 -> III/a | BP23: - | BV23: 01-10-2007 | BW23: =YEAR(NOW())-YEAR(BV23) -> 16 | BX23: =DATEDIF(BV23,NOW(),"YM") -> 3 | BY23: 01-01-2016 | CA23: Islam | CB23: Menikah | CC23: - | CD23: 1 | CE23: Menanggung | CR23: 5307 | CS23: Dicek Melalui Situs Pangkalan Data Pendidikan Tinggi (S1) | CV23: KP.00.02/II.4/312/2014 | CW23: S1 Teknik Sipil Universitas Achmad Yani Bandung | CX23: 10-01-2014 | DM23: 87.499.620.0-405.000 | DO23: 3202292911110026 | DP23: 3202271204820005 | DQ23: KP. Jambatan Rt.13 Rw.05 Kel.Sukasari Kec.Cisaat | DR23: Puri Cinere Hijau Blok A4/16 , Rangkapan Jaya Baru, Pancoran Mas , Depok | DS23: 081286051840 | DT23: burhan.tsaqiif@gmail.com | DU23: 3 | DV23: Moderna | EB23: 0 | EC23: Tenaga Non Medis | ED23: MANAJERIAL
A24: 22 | B24: Yunita Asima Fenny Silvana S, S.Kp, M.Kep | C24: 140350537 | D24: 196606011999032001 | F24: Ahli Madya | G24: =IF(F24="Ahli Madya",60,IF(F24="Ahli Utama",65,58)) -> 60 | H24: =DATE(YEAR(X24)+G24,MONTH(X24)+1,1) -> 46204 | J24: ASN | K24: PNS | L24: PNS | M24: P | N24: IV/a | O24: 4A | P24: 01-10-2020 | R24: 21 | S24: 7 | U24: 1011 | W24: Magelang | X24: 01-06-1966 | Y24: =YEAR(NOW())-YEAR(X24) -> 57 | Z24: =IF(AND(Y24>=21,Y24<=35),"21-35",IF(AND(Y24>35,Y24<=45),"36-45",IF(AND(Y24>45,Y24<=58),"46-58",IF(Y24>58,"Lebih dari 58",0)))) -> 46-58 | AB24: Magister Keperawatan | AC24: PERAWAT | AD24: PERAWAT | AF24: PRW | AG24: A | AH24: B | AI24: S2 | AJ24: 730500093X | AK24: NC.05-026568 | AL24: 25-08-2007 | AM24: Universitas Indonesia | AP24: Instalasi Rawat Jalan | AQ24: 09-10-2018 | AR24: MANAJEMEN | AS24: MANAJEMEN | AT24: =_xlfn.IFNA(VLOOKUP(D24,'[1]5. 1 Mei 2022'!$C$7:$F$60,4,FALSE),"") | AU24: Kepala Instalasi | AV24: Kepala Instalasi Rawat Jalan | AW24: 14-02-2022 | AX24: =AW24+1903 -> 46509 | AY24: Direktorat Pelayanan Medik, Keperawatan, dan Penunjang | AZ24: IRJ | BA24: Instalasi Rawat Jalan | BD24: KA_INST | BE24: MJ | BF24: Kepala Instalasi Rawat Jalan | BI24: PER | BJ24: Perawat Ahli Madya | BK24: =N24 -> IV/a | BL24: JFT | BP24: - | BQ24: Perawat Ahli Madya | BR24: 01-06-2020 | BS24: 485.3720 | BT24: 01-03-1999 | BV24: 01-12-1999 | BW24: =YEAR(NOW())-YEAR(BV24) -> 24 | BX24: =DATEDIF(BV24,NOW(),"YM") -> 2 | CA24: Kristen Protestan | CB24: Belum Menikah | CC24: - | CD24: - | CE24: Menanggung | CF24: 0 | CG24: 2010 | CL24: 120172218-2318755 | CM24: 01-06-2023 | CN24: 123 | CO24: 43/B.16/31.74.06.1001.05.023.S.2.a.b/4/-1.779.3/e/2020 | CP24: 01-06-2023 | CQ24: 123 | CR24: 1285 | CS24: Benar lulusan Magister Keperawatan UI | CT24: 5541/H2.F12.D/PDP.00.06.00.Data lulusan/2013 | CU24: 18-12-2013 | CV24: KP.00.02/II.4/4080/2013 | CW24: Magister Keperawatan UI | CX24: 04-12-2013 | DB24: STR Tenaga Perawat Benar Dikeluarkan oleh MTKI | DC24: TU.08.01/MTKI/335/2013 | DD24: 20-05-2013 | DI24: HK.02.03/VIII.2/11148/2019 | DJ24: 27-08-2019 | DM24: 24.672.071.8-016.000 | DP24: 3174064106660008 | DQ24: Jl RS Fatmawati RT 004 RW 009 Cilandak Barat Cilandak Jakarta Selatan | DR24: Grand Cinere Blok B No.12 Jl. Pinang 2 Limo Depok | DS24: 081288647187 | DT24: yunitaaf@yahoo.co.id | DU24: 3 | DV24: Moderna | EB24: 0 | EC24: Tenaga Perawat | ED24: MANAJERIAL
A25: 23 | B25: dr. Budi Ario Tejo, Sp.J.P(K) | C25: 140377163 | D25: 198201062008011010 | F25: Ahli Madya | G25: =IF(F25="Ahli Madya",60,IF(F25="Ahli Utama",65,58)) -> 60 | H25: =DATE(YEAR(X25)+G25,MONTH(X25)+1,1) -> 51898 | J25: ASN | K25: PNS | L25: PNS | M25: L | N25: IV/a | O25: 4A | P25: 01-04-2022 | Q25: KP.02.01/IV/4642/2022 | R25: 15 | S25: 3 | U25: 112 | V25: P053714 | W25: Banyumas | X25: 06-01-1982 | Y25: =YEAR(NOW())-YEAR(X25) -> 41 | Z25: =IF(AND(Y25>=21,Y25<=35),"21-35",IF(AND(Y25>35,Y25<=45),"36-45",IF(AND(Y25>45,Y25<=58),"46-58",IF(Y25>58,"Lebih dari 58",0)))) -> 36-45 | AB25: Dokter Spesialis Jantung + Konsultan Aritmia | AC25: DOKTER SPESIALIS KONSULTAN | AD25: TENAGA MEDIS | AE25: KSM Jantung & Pembuluh Darah | AF25: MDS | AG25: A | AH25: A | AI25: KONSULTAN | AJ25: 22190110300002 | AL25: 25-04-2016 | AM25: Universitas Diponegoro | AN25: Konsultan Aritmia | AO25: 29-07-2020 | AP25: Unit Kardiovaskuler Intervensi | AQ25: 21-12-2020 | AR25: MANAJEMEN | AS25: MANAJEMEN | AT25: =_xlfn.IFNA(VLOOKUP(D25,'[1]5. 1 Mei 2022'!$C$7:$F$60,4,FALSE),"") | AU25: Kepala Unit | AV25: Kepala Unit Kardiovaskuler Intervensi | AW25: 14-02-2022 | AX25: =AW25+1903 -> 46509 | AY25: Direktorat Pelayanan Medik, Keperawatan, dan Penunjang | AZ25: UKI | BA25: Unit Kardiovaskuler Intervensi | BD25: KA_UNIT | BE25: MDS | BF25: Kepala Unit Kardiovaskuler Intervensi | BI25: DR | BJ25: Dokter Ahli Muda | BK25: =N25 -> IV/a | BL25: JFT | BP25: - | BQ25: Dokter Ahli Madya | BR25: 01-12-2021 | BS25: 400.2420 | BT25: 01-01-2008 | BV25: 01-04-2008 | BW25: =YEAR(NOW())-YEAR(BV25) -> 15 | BX25: =DATEDIF(BV25,NOW(),"YM") -> 3 | CA25: Islam | CB25: Menikah | CC25: 1 | CD25: 1 | CE25: Menanggung | CL25: 3311402421052610 | CM25: 06-01-2026 | CN25: 126 | CO25: 16/B.15B/31.74.06.1001.05.023.S.2/3/-1.779.3/e/2022 | CP25: 06-01-2026 | CQ25: 126 | CR25: 2194 | CS25: Benar lulusan Dokter Umum Universitas Diponegoro // Dicek Melalui Forlap Dikti (Sp1) | CT25: 5033/UN7.3.4/D3/KM/2013 | CU25: 18-09-2013 | CV25: KP.00.02/II.4/4216/2016 | CW25: Sp1 Universitas Diponegoro | CX25: 03-06-2016 | CY25: KP.00.02/II.4/2709/2013 | CZ25: Dokter Umum Universitas Diponegoro | DA25: 24-07-2013 | DB25: Dicek Melalui Website KKI | DE25: 2022 | DF25: Benar SIP dokter dikeluarkan oleh UP PTSP Kec Cilandak | DG25: 210/-072.1 | DH25: 2022 | DI25: KP.00.02/II.4/6882/2015 // KP.00.02/II.4/4950/2016 // KP.02.01/II.4/4244/2015 | DJ25: 25-11-2015 // 09-08-2016 // 08-06-2016 | DK25: HK.02.03/VIII.2/15141/2019 | DL25: 24-10-2019 | DM25: 47.503.759.4-521.000 | DO25: 0 | DP25: 3302110601820005 | DQ25: Jl. Bhayangkara No.31 RT.002 RW.003 Kel. Kedunguter Kec. Banyumas Jawa Tengah | DR25: Cluster Shimano Blok A 17 /31 Jakarta Garden City | DS25: 081903519025 | DT25: budi.ario.tejo@gmail.com | DU25: 3 | DV25: Moderna | DY25: 3626/2021 | DZ25: 12-03-2021 | EB25: 0 | EC25: Dokter Spesialis | ED25: MANAJERIAL | EE25: Universitas Diponegoro | EF25: Universitas Diponegoro | EG25: Kolegium Ilmu Penyakit Jantung dan Pembuluh Darah
A26: 24 | B26: dr. Elizabeth Yasmine Wardoyo, Sp.PD (K), FINASIM | C26: K2014082002 | D26: 198306232014122005 | F26: Ahli Muda | G26: =IF(F26="Ahli Madya",60,IF(F26="Ahli Utama",65,58)) -> 58 | H26: =DATE(YEAR(X26)+G26,MONTH(X26)+1,1) -> 51683 | J26: ASN | K26: PNS | L26: PNS | M26: P | N26: III/c | O26: 3C | P26: 01-10-2022 | Q26: KP.02.01/5/21045/2022 | R26: 8 | S26: 2 | U26: 565 | V26: B 00038244 | W26: Jakarta | X26: 23-06-1983 | Y26: =YEAR(NOW())-YEAR(X26) -> #VALUE! | Z26: =IF(AND(Y26>=21,Y26<=35),"21-35",IF(AND(Y26>35,Y26<=45),"36-45",IF(AND(Y26>45,Y26<=58),"46-58",IF(Y26>58,"Lebih dari 58",0)))) -> #VALUE! | AB26: Dokter Spesialis Penyakit Dalam + Konsultan Ginjal Hipertensi | AC26: DOKTER SPESIALIS KONSULTAN | AD26: TENAGA MEDIS | AE26: KSM Penyakit Dalam | AF26: MDS | AG26: A | AH26: A | AI26: KONSULTAN | AJ26: 0906564656 | AK26: 0187/Sp-FK/1/2014 | AL26: 41678 | AM26: Universitas Indonesia | AN26: Konsultan Ginjal Hipertensi | AO26: 19-08-2020 | AP26: Unit Dialisis | AQ26: 01-05-2020 | AR26: MANAJEMEN | AS26: MANAJEMEN | AT26: =_xlfn.IFNA(VLOOKUP(D26,'[1]5. 1 Mei 2022'!$C$7:$F$60,4,FALSE),"") | AU26: Kepala Unit | AV26: Kepala Unit Dialisis | AW26: 14-02-2022 | AX26: =AW26+1903 -> 46509 | AY26: Direktorat Pelayanan Medik, Keperawatan, dan Penunjang | AZ26: UHD | BA26: Unit Dialisis | BD26: KA_UNIT | BE26: MDS | BF26: Kepala Unit Dialisis | BI26: DR | BJ26: Dokter Ahli Pertama | BK26: =N26 -> III/c | BL26: JFT | BQ26: Dokter Ahli Muda | BR26: 1 Juli 2022 | BS26: 226.411 | BT26: 01-12-2014 | BU26: 01-05-2016 | BV26: 01-08-2014 | BW26: =YEAR(NOW())-YEAR(BV26) -> 9 | BX26: =DATEDIF(BV26,NOW(),"YM") -> 3 | BZ26: BB 00006685 | CA26: Kristen Katolik | CB26: Menikah | CD26: 1 | CE26: Menanggung | CL26: 3121401319090191 | CM26: 23-06-2024 | CN26: 124 | CO26: 34/B.15b/31.74.06/-1.779.3/e/2019 | CP26: 23-06-2024 | CQ26: 124 | CR26: 2351 | CS26: Benar lulusan Kedokteran Umum dan Sp I UI // Dicek Melalui Forlap Dikti (Sp2) | CT26: 7003/H2.F1.D/PDP.00.06/2014 | CU26: 03-07-2014 | DB26: Benar STR Dokter Sudah Terregistrasi di database Konsil Kedokteran Indonesia | DC26: KD.01.01/02/KKI/II/0323/2016 | DD26: 09-02-2016 | DF26: Benar SIP dokter dikeluarkan oleh UP PTSP Kec Cilandak | DG26: 210/-072.1 | DH26: 2024 | DI26: KP.00.02/II.4/6882/2015 | DJ26: 25-11-2015 | DK26: HK.02.03/VIII.2/15141/2019 | DL26: 24-10-2019 | DM26: 24.394.055.8-003.000 | DO26: 3172061207121006 | DP26: 3172066306830003 | DQ26: Apartemen Gading Nias Tower Chrysant Blok C/07 RT. 002 RW.003 Kel. Pegangsaan Dua Kec.Kelapa Gading Jakarta Utara 14250 | DS26: 08161966988 | DU26: 3 | DV26: Moderna | DY26: 5191/2020 | DZ26: 43951 | EA26: 45046 | EB26: 1291866 | EC26: Dokter Spesialis | ED26: MANAJERIAL | EE26: Universitas Indonesia | EF26: Universitas Indonesia | EG26: Universitas Indonesia
A27: 25 | B27: Febriyanti Tupitu, S.Gz | C27: 140354187 | D27: 197702112000032001 | F27: Ahli Muda | G27: =IF(F27="Ahli Madya",60,IF(F27="Ahli Utama",65,58)) -> 58 | H27: =DATE(YEAR(X27)+G27,MONTH(X27)+1,1) -> 49369 | J27: ASN | K27: PNS | L27: PNS | M27: P | N27: III/d | O27: 3D | P27: 01-04-2021 | R27: 24 | S27: 1 | U27: 268 | W27: Mataram | X27: 11-02-1977 | Y27: =YEAR(NOW())-YEAR(X27) -> 46 | Z27: =IF(AND(Y27>=21,Y27<=35),"21-35",IF(AND(Y27>35,Y27<=45),"36-45",IF(AND(Y27>45,Y27<=58),"46-58",IF(Y27>58,"Lebih dari 58",0)))) -> 46-58 | AB27: S1 Gizi | AC27: TENAGA NON MEDIS | AD27: NON MEDIS / ADMINISTRASI | AF27: TKL | AG27: C | AH27: C | AI27: S1 | AJ27: 0505027027 | AK27: 08050225024 | AL27: 26-06-2008 | AM27: Universitas Muhammadiyah Prof. DR. Hamka Jakarta | AP27: Unit Layanan Pengadaan | AQ27: 01-03-2014 | AR27: MANAJEMEN | AS27: MANAJEMEN | AT27: =_xlfn.IFNA(VLOOKUP(D27,'[1]5. 1 Mei 2022'!$C$7:$F$60,4,FALSE),"") | AU27: Kepala Unit | AV27: Kepala Unit Layanan Pengadaan | AW27: 14-02-2022 | AX27: =AW27+1903 -> 46509 | AY27: Direktorat Perencanaan, Organisasi, dan Umum | AZ27: ULP | BA27: Unit Layanan Pengadaan | BD27: KA_UNIT | BE27: MJ | BF27: Kepala Unit Layanan Pengadaan | BJ27: Pengelola Pengadaan Barang / Jasa Ahli Muda | BK27: =N27 -> III/d | BL27: JFT | BP27: - | BQ27: Pengelola Pengadaan Barang / Jasa Ahli Muda | BR27: 01-01-2021 | BS27: 350.3100 | BT27: 01-03-2000 | BV27: 20-08-2002 | BW27: =YEAR(NOW())-YEAR(BV27) -> #VALUE! | BX27: =DATEDIF(BV27,NOW(),"YM") -> #VALUE! | CA27: Kristen Protestan | CB27: Janda | CC27: 3 | CE27: Menanggung | CI27: 2010 | CR27: 5063 | CS27: Dicek melalui situs Pangkalan Data Pendidikan Tinggi (S1 Ilmu Gizi Univ. Muhammadiyah Prof. Dr. Hamka) | CV27: KP.00.02/II.4/3294/2013 | CW27: Sarjana Gzi Univ. Muhammadiyah Prof. Dr. Hamka | CX27: 18-09-2013 | DM27: 49.926.095.8-013.000 | DP27: 3174055102770001 | DQ27: Jl Komplek Kostrad RT 014 RW 007 Kebayoran Lama Selatan Kebayoran Lama Jakarta Selatan | DS27: 085282467645 | DU27: 3 | DV27: Moderna | EB27: 0 | EC27: Tenaga Non Medis | ED27: MANAJERIAL
A28: 26 | B28: Rahmawati, SKM, MKM | C28: 140368998 | D28: 197610212005012003 | F28: Non Jabfung | G28: =IF(F28="Ahli Madya",60,IF(F28="Ahli Utama",65,58)) -> 58 | H28: =DATE(YEAR(X28)+G28,MONTH(X28)+1,1) -> 49249 | J28: ASN | K28: PNS | L28: PNS | M28: P | N28: IV/a | O28: 4A | P28: 01-10-2021 | R28: 16 | S28: 0 | U28: 1032 | V28: M. 063043 | W28: Tangerang | X28: 21-10-1976 | Y28: =YEAR(NOW())-YEAR(X28) -> #VALUE! | Z28: =IF(AND(Y28>=21,Y28<=35),"21-35",IF(AND(Y28>35,Y28<=45),"36-45",IF(AND(Y28>45,Y28<=58),"46-58",IF(Y28>58,"Lebih dari 58",0)))) -> #VALUE! | AB28: Magister Kesehatan Masyarakat | AC28: TENAGA KESEHATAN LAIN | AD28: TENAGA KESEHATAN LAIN | AF28: TKL | AG28: A | AH28: C | AI28: S2 | AJ28: 1106041060 | AK28: NC.12-006396 | AL28: 31-08-2013 | AM28: Universitas Indonesia | AP28: Unit Promosi Kesehatan | AQ28: 21-12-2020 | AR28: MANAJEMEN | AS28: MANAJEMEN | AT28: =_xlfn.IFNA(VLOOKUP(D28,'[1]5. 1 Mei 2022'!$C$7:$F$60,4,FALSE),"") | AU28: Kepala Unit | AV28: Kepala Unit Promosi Kesehatan | AW28: 14-02-2022 | AX28: =AW28+1903 -> 46509 | AY28: Direktorat Pelayanan Medik, Keperawatan, dan Penunjang | AZ28: UPK | BA28: Unit Promosi Kesehatan | BD28: KA_UNIT | BE28: MJ | BF28: Kepala Unit Promosi Kesehatan | BJ28: Administrator Kesehatan | BK28: =N28 -> IV/a | BL28: JFU | BP28: - | BT28: 01-01-2005 | BV28: 01-05-2005 | BW28: =YEAR(NOW())-YEAR(BV28) -> 18 | BX28: =DATEDIF(BV28,NOW(),"YM") -> 3 | BZ28: BB 00014151 | CA28: Islam | CB28: Menikah | CC28: 3 | CD28: 1 | CE28: Menanggung | CR28: 1315 | CS28: Benar Lulusan S1 FKM UI // Dicek Melalui Situs Forlap Dikti (S2) | CU28: 20-11-2012 | CV28: 'KP.00.02/II.4/2827/2012 | CW28: S1 Kesehatan Masyarakat UI | CX28: 16-10-2012 | DM28: 48.979.029.5-411.000 | DO28: 0 | DP28: 3174046110760007 | DQ28: Jl. Siaga II C No. 39 Rt. 009 / 003 Kel. Pejaten Barat Kec. Pasar Minggu Jakarta Selatan | DR28: Jl. Citarum Raya RT.002 RW.03 No.12A Cipayung Ciputat Tangerang Selatan 15411 | DS28: 08118880080 | DT28: rahma211076@gmail.com | DU28: 3 | DV28: Moderna | EB28: 0 | EC28: Tenaga Profesional Lainnya | ED28: MANAJERIAL
A29: 27 | B29: dr. Fachrisal, Sp.OT, K-Spine | C29: 197502202009121003 | D29: 197502202009121003 | F29: Ahli Muda | G29: =IF(F29="Ahli Madya",60,IF(F29="Ahli Utama",65,58)) -> 58 | H29: =DATE(YEAR(X29)+G29,MONTH(X29)+1,1) -> 48639 | J29: ASN | K29: PNS | L29: PNS | M29: L | N29: III/d | O29: 3D | P29: 01-10-2020 | R29: 14 | S29: 0 | U29: 199 | W29: Jakarta | X29: 20-02-1975 | Y29: =YEAR(NOW())-YEAR(X29) -> #VALUE! | Z29: =IF(AND(Y29>=21,Y29<=35),"21-35",IF(AND(Y29>35,Y29<=45),"36-45",IF(AND(Y29>45,Y29<=58),"46-58",IF(Y29>58,"Lebih dari 58",0)))) -> #VALUE! | AB29: Dokter Spesialis Orthopaedi + Konsultan Spine | AC29: DOKTER SPESIALIS KONSULTAN | AD29: TENAGA MEDIS | AE29: KSM Orthopaedi & Traumatologi | AF29: MDS | AG29: A | AH29: A | AI29: KONSULTAN | AJ29: 4103172036 | AK29: 0022/Sp-FK/1/2009 | AL29: 31-01-2009 | AM29: Universitas Indonesia | AN29: Konsultan Spine | AO29: 2010 | AP29: Komite Penelitian | AQ29: 14-02-2022 | AR29: MANAJEMEN | AS29: MANAJEMEN | AT29: =_xlfn.IFNA(VLOOKUP(D29,'[1]5. 1 Mei 2022'!$C$7:$F$60,4,FALSE),"") | AU29: Ketua Komite | AV29: Ketua Komite Penelitian | AW29: 14-02-2022 | AX29: =AW29+1903 -> 46509 | AY29: Direktorat Utama | AZ29: KOMPEN | BA29: Komite Penelitian | BD29: KA_KOMITE | BE29: MDS | BF29: Ketua Komite Penelitian | BI29: DR | BJ29: Dokter Pendidik Klinis Ahli Muda | BK29: =N29 -> III/d | BL29: JFT | BP29: - | BQ29: Dokter Pendidik Klinis Ahli Muda | BR29: 01-06-2020 | BS29: 305.8500 | BT29: 01-12-2009 | BU29: 01-08-2011 | BV29: 01-08-2009 | BW29: =YEAR(NOW())-YEAR(BV29) -> 14 | BX29: =DATEDIF(BV29,NOW(),"YM") -> 3 | CA29: Islam | CB29: Menikah | CC29: 3 | CD29: 1 | CE29: Menanggung | CL29: 311110301419085653 | CM29: 20-02-2024 | CN29: 124 | CO29: 21/B.15b/31.74.06/-1.779.3/e/2019 | CP29: 20-02-2024 | CQ29: 124 | CR29: 2215 | CS29: Benar Lulusan Sp1 FKUI // Benar Lulusan Dokter Umum FKUI // Benar Konsultan Spine | CT29: 0 //13873/H2.F1.D/PDP.00.06/2013 // 003/KOLEG-OT.ME/VI/2016 | CU29: 14-02-2012 // 27-12-2013 // 21-06-2016 | CV29: KP.00.02/II.4/110/2012 // KP.00.02/II.4/2646/2016 | CW29: Spesialis I UI // Konsultan Spine | CX29: 18-01-2012 // 29-04-2016 | CY29: KP.00.02/II.4/4052/2013 | CZ29: Dokter Umum UI | DA29: 03-12-2013 | DB29: Benar STR Dokter Sudah Terregistrasi di database Konsil Kedokteran Indonesia | DC29: KD.01.01/02/KKI/II/0323/2016 | DD29: 09-02-2016 | DF29: Benar SIP dokter dikeluarkan oleh UP PTSP Kec Cilandak | DG29: 210/-072.1 | DH29: 2024 | DI29: 0 // KP.00.02/II.4/6882/2015 | DJ29: 0 // 25-11-2015 | DK29: HK.02.03/VIII.2/15141/2019 | DL29: 24-10-2019 | DM29: 25.570.739.0-002.000 | DP29: 3175032002750005 | DQ29: Komp. Pondok Bambu Town House Blok D.4 Rt. 001 / 007 Kel. Pondok Bambu Kec. Duren Sawit Jakarta Timur | DS29: 08129932598 | DU29: 3 | DV29: Moderna | DY29: 10621/2022 | DZ29: 12-08-2022 | EA29: 12-08-2025 | EB29: 923411 | EC29: Dokter Spesialis | ED29: MANAJERIAL | EE29: Universitas Indonesia | EF29: Universitas Indonesia | EG29: Kolegium Ilmu Orthopaedi dan Traumatologi
A30: 28 | B30: dr. Irianny Pudjiastuti Adjiwidjaya, MARS | C30: 140223652 | D30: 196206121989012001 | F30: Ahli Utama | G30: =IF(F30="Ahli Madya",60,IF(F30="Ahli Utama",65,58)) -> 65 | H30: =DATE(YEAR(X30)+G30,MONTH(X30)+1,1) -> 46569 | J30: ASN | K30: PNS | L30: PNS | M30: P | N30: IV/d | O30: 4D | P30: 01-10-2019 | R30: 32 | S30: 0 | U30: 1168 | W30: Jakarta | X30: 12-06-1962 | Y30: =YEAR(NOW())-YEAR(X30) -> 61 | Z30: =IF(AND(Y30>=21,Y30<=35),"21-35",IF(AND(Y30>35,Y30<=45),"36-45",IF(AND(Y30>45,Y30<=58),"46-58",IF(Y30>58,"Lebih dari 58",0)))) -> Lebih dari 58 | AB30: Dokter Umum + Magister Administrasi Rumah Sakit | AC30: TENAGA NON MEDIS | AD30: NON MEDIS / ADMINISTRASI | AF30: MDS | AG30: E | AH30: A | AI30: S2 | AJ30: 7003330295 | AK30: NC.05-006584 | AL30: 30-08-2005 | AM30: Universitas Indonesia | AP30: Komite Mutu Rumah Sakit | AQ30: 01-03-2014 | AR30: MANAJEMEN | AS30: MANAJEMEN | AT30: =_xlfn.IFNA(VLOOKUP(D30,'[1]5. 1 Mei 2022'!$C$7:$F$60,4,FALSE),"") | AU30: Ketua Komite | AV30: Ketua Komite Mutu Rumah Sakit | AW30: 01-03-2014 // 0 // 0 | AX30: =AW30+1903 -> #VALUE! | AY30: Direktorat Utama | AZ30: KMRS | BA30: Komite Mutu Rumah Sakit | BD30: KA_KOMITE | BE30: MJ | BF30: Ketua Komite Mutu Rumah Sakit | BH30: Anggota SMF Medik Dasar ditugaskan pada Ruang Rawat Inap | BI30: DR | BJ30: Dokter Ahli Utama | BK30: =N30 -> IV/d | BL30: JFT | BP30: - | BQ30: Dokter Ahli Utama | BR30: 13-05-2019 | BT30: 01-01-1989 | BV30: 23-10-1995 | BW30: =YEAR(NOW())-YEAR(BV30) -> #VALUE! | BX30: =DATEDIF(BV30,NOW(),"YM") -> #VALUE! | CA30: Kristen Protestan | CB30: Menikah | CC30: 1 | CD30: 1 | CE30: Menanggung | CI30: 2009 | CL30: 3521100422044913 | CM30: 12-06-2028 | CN30: 128 | CO30: 107/B.15A/31.74.06.1001.SPU-1.23.d/4/-1.779.3/e/2022 | CP30: 12-06-2028 | CQ30: 128 | CR30: 5175 | CS30: Benar Lulusan S2 FKM UI // Benar lulusan dokter umum Universitas Brawijaya | CT30: 0 // 15531/UN 10.7/AK/2013 | CU30: 20-11-2012 // 31-12-2013 | CV30: KP.00.02/II.4/2827/2012 | CW30: S2 Kesehatan Masyarakat UI | CX30: 16-10-2012 | CY30: KP.00.02/II.4/4054/2013 | CZ30: Dokter Umum Universitas Brawijaya | DA30: 03-12-2013 | DB30: Dicek Melalui Website KKI | DE30: 2022 | DF30: Benar SIP dokter dikeluarkan oleh Suku Dinas Kesehatan Jakarta Selatan | DG30: 931/-1.777.11 | DH30: 41313 | DK30: HK.02.03/VIII.2/9541/2019 | DL30: 29-07-2019 | DM30: 49.975.575.9-013.000 | DP30: 3174055206620002 | DQ30: Jl. Pinang Emas I/UT.18 Rt.007/003 Kel. Pondok Pinang Kec. Kebayoran Lama Jakarta Selatan | DR30: Jl. Lido D2/9 Puri Cinere Depok Jawa Barat | DS30: 082113613678 | DU30: 3 | DV30: Moderna | DY30: 13309/2022 | DZ30: 16-09-2022 | EA30: 16-09-2025 | EB30: 0 | EC30: Tenaga Non Medis Administrasi | ED30: MANAJERIAL
A31: 29 | B31: dr. Nursanti Subakir A.M, Sp.Rad (K) | C31: 140149508 | D31: 195811251983112001 | F31: Ahli Utama | G31: =IF(F31="Ahli Madya",60,IF(F31="Ahli Utama",65,58)) -> 65 | H31: =DATE(YEAR(X31)+G31,MONTH(X31)+1,1) -> 45261 | J31: ASN | K31: PNS | L31: PNS | M31: P | N31: IV/d | O31: 4D | P31: 01-10-2017 | R31: 32 | S31: 0 | U31: 179 | W31: Jakarta | X31: 25-11-1958 | Y31: =YEAR(NOW())-YEAR(X31) -> #VALUE! | Z31: =IF(AND(Y31>=21,Y31<=35),"21-35",IF(AND(Y31>35,Y31<=45),"36-45",IF(AND(Y31>45,Y31<=58),"46-58",IF(Y31>58,"Lebih dari 58",0)))) -> #VALUE! | AB31: Dokter Spesialis Radiologi + Konsultan Radiologi Muskuloskletal | AC31: DOKTER SPESIALIS KONSULTAN | AD31: TENAGA MEDIS | AE31: KSM Radiologi | AF31: MDS | AG31: A | AH31: A | AI31: KONSULTAN | AJ31: - | AK31: No. 065/PPDS/1997 | AL31: 35623 | AM31: Universitas Indonesia | AN31: Konsultan Radiologi Muskuloskletal | AO31: 20-05-2011 | AP31: Komite Koordinasi Pendidikan | AQ31: 21-12-2020 | AR31: MANAJEMEN | AS31: MANAJEMEN | AT31: =_xlfn.IFNA(VLOOKUP(D31,'[1]5. 1 Mei 2022'!$C$7:$F$60,4,FALSE),"") | AU31: Ketua Komite | AV31: Ketua Komite Koordinasi Pendidikan | AW31: 21-12-2020 // '01-05-2019 // 31-07-2018 | AX31: =AW31+1903 -> #VALUE! | AY31: Direktorat Utama | AZ31: KOMKORDIK | BA31: Komite Koordinasi Pendidikan | BD31: KA_KOMITE | BE31: MDS | BF31: Ketua Komite Koordinasi Pendidikan | BG31: Anggota Sub Komite Kredensial Komite Medik | BH31: Pembimbing Klinik Peserta Didik Kedokteran | BI31: DR | BJ31: Dokter Pendidik Klinis Ahli Utama | BK31: =N31 -> IV/d | BL31: JFT | BP31: - | BQ31: Dokter Pendidik Klinis Ahli Utama | BR31: 31-03-2017 | BS31: 721,4140 | BT31: 01-11-1983 | BV31: 14-01-1998 | BW31: =YEAR(NOW())-YEAR(BV31) -> #VALUE! | BX31: =DATEDIF(BV31,NOW(),"YM") -> #VALUE! | CA31: Islam | CB31: Menikah | CC31: 2 | CD31: 1 | CE31: Menanggung | CH31: 2004 | CI31: 2004 | CL31: 312150300421015746 | CM31: 25-11-2026 | CN31: 126 | CO31: 98/B.15B/31.74.06.1001.05.023.S.2.a.b/3/-1.779.3/e/2021 | CP31: 25-11-2026 | CQ31: 126 | CR31: 2153 | CS31: Benar Lulusan Sp1 FKUI // Benar lulusan Dokter Umum UI | CT31: 0 // 11089/H2.F1.D/PDP.02.01.02/2013 | CU31: 14-02-2012 // 07-10-2013 | CV31: KP.00.02/II.4/110/2012 // KP.00.02/II.4/2643/2016 | CW31: Spesialis I UI // Konsultan Radiologi Muskuloskletal | CX31: 18-01-2012 // 29-04-2016 | CY31: KP.00.02/II.4/2728/2013 | CZ31: Dokter Umum UI | DA31: 26-07-2013 | DB31: Benar STR Dokter terregistrasi di KKI | DC31: KD.01.01/02/KKI/IX/4341/2016 | DD31: 05-09-2016 | DF31: Benar SIP dokter dikeluarkan oleh UP PTSP Kec Cilandak | DG31: 210/-072.1 | DH31: 2021 | DI31: KP.00.02/II.4/4950/2016 | DJ31: 09-08-2016 | DK31: HK.02.03/VIII.2/15141/2019 | DL31: 24-10-2019 | DM31: 48.072.791.6-064.000 | DP31: 3174076511580003 | DQ31: Jl Singgalang no 13 RT 004 RW 002 Gunung Kebayoran Baru Jakarta Selatan | DS31: O8129201913 | DT31: nursantisamadjid@yahoo.com | DU31: 3 | DV31: Moderna | DY31: 378/2022 | DZ31: 18-01-2022 | EA31: 15-12-2024 | EB31: 0 | EC31: Dokter Spesialis | ED31: MANAJERIAL | EE31: Universitas Indonesia | EF31: Universitas Indonesia | EG31: Kolegium Radiologi Indonesia
A32: 30 | B32: dr. Pratiwi Andayani, Sp.A(K) | C32: 140205686 | D32: 196302131988012002 | F32: Ahli Utama | G32: =IF(F32="Ahli Madya",60,IF(F32="Ahli Utama",65,58)) -> 65 | H32: =DATE(YEAR(X32)+G32,MONTH(X32)+1,1) -> 46813 | J32: ASN | K32: PNS | L32: PNS | M32: P | N32: IV/e | O32: 4E | P32: 01-04-2021 | R32: 32 | S32: 3 | U32: 10 | W32: Semarang | X32: 13-02-1963 | Y32: =YEAR(NOW())-YEAR(X32) -> #VALUE! | Z32: =IF(AND(Y32>=21,Y32<=35),"21-35",IF(AND(Y32>35,Y32<=45),"36-45",IF(AND(Y32>45,Y32<=58),"46-58",IF(Y32>58,"Lebih dari 58",0)))) -> #VALUE! | AB32: Dokter Spesialis Kesehatan Anak + Konsultan Infeksi & Penyakit Tropis | AC32: DOKTER SPESIALIS KONSULTAN | AD32: TENAGA MEDIS | AE32: KSM Kesehatan Anak | AF32: MDS | AG32: A | AH32: A | AI32: KONSULTAN | AJ32: 3191031189 | AK32: 047/PPDS/1997 | AL32: 14-07-1997 | AM32: Universitas Indonesia | AN32: Konsultan Infeksi & Penyakit Tropis | AO32: 12-07-2017 | AP32: Komite Pencegahan & Pengendalian Infeksi | AQ32: 04-01-2019 | AR32: MANAJEMEN | AS32: MANAJEMEN | AT32: =_xlfn.IFNA(VLOOKUP(D32,'[1]5. 1 Mei 2022'!$C$7:$F$60,4,FALSE),"") | AU32: Ketua Komite | AV32: Ketua Komite Pencegahan & Pengendalian Infeksi | AW32: 04-01-2019 // 31-07-2018 | AX32: =AW32+1903 -> #VALUE! | AY32: Direktorat Utama | AZ32: KPPI | BA32: Komite Pencegahan & Pengendalian Infeksi | BD32: KA_KOMITE | BE32: MJ | BF32: Ketua Komite Pencegahan dan Pengendalian Infeksi | BI32: DR | BJ32: Dokter Pendidik Klinis Ahli Utama | BK32: =N32 -> IV/e | BL32: JFT | BP32: - | BQ32: Dokter Pendidik Klinis Ahli Utama | BR32: 01-09-2016 | BT32: 01-01-1988 | BV32: 17-01-2000 | BW32: =YEAR(NOW())-YEAR(BV32) -> #VALUE! | BX32: =DATEDIF(BV32,NOW(),"YM") -> #VALUE! | CA32: Islam | CB32: Menikah | CC32: 2 | CD32: 1 | CE32: Menanggung | CG32: 2004 | CH32: 2004 dan 2010 | CI32: 2010 | CJ32: 2012 | CL32: 3121201318083391 | CM32: 13-02-2024 | CN32: 124 | CO32: 173/B.15b/31.74.06/-1.779.3/e/2018 | CP32: 13-02-2024 | CQ32: 124 | CR32: 2024 | CS32: Benar Lulusan Sp1 FKUI // Benar lulusan Dokter Umum UI // Benar Lulusan Konsultan Infeksi Tropis | CT32: 0 // 11089/H2.F1.D/PDP.02.01.02/2013 // 2537/Kolegium IKA/U/IV/2019 | CU32: 14-02-2012 // 07-10-2013 // 10-04-2019 | CV32: KP.00.02/II.4/110/2012 // KP.01.03/VIII.2/4392/2019 | CW32: Dokter Spesialis Anak UI // Konsultan | CX32: 18-01-2012 // 19-03-2019 | CY32: KP.00.02/II.4/2728/2013 | CZ32: Dokter Umum UI | DA32: 26-07-2013 | DB32: Dicek Melalui Website KKI | DE32: 2024 | DF32: Benar SIP dokter dikeluarkan oleh UP PTSP Kec Cilandak | DG32: 210/-072.1 | DH32: 2024 | DK32: HK.02.03/VIII.2/15141/2019 | DL32: 24-10-2019 | DM32: 05.176.983.4-016.000 | DP32: 3174065302630004 | DQ32: Jl. Lebak Bulus I Rt. 003/004 Kel. Cilandak Barat Kec. Cilandak | DS32: 0818150440 | DT32: pratiwi_andayani@yahoo.com | DU32: 3 | DV32: Moderna | DY32: 3477/2023 | DZ32: 30-01-2023 | EA32: 02-09-2025 | EB32: 720072 | EC32: Dokter Spesialis | ED32: MANAJERIAL | EE32: Universitas Indonesia | EF32: Universitas Indonesia | EG32: Kolegium Ilmu Kesehatan Anak
A33: 31 | B33: Ns. Umi Aisyiyah, S.Kep, M.Kep, Sp.Kep.M.B | C33: 140253606 | D33: 196706011990032002 | F33: Ahli Madya | G33: =IF(F33="Ahli Madya",60,IF(F33="Ahli Utama",65,58)) -> 60 | H33: =DATE(YEAR(X33)+G33,MONTH(X33)+1,1) -> 46569 | J33: ASN | K33: PNS | L33: PNS | M33: P | N33: IV/b | O33: 4B | P33: 01-04-2021 | R33: 30 | S33: 0 | U33: 793 | W33: Danasari | X33: 01-06-1967 | Y33: =YEAR(NOW())-YEAR(X33) -> 56 | Z33: =IF(AND(Y33>=21,Y33<=35),"21-35",IF(AND(Y33>35,Y33<=45),"36-45",IF(AND(Y33>45,Y33<=58),"46-58",IF(Y33>58,"Lebih dari 58",0)))) -> 46-58 | AB33: Magister Keperawatan + Spesialis Keperawatan Medikal Bedah | AC33: TENAGA NON MEDIS | AD33: NON MEDIS / ADMINISTRASI | AF33: PRW | AG33: A | AH33: B | AI33: S2 | AJ33: - | AK33: 0065/Sp-FIK/2/2010 | AL33: 12-08-2010 | AM33: Universitas Indonesia | AP33: Komite Keperawatan | AQ33: 09-10-2018 | AR33: MANAJEMEN | AS33: MANAJEMEN | AT33: =_xlfn.IFNA(VLOOKUP(D33,'[1]5. 1 Mei 2022'!$C$7:$F$60,4,FALSE),"") | AU33: Ketua Komite | AV33: Ketua Komite Keperawatan | AW33: 09-10-2018 // 22-12-2015 // 31-07-2018 | AX33: =AW33+1903 -> #VALUE! | AY33: Direktorat Utama | AZ33: KOMKEP | BA33: Komite Keperawatan | BD33: KA_KOMITE | BE33: NS | BF33: Ketua Komite Keperawatan | BG33: Pembimbing Klinik Peserta Didik Keperawatan / Kebidanan // Pembimbing Praktik Manajemen | BI33: PER | BJ33: Perawat Ahli Madya | BK33: =N33 -> IV/b | BL33: JFT | BP33: - | BQ33: Perawat Ahli Madya | BR33: 01-12-2020 | BS33: 570.8600 | BT33: 01-03-1990 | BV33: 01-07-1990 | BW33: =YEAR(NOW())-YEAR(BV33) -> 33 | BX33: =DATEDIF(BV33,NOW(),"YM") -> 3 | CA33: Islam | CB33: Menikah | CC33: 2 | CD33: 1 | CE33: Menanggung | CH33: 2007 dan 2010 | CI33: 2010 | CL33: 120182218-2318735 | CM33: 01-06-2023 | CN33: 123 | CO33: 394/B.16/31.74.06.1001/-1.779.3/e/2019 | CP33: 01-06-2023 | CQ33: 123 | CR33: 3482 | CS33: Benar Lulusan Ners + Sp.KMB FIK UI // Benar lulusan Sp.Kep.M.B | CT33: 0 // 5541/H2.F12.D/PDP.00.06.00.Data lulusan/2013 | CU33: 22/03/2012 // 18-12-2013 | CV33: KP.00.02/II.4/551/2012 // KP.00.02/II.4/4080/2013 | CW33: Ners+Spesialis Kep Medikal Bedah FIK UI // Magister Keperawatan UI | CX33: 29-02-2012 // 04-12-2013 | DB33: Benar STR dikeluarkan oleh MTKI | DC33: TU.08.01/MTKI/1465/VIII/2016 | DD33: 25-08-2016 | DI33: HK.02.03/VIII.2/9651/2019 | DJ33: 30-07-2019 | DK33: HK.02.03/VIII.2/15142/2019 | DL33: 24-10-2019 | DM33: 49.632.499.7-005.000 | DP33: 3175084106670006 | DQ33: Pangkalan Jati I/2 Rt. 005/013 Kel. Cipinang Melayu Kec. Makasar Jakarta Timur | DR33: Jl. Metland Cileungsi Taman Cileungsi Blok AC.2 No.1 Cileungsi Bogor | DS33: 081281171182 | DT33: aisyiyah90@yahoo.co.id | DU33: 3 | DV33: Moderna | DX33: PK4 | DY33: 4637/2021 | DZ33: 31-03-2021 | EB33: 0 | EC33: Tenaga Non Medis | ED33: MANAJERIAL
A34: 32 | B34: Setyawati Permata, S.Si, Apt, M.Farm | C34: PNS | D34: 197702102008122003 | F34: Ahli Madya | G34: =IF(F34="Ahli Madya",60,IF(F34="Ahli Utama",65,58)) -> 60 | H34: =DATE(YEAR(X34)+G34,MONTH(X34)+1,1) -> 50100 | J34: ASN | K34: PNS | L34: PNS | M34: P | N34: IV/a | O34: 4A | P34: 01-10-2020 | R34: 12 | S34: 0 | U34: 1598 | V34: P 211013 | W34: Klaten | X34: 10-02-1977 | Y34: =YEAR(NOW())-YEAR(X34) -> 46 | Z34: =IF(AND(Y34>=21,Y34<=35),"21-35",IF(AND(Y34>35,Y34<=45),"36-45",IF(AND(Y34>45,Y34<=58),"46-58",IF(Y34>58,"Lebih dari 58",0)))) -> 46-58 | AB34: Apoteker + Magister Farmasi | AC34: TENAGA KESEHATAN LAIN | AD34: TENAGA KESEHATAN LAIN | AF34: TKL | AG34: A | AH34: C | AI34: S2 | AJ34: 5415220057 | AK34: 540057/S2/UP/2018 | AL34: 03-09-2018 | AM34: Universitas Pancasila | AP34: Komite Tenaga Kesehatan Lainnya | AQ34: 21-12-2020 | AR34: MANAJEMEN | AS34: MANAJEMEN | AT34: =_xlfn.IFNA(VLOOKUP(D34,'[1]5. 1 Mei 2022'!$C$7:$F$60,4,FALSE),"") | AU34: Ketua Komite | AV34: Ketua Komite Tenaga Kesehatan Lain | AW34: 21-12-2020 // 31-07-2018 | AX34: =AW34+1903 -> #VALUE! | AY34: Direktorat Utama | AZ34: KOMNAKES | BA34: Komite Tenaga Kesehatan Lainnya | BD34: KA_KOMITE | BE34: PM | BF34: Ketua Komite Tenaga Kesehatan Lain | BI34: APT | BJ34: Apoteker Ahli Madya | BK34: =N34 -> IV/a | BL34: JFT | BP34: - | BQ34: Apoteker Ahli Madya | BR34: 01-08-2020 | BS34: 410.5120 | BT34: 01-12-2008 | BU34: 01-06-2010 | BV34: 01-05-2009 | BW34: =YEAR(NOW())-YEAR(BV34) -> 14 | BX34: =DATEDIF(BV34,NOW(),"YM") -> 3 | CA34: Islam | CB34: Menikah | CC34: 1 | CD34: 1 | CE34: Menanggung | CL34: Belum Menyerahkan | CM34: 10-02-2026 | CN34: 126 | CO34: 60/B.19/31.74.06.1001.05.023.S.2.a.b/3/-1.779.3/e/2021 | CP34: 10-02-2026 | CQ34: 126 | CR34: 4247 | CS34: Benar lulusan Apoteker UGM | CT34: UGM/FA/3530/I/07/23 | CU34: 17-12-2013 | CV34: KP.00.02/II.4/2960/2012 // KP.00.02/II.4/4085/2013 | CW34: Apoteker UGM // Apoteker UGM | CX34: 29-10-2012 // 04-12-2013 | DB34: Benar STR Apoteker Dikeluarkan oleh Komite Farmasi Nasional | DC34: IR.02.02/KF/239/2016 | DD34: 04-10-2016 | DE34: 2021 | DI34: HK.02.03/VIII.2/11705/2019 | DJ34: 04-09-2019 | DM34: 87.498.797.7-013.000 | DO34: 0 | DP34: 3174105002770002 | DQ34: Kampung Bintaro RT 001 RW 001 Pesanggrahan Jakarta Selatan | DR34: Cluster Pesona Bintaro Blok C1 Jl. Merpati Raya Gg. Masjid Al Mubarokah RT.003 RW.003 Kel. Sawah Kec. Ciputat Tangsel | DS34: 08156877069 | DT34: setyawati.permata@gmail.com | DU34: 2 | DV34: Pfizer | DY34: 13470/2022 | DZ34: 20-12-2021 | EA34: 10-02-2025 | EB34: 0 | EC34: Tenaga Profesional Lainnya | ED34: MANAJERIAL
A35: 33 | B35: dr. Agus Hadi Sihabudin, Sp.B.S | C35: K2017061001 | D35: 198408092019021001 | F35: Ahli Muda | G35: =IF(F35="Ahli Madya",60,IF(F35="Ahli Utama",65,58)) -> 58 | H35: =DATE(YEAR(X35)+G35,MONTH(X35)+1,1) -> 52110 | J35: ASN | K35: PNS | L35: PNS | M35: L | N35: III/c | O35: 3C | P35: 01-10-2022 | Q35: KP.02.01/5/21545/2022 | R35: 2 | S35: 0 | U35: 155 | V35: B 00051487 | W35: Tasikmalaya | X35: 09-08-1984 | Y35: =YEAR(NOW())-YEAR(X35) -> 39 | Z35: =IF(AND(Y35>=21,Y35<=35),"21-35",IF(AND(Y35>35,Y35<=45),"36-45",IF(AND(Y35>45,Y35<=58),"46-58",IF(Y35>58,"Lebih dari 58",0)))) -> 36-45 | AB35: Dokter Spesialis Bedah Saraf | AC35: DOKTER SPESIALIS | AD35: TENAGA MEDIS | AE35: KSM Bedah Saraf | AF35: MDS | AG35: A | AH35: A | AI35: FELLOW / MS | AJ35: 1106026242 | AK35: NC.16-016223 | AL35: 03-02-2017 | AM35: Universitas Indonesia | AP35: KSM Bedah Saraf | AR35: MANAJEMEN | AS35: MANAJEMEN | AT35: =_xlfn.IFNA(VLOOKUP(D35,'[1]5. 1 Mei 2022'!$C$7:$F$60,4,FALSE),"") | AU35: Ketua KSM | AV35: Ketua KSM Bedah Saraf | AW35: 21-12-2020 // 31-07-2018 | AX35: =AW35+1903 -> #VALUE! | AY35: Direktorat Pelayanan Medik, Keperawatan, dan Penunjang | AZ35: KSM_B_SARAF | BA35: KSM Bedah Saraf | BD35: KA_KSM | BE35: MDS | BF35: Ketua KSM Bedah Saraf | BJ35: Dokter Ahli Pertama | BK35: =N35 -> III/c | BL35: JFT | BQ35: Dokter Ahli Muda | BR35: 1 Agustus 2022 | BS35: 202.444 | BT35: 01-02-2019 | BU35: 01-02-2020 | BV35: 01-06-2017 | BW35: =YEAR(NOW())-YEAR(BV35) -> 6 | BX35: =DATEDIF(BV35,NOW(),"YM") -> 3 | CA35: Islam | CB35: Menikah | CC35: 1 | CD35: 1 | CE35: Menanggung | CL35: 3111105317106939 | CM35: 09-08-2027 | CN35: 127 | CO35: 227/B.15B/31.74.06.1001.05.023.S.2/3/-1.779.3/e/2022 | CP35: 09-08-2027 | CQ35: 127 | CR35: 2391 | CS35: Dicek Melalui Forlap Dikti (Dokter Umum + Sp1) | CV35: KP.02.01/II.4/1241/2017 | CW35: Sp1 UI | CX35: 24-03-2017 | CY35: KP.02.01/II.4/1241/2017 | CZ35: Dokter Umum UI | DA35: 24-03-2017 | DB35: Dicek Melalui Website KKI | DE35: 2022 | DF35: Benar SIP dokter dikeluarkan oleh UP PTSP Kec Cilandak | DG35: 210/-072.1 | DH35: 2022 | DK35: HK.02.03/VIII.2/15141/2019 | DL35: 24-10-2019 | DM35: 79.490.941.6-023.000 | DP35: 3273110908840002 | DQ35: Jl. Percetakan Negara II Komp BPS No.21B RT.013 Kel. Johar Baru Kec. Johar Baru Jakarta Pusat | DS35: 08119994253 | DT35: agushadisihabudin@gmail.com | DU35: 3 | DV35: Moderna | DY35: 2270/2020 | DZ35: 44069 | EA35: 45164 | EB35: 0 | EC35: Dokter Spesialis | ED35: NON MANAJERIAL | EE35: Universitas Indonesia | EF35: Universitas Indonesia
A36: 34 | B36: dr. Andi Taqwa, Sp.An | C36: PNS | D36: 196712292000121001 | F36: Ahli Muda | G36: =IF(F36="Ahli Madya",60,IF(F36="Ahli Utama",65,58)) -> 58 | H36: =DATE(YEAR(X36)+G36,MONTH(X36)+1,1) -> 46023 | J36: ASN | K36: PNS | L36: PNS | M36: L | N36: III/d | O36: 3D | P36: 01-04-2022 | Q36: KP.02.01/2/8067/2022 | R36: 24 | S36: 4 | U36: 102 | W36: Ujung Pandang | X36: 29-12-1967 | Y36: =YEAR(NOW())-YEAR(X36) -> #VALUE! | Z36: =IF(AND(Y36>=21,Y36<=35),"21-35",IF(AND(Y36>35,Y36<=45),"36-45",IF(AND(Y36>45,Y36<=58),"46-58",IF(Y36>58,"Lebih dari 58",0)))) -> #VALUE! | AB36: Dokter Spesialis Anestesiologi | AC36: DOKTER SPESIALIS | AD36: TENAGA MEDIS | AE36: KSM Anestesiologi & Terapi Intensif | AF36: MDS | AG36: A | AH36: A | AI36: FELLOW / MS | AJ36: P2414201005 | AK36: 111585-H4-P/8225-24-2-2007 | AL36: 13-12-2007 | AM36: Universitas Hasanuddin | AP36: KSM Anestesiologi & Terapi Intensif | AR36: MANAJEMEN | AS36: MANAJEMEN | AT36: =_xlfn.IFNA(VLOOKUP(D36,'[1]5. 1 Mei 2022'!$C$7:$F$60,4,FALSE),"") | AU36: Ketua KSM | AV36: Ketua KSM Anestesiologi & Terapi Intensif | AW36: 21-12-2020 | AX36: =AW36+1903 -> 46089 | AY36: Direktorat Pelayanan Medik, Keperawatan, dan Penunjang | AZ36: KSM_ANESTESI | BA36: KSM Anestesiologi & Terapi Intensif | BD36: KA_KSM | BE36: MDS | BF36: Ketua KSM Anestesiologi & Terapi Intensif | BI36: DR | BJ36: Dokter Pendidik Klinis Ahli Muda | BK36: =N36 -> III/d | BL36: JFT | BQ36: Dokter Pendidik Klinis Ahli Muda | BR36: 01-12-2021 | BS36: 361.5060 | BT36: 01-12-2000 | BU36: 01-10-2003 | BV36: 19-05-2011 | BW36: =YEAR(NOW())-YEAR(BV36) -> #VALUE! | BX36: =DATEDIF(BV36,NOW(),"YM") -> #VALUE! | CA36: Islam | CB36: Menikah | CC36: 2 | CD36: 1 | CE36: Menanggung | CL36: 7311501418081818 | CM36: 29-12-2023 | CN36: 123 | CO36: 124/B.15b/31.74.06/-1.779.3/e/2018 | CP36: 29-12-2023 | CQ36: 123 | CR36: 2293 | CS36: Dicek Melalui Situs Pangkalan Data Pendidikan Tinggi (Sp1 Universitas Hasanuddin) | CV36: KP.00.02/II.4/4051/2013 // KP.00.02/II.4/4938/2015 | CW36: Spesialis Anestesi Universitas Hasanuddin // Spesialis Anestesi Universitas Hasanuddin | CX36: 03/12/2013 // 16-11-2015 | DB36: Dicek Melalui Website KKI | DE36: 2023 | DF36: Benar SIP dokter dikeluarkan oleh UP PTSP Kec Cilandak | DG36: 210/-072.1 | DH36: 2023 | DI36: KP.00.02/II.4/5142/2016 | DJ36: 23-08-2016 | DK36: HK.02.03/VIII.2/15141/2019 | DL36: 24-10-2019 | DM36: 69.494.818.3-035.000 | DO36: 0 | DP36: 3173052912670006 | DQ36: Jl. Sasak III No.4A Rt. 001 / 002 Kel. Kelapa Dua Kec. Kebon Jeruk Jakarta Barat | DS36: 08124259878 | DU36: 3 | DV36: Moderna | DY36: 15214/2022 | DZ36: 21-10-2022 | EA36: 21-10-2025 | EB36: 1067975 | EC36: Dokter Spesialis | ED36: NON MANAJERIAL | EE36: Universitas Hasanuddin | EF36: Universitas Hasanuddin
A37: 35 | B37: dr. Diah Retno Widowati, Sp.J.P (K), FIHA | C37: K2010062063 | D37: 197312312014122003 | F37: Ahli Muda | G37: =IF(F37="Ahli Madya",60,IF(F37="Ahli Utama",65,58)) -> 58 | H37: =DATE(YEAR(X37)+G37,MONTH(X37)+1,1) -> 48214 | J37: ASN | K37: PNS | L37: PNS | M37: P | N37: III/d | O37: 3D | P37: 01-04-2022 | Q37: KP.02.01/2/7299/2022 | R37: 14 | S37: 11 | U37: 545 | V37: B 00038243 | W37: Jakarta | X37: 31-12-1973 | Y37: =YEAR(NOW())-YEAR(X37) -> #VALUE! | Z37: =IF(AND(Y37>=21,Y37<=35),"21-35",IF(AND(Y37>35,Y37<=45),"36-45",IF(AND(Y37>45,Y37<=58),"46-58",IF(Y37>58,"Lebih dari 58",0)))) -> #VALUE! | AB37: Dokter Spesialis Jantung + Konsultan Kardiologi Intervensi | AC37: DOKTER SPESIALIS KONSULTAN | AD37: TENAGA MEDIS | AE37: KSM Jantung & Pembuluh Darah | AF37: MDS | AG37: A | AH37: A | AI37: KONSULTAN | AJ37: 410410204X | AK37: No. NC.09-007939 | AL37: 13-01-2010 | AM37: Universitas Indonesia | AN37: Konsultan Kardiologi Intervensi + Konsultan Perawatan Intensif dan Kegawat Kardiovaskular | AO37: 14-02-2022 // 01-09-2021 | AP37: KSM Jantung & Pembuluh Darah | AR37: MANAJEMEN | AS37: MANAJEMEN | AT37: =_xlfn.IFNA(VLOOKUP(D37,'[1]5. 1 Mei 2022'!$C$7:$F$60,4,FALSE),"") | AU37: Ketua KSM | AV37: Ketua KSM Jantung & Pembuluh Darah | AW37: 21-12-2020 | AX37: =AW37+1903 -> 46089 | AY37: Direktorat Pelayanan Medik, Keperawatan, dan Penunjang | AZ37: KSM_JANTUNG | BA37: KSM Jantung & Pembuluh Darah | BD37: KA_KSM | BE37: MDS | BF37: Ketua KSM Jantung & Pembuluh Darah | BI37: DR | BJ37: Dokter Ahli Muda | BK37: =N37 -> III/d | BL37: JFT | BP37: - | BQ37: Dokter Ahli Muda | BR37: 01-12-2021 | BS37: 304.5480 | BT37: 01-12-2014 | BU37: 01-05-2016 | BV37: 01-06-2010 | BW37: =YEAR(NOW())-YEAR(BV37) -> 13 | BX37: =DATEDIF(BV37,NOW(),"YM") -> 3 | BZ37: BB 00006672 | CA37: Islam | CB37: Menikah | CC37: 1 | CD37: 1 | CE37: Menanggung | CL37: 3121402420084918 | CM37: 31-12-2025 | CN37: 125 | CO37: 50/B.15B/31.74.06.1001.05.023.S.2.a.b/3/-1.779.3/e/2020 | CP37: 31-12-2025 | CQ37: 125 | CR37: 2248 | CS37: Benar lulusan Dokter Umum UI // Benar lulusan Spesialis FKUI | CT37: 11089/H2.F1.D/PDP.02.01.02/2013 // 13873/H2.F1.D/PDP.00.06/2013 | CU37: 07/10/2013 // 27-12-2013 | CV37: KP.00.02/II.4/4052/2013 | CW37: Spesialis I UI | CX37: 03-12-2013 | CY37: KP.00.02/II.4/2728/2013 | CZ37: Dokter Umum UI | DA37: 26-07-2013 | DB37: Benar STR Dokter Sudah Terregistrasi di database Konsil Kedokteran Indonesia | DC37: KD.01.01/02/KKI/II/0323/2016 | DD37: 09-02-2016 | DE37: 2020 | DF37: Benar SIP dokter dikeluarkan oleh UP PTSP Kec Cilandak | DG37: 210/-072.1 | DH37: 2020 | DI37: 0 // KP.00.02/II.4/6882/2015 | DJ37: 0 // 25-11-2015 | DK37: HK.02.03/VIII.2/15141/2019 | DL37: 24-10-2019 | DM37: 57.023.984.8-086.000 | DO37: 3173081303120012 | DP37: 3173087112730020 | DQ37: Komp. DKI Blok W No. 3 Joglo Rt.12 Rw.04 Kel.Joglo Kec.Kembangan Jakarta Barat 11640 | DS37: 081584346584 | DU37: 3 | DV37: Moderna | DY37: 15229/2022 | DZ37: 07-10-2022 | EA37: 07-10-2025 | EB37: 1009308 | EC37: Dokter Spesialis | ED37: NON MANAJERIAL | EE37: Universitas Indonesia | EF37: Universitas Indonesia
A38: 36 | B38: dr. Dian Pitawati, Sp.K.J | C38: 202005197812022010 | D38: 197812022022212001 | F38: Non Jabfung | G38: =IF(F38="Ahli Madya",60,IF(F38="Ahli Utama",65,58)) -> 58 | H38: =DATE(YEAR(X38)+G38,MONTH(X38)+1,1) -> 50041 | J38: ASN | K38: PPPK | L38: PPPK | M38: P | N38: III/b | O38: 3B | P38: 01-01-2022 | U38: K-103 | W38: Nganjuk | X38: 02-12-1978 | Y38: =YEAR(NOW())-YEAR(X38) -> 45 | Z38: =IF(AND(Y38>=21,Y38<=35),"21-35",IF(AND(Y38>35,Y38<=45),"36-45",IF(AND(Y38>45,Y38<=58),"46-58",IF(Y38>58,"Lebih dari 58",0)))) -> 36-45 | AB38: Dokter Spesialis Kedokteran Jiwa | AC38: DOKTER SPESIALIS | AD38: TENAGA MEDIS | AE38: KSM Kesehatan Jiwa | AF38: MDS | AG38: A | AH38: A | AI38: FELLOW / MS | AJ38: 1006767733 | AK38: NC.14-001106 | AL38: 17-07-2014 | AM38: Universitas Indonesia | AP38: KSM Kesehatan Jiwa | AQ38: 21-12-2020 | AR38: MANAJEMEN | AS38: MANAJEMEN | AT38: =_xlfn.IFNA(VLOOKUP(D38,'[1]5. 1 Mei 2022'!$C$7:$F$60,4,FALSE),"") | AU38: Ketua KSM | AV38: Ketua KSM Kesehatan Jiwa | AW38: 21-12-2020 | AX38: 46089 | AY38: Direktorat Pelayanan Medik, Keperawatan, dan Penunjang | AZ38: KSM_JIWA | BA38: KSM Kesehatan Jiwa | BD38: KA_KSM | BE38: MDS | BF38: Ketua KSM Kesehatan Jiwa | BJ38: 0 | BK38: =N38 -> III/b | BV38: 01-03-2015 | BW38: =YEAR(NOW())-YEAR(BV38) -> 8 | BX38: =DATEDIF(BV38,NOW(),"YM") -> 3 | BY38: 01-05-2020 | CA38: Islam | CB38: Menikah | CC38: 2 | CD38: 1 | CE38: Menanggung | CL38: 3121601319044251 | CM38: 02-12-2024 | CN38: 124 | CO38: 59/B.15b/31.74.06.1001.05.023.S.2/3/-1.779.3/e/2019 | CP38: 02-12-2024 | CQ38: 124 | CR38: 2364 | CS38: Benar Lulusan Dokter Umum Universitas Brawijaya // Benar lulusan Sp1 FKUI | CT38: 1339/UN10.7/AK/2015 // 1709/UN2.F1.D1/PDP.00.06/2015 | CU38: 11-02-2015 // 09-02-2015 | CV38: KP.00.02/II.4/59/2015 | CW38: Sp 1 Universitas Indonesia | CX38: 15-01-2015 | CY38: KP.00.02/II.4/70/2015 | CZ38: Dokter Umum Universitas Brawijaya | DA38: 15-01-2015 | DB38: Benar STR Dokter Sudah Terregistrasi di database Konsil Kedokteran Indonesia | DC38: KD.01.01/02/KKI/II/0323/2016 | DD38: 09-02-2016 | DI38: KP.00.02/II.4/71/2015 // KP.00.02/II.4/6882/2015 | DJ38: 15-01-2015 // 25-11-2015 | DK38: HK.02.03/VIII.2/9541/2019 | DL38: 29-07-2019 | DM38: 73.625.124.0-013.000 | DP38: 3174054212780002 | DQ38: Jl. Kebon Kelapa Rt 006 Rw 011 Grogol Selatan Kebayoran Lama Jakarta | DR38: Jl. H. Soleh II/22 Sukabumi Selatan Kebon Jeruk Jakarta Barat 11560 | DS38: 081380904745 | DT38: Dianpitawati@gmail.com | DU38: 3 | DV38: Moderna | DY38: 9421/2021 | DZ38: 15-10-2021 | EB38: 1336830 | EC38: Dokter Spesialis | ED38: NON MANAJERIAL | EE38: Universitas Brawijaya | EF38: Universitas Indonesia | EH38: TUBEL LPDP | EI38: 2022 | EJ38: 2024
A39: 37 | B39: Dr. dr. Bobby Setiadi Dharmawan, Sp.A | C39: 140376483 | D39: 197501172008011013 | F39: Ahli Madya | G39: =IF(F39="Ahli Madya",60,IF(F39="Ahli Utama",65,58)) -> 60 | H39: =DATE(YEAR(X39)+G39,MONTH(X39)+1,1) -> 49341 | J39: ASN | K39: PNS | L39: PNS | M39: L | N39: IV/a | O39: 4A | P39: 01-04-2023 | Q39: KP.02.01/A/19164/2023 | R39: 15 | S39: 9 | U39: 94 | V39: P.088914 | W39: Jakarta | X39: 17-01-1975 | Y39: =YEAR(NOW())-YEAR(X39) -> #VALUE! | Z39: =IF(AND(Y39>=21,Y39<=35),"21-35",IF(AND(Y39>35,Y39<=45),"36-45",IF(AND(Y39>45,Y39<=58),"46-58",IF(Y39>58,"Lebih dari 58",0)))) -> #VALUE! | AB39: Dokter Spesialis Kesehatan Anak + Doktor + Konsultan Nefrologi Anak | AC39: DOKTER SPESIALIS KONSULTAN | AD39: TENAGA MEDIS | AE39: KSM Kesehatan Anak | AF39: MDS | AG39: A | AH39: A | AI39: S3 | AJ39: 0906598070 | AK39: NC.16-000609 | AL39: 05-02-2016 | AM39: Universitas Indonesia | AN39: Konsultan Nefrologi Anak | AO39: 09-07-2010 | AP39: KSM Kesehatan Anak | AR39: MANAJEMEN | AS39: MANAJEMEN | AT39: =_xlfn.IFNA(VLOOKUP(D39,'[1]5. 1 Mei 2022'!$C$7:$F$60,4,FALSE),"") | AU39: Ketua KSM | AV39: Ketua KSM Kesehatan Anak | AW39: 21-12-2020 // 31-07-2018 | AX39: =AW39+1903 -> #VALUE! | AY39: Direktorat Pelayanan Medik, Keperawatan, dan Penunjang | AZ39: KSM_ANAK | BA39: KSM Kesehatan Anak | BD39: KA_KSM | BE39: MDS | BF39: Ketua KSM Kesehatan Anak | BI39: DR | BJ39: Dokter Pendidik Klinis Ahli Muda | BK39: =N39 -> IV/a | BL39: JFT | BP39: - | BQ39: Dokter Pendidik Klinis Ahli Madya | BR39: 01-01-2023 | BS39: 418.3570. | BT39: 01-01-2008 | BU39: 01-10-2009 | BV39: 01-04-2008 | BW39: =YEAR(NOW())-YEAR(BV39) -> 15 | BX39: =DATEDIF(BV39,NOW(),"YM") -> 3 | CA39: Islam | CB39: Menikah | CC39: 2 | CD39: 1 | CE39: Menanggung | CL39: 311120100421049630 | CM39: 17-01-2027 | CN39: 127 | CO39: 193/B.15B/31.74.06.1001.05.023.S.2.a.b/3/-1.779.3/e/2021 | CP39: 17-01-2027 | CQ39: 127 | CR39: 2191 | CS39: Benar Lulusan Sp1 FKUI // Benar Lulusan Dokter Umum FKUI // Benar Lulusan Doktor UI | CT39: 0 // 10941/UN2.F1.D1.2/PDP.02.01.02/2016 // 11902/UN2.F1.D/PDP.01/2016 | CU39: 14-02-2012 // 01-09-2016 // 19-09-2016 | CV39: KP.00.02/II.4/110/2012 KP.00.02/II.4/5302/2016 | CW39: Dokter Spesialis Anak UI // S3 UI | CX39: 18-01-2012 // 31-08-2016 | CY39: KP.00.02/II.4/5048/2016 | CZ39: Dokter Umum UI | DA39: 15-08-2016 | DB39: Dicek Melalui Website KKI | DE39: 2022 | DF39: Benar SIP dokter dikeluarkan oleh UP PTSP Kec Cilandak | DG39: 210/-072.1 | DH39: 2022 | DK39: HK.02.03/VIII.2/15141/2019 | DL39: 24-10-2019 | DM39: 25.305.916.6-009.000 | DO39: 0 | DP39: 3175101701750004 | DQ39: Jl. Ampel No.62 Rt. 007 / 007 Kel. Lubang Jaya Kec. Cipayung Jakarta Timur | DS39: 08551075467 | DT39: bosedh@gmail.com | DU39: 3 | DV39: Moderna | DY39: 3475/2023 | DZ39: 30-01-2023 | EA39: 16-09-2025 | EB39: 0 | EC39: Dokter Spesialis | ED39: NON MANAJERIAL | EE39: Universitas Indonesia | EF39: Universitas Indonesia | EG39: Kolegium Ilmu Kesehatan Anak
A40: 38 | B40: dr. Faisal Mi'raj, Sp.OT | C40: 197506262009121002 | D40: 197506262009121002 | F40: Ahli Muda | G40: =IF(F40="Ahli Madya",60,IF(F40="Ahli Utama",65,58)) -> 58 | H40: =DATE(YEAR(X40)+G40,MONTH(X40)+1,1) -> 48761 | J40: ASN | K40: PNS | L40: PNS | M40: L | N40: III/d | O40: 3D | P40: 01-10-2020 | R40: 11 | S40: 2 | U40: 120 | W40: Jakarta | X40: 26-06-1975 | Y40: =YEAR(NOW())-YEAR(X40) -> #VALUE! | Z40: =IF(AND(Y40>=21,Y40<=35),"21-35",IF(AND(Y40>35,Y40<=45),"36-45",IF(AND(Y40>45,Y40<=58),"46-58",IF(Y40>58,"Lebih dari 58",0)))) -> #VALUE! | AB40: Dokter Spesialis Orthopaedi + Konsultan Pediatric | AC40: DOKTER SPESIALIS KONSULTAN | AD40: TENAGA MEDIS | AE40: KSM Orthopaedi & Traumatologi | AF40: MDS | AG40: A | AH40: A | AI40: KONSULTAN | AJ40: 4103172117 | AK40: 0025/Sp-FK/1/2009 | AL40: 31-01-2009 | AM40: Universitas Indonesia | AN40: Konsultan Pediatric | AO40: 09-08-2019 | AP40: KSM Orthopaedi & Traumatologi | AR40: MANAJEMEN | AS40: MANAJEMEN | AT40: =_xlfn.IFNA(VLOOKUP(D40,'[1]5. 1 Mei 2022'!$C$7:$F$60,4,FALSE),"") | AU40: Ketua KSM | AV40: Ketua KSM Orthopaedi & Traumatologi | AW40: 01-03-2022 | AX40: =AW40+1903 -> 46524 | AY40: Direktorat Pelayanan Medik, Keperawatan, dan Penunjang | AZ40: KSM_ORTHOPAEDI | BA40: KSM Orthopaedi & Traumatologi | BD40: KA_KSM | BE40: MDS | BF40: Ketua KSM Orthopaedi & Traumatologi | BI40: DR | BJ40: Dokter Pendidik Klinis Ahli Muda | BK40: =N40 -> III/d | BL40: JFT | BP40: - | BQ40: Dokter Pendidik Klinis Ahli Muda | BR40: 01-06-2020 | BS40: 305.8120 | BT40: 01-12-2009 | BU40: 01-08-2011 | BV40: 01-08-2009 | BW40: =YEAR(NOW())-YEAR(BV40) -> 14 | BX40: =DATEDIF(BV40,NOW(),"YM") -> 3 | CA40: Islam | CB40: Menikah | CC40: 2 | CD40: 1 | CE40: Menanggung | CL40: 311110306319100814 | CM40: 26-06-2024 | CN40: 124 | CO40: 25/B.15b/31.74.06/-1.779.3/e/2019 | CP40: 26-06-2024 | CQ40: 124 | CR40: 2214 | CS40: Benar Lulusan Sp1 FKUI // Benar Lulusan Dokter Umum FKUI | CT40: 0 // 13873/H2.F1.D/PDP.00.06/2013 | CU40: 14-02-2012 // 27-12-2013 | CV40: KP.00.02/II.4/110/2012 | CW40: Spesialis I UI | CX40: 18-01-2012 | CY40: KP.00.02/II.4/4052/2013 | CZ40: Dokter Umum UI | DA40: 03-12-2013 | DB40: Benar STR Dokter Sudah Terregistrasi di database Konsil Kedokteran Indonesia | DC40: KD.01.01/02/KKI/II/0323/2016 | DD40: 09-02-2016 | DF40: Benar SIP dokter dikeluarkan oleh UP PTSP Kec Cilandak | DG40: 210/-072.1 | DH40: 2024 | DK40: HK.02.03/VIII.2/15141/2019 | DL40: 24-10-2019 | DM40: 79.565.573.7-013.000 | DO40: 0 | DP40: 3174072606750003 | DQ40: Jl. Pendidikan No. 50 Rt. 010 / 006 Kel. Bintaro Kec. Pesanggrahan Jakarta Selatan | DS40: 087783386315 | DT40: icalortho@gmail.com | DU40: 1 | DV40: CoronaVac | DY40: 2269/2020 | DZ40: 44069 | EA40: 45164 | EB40: 772036 | EC40: Dokter Spesialis | ED40: NON MANAJERIAL | EE40: Universitas Indonesia | EF40: Universitas Indonesia | EG40: Kolegium Ilmu Orthopaedi dan Traumatologi
A41: 39 | B41: dr. Dwi Syanthi Andriasari, Sp.P | C41: 140240966 | D41: 196408021989102001 | F41: Ahli Utama | G41: =IF(F41="Ahli Madya",60,IF(F41="Ahli Utama",65,58)) -> 65 | H41: =DATE(YEAR(X41)+G41,MONTH(X41)+1,1) -> 47362 | J41: ASN | K41: PNS | L41: PNS | M41: P | N41: IV/e | O41: 4E | P41: 01-04-2020 | R41: 30 | S41: 6 | U41: 55 | W41: Jakarta | X41: 02-08-1964 | Y41: =YEAR(NOW())-YEAR(X41) -> 59 | Z41: =IF(AND(Y41>=21,Y41<=35),"21-35",IF(AND(Y41>35,Y41<=45),"36-45",IF(AND(Y41>45,Y41<=58),"46-58",IF(Y41>58,"Lebih dari 58",0)))) -> Lebih dari 58 | AB41: Dokter Spesialis Pulmonologi | AC41: DOKTER SPESIALIS | AD41: TENAGA MEDIS | AE41: KSM Paru | AF41: MDS | AG41: A | AH41: A | AI41: FELLOW / MS | AJ41: - | AK41: 112/PPDS/1999 | AL41: 08-09-1999 | AM41: Universitas Indonesia | AP41: KSM Paru | AR41: MANAJEMEN | AS41: MANAJEMEN | AT41: =_xlfn.IFNA(VLOOKUP(D41,'[1]5. 1 Mei 2022'!$C$7:$F$60,4,FALSE),"") | AU41: Ketua KSM | AV41: Ketua KSM Paru | AW41: 21-12-2020 | AX41: =AW41+1903 -> 46089 | AY41: Direktorat Pelayanan Medik, Keperawatan, dan Penunjang | AZ41: KSM_PARU | BA41: KSM Paru | BD41: KA_KSM | BE41: MDS | BF41: Ketua KSM Paru | BI41: DR | BJ41: Dokter Pendidik Klinis Ahli Utama | BK41: =N41 -> IV/e | BL41: JFT | BP41: - | BQ41: Dokter Pendidik Klinis Ahli Utama | BR41: 01-09-2016 | BT41: 01-10-1989 | BV41: 22-05-2000 | BW41: =YEAR(NOW())-YEAR(BV41) -> #VALUE! | BX41: =DATEDIF(BV41,NOW(),"YM") -> #VALUE! | BZ41: BB 00028039 | CA41: Islam | CB41: Menikah | CC41: 3 | CD41: 1 | CE41: Menanggung | CH41: 2010 | CI41: 2010 | CL41: 3121604422064275 | CM41: 02-08-2027 | CN41: 127 | CO41: 202/B.15B/31.74.06.1001.05.023.S.2/3/-1.779.3/e/2022 | CP41: 02-08-2027 | CQ41: 127 | CR41: 2067 | CS41: Benar Lulusan Sp1 FKUI // Benar lulusan Dokter Umum Universitas Brawijaya | CU41: 14-02-2012 // 05-09-2013 | CV41: KP.00.02/II.4/110/2012 | CW41: Spesialis I UI | CX41: 18-01-2012 | CY41: KP.00.02/II.4/2707/2013 | CZ41: Dokter Umum Universitas Brawijaya | DA41: 24-07-2013 | DB41: Benar STR Dokter dikeluarkan oleh Konsil Kedokteran Indonesia | DC41: KD.01.01/02/KKI/IX/4754/2016 | DD41: 29-09-2016 | DE41: 2022 | DF41: Benar SIP dokter dikeluarkan oleh UP PTSP Kec Cilandak | DG41: 210/-072.1 | DH41: 2022 | DI41: KP.00.02/II.4/5142/2016 | DJ41: 23-08-2016 | DK41: HK.02.03/VIII.2/15141/2019 | DL41: 24-10-2019 | DM41: 478437684077001 | DO41: 0 | DP41: 3171074208640003 | DQ41: Jl Danau Medara B I no 64 RT 005 Rw 004 Bendungan Hlir Tanah Abang Jakarta Pusat | DR41: Jl. Karet Belakang No. 33 Setiabudi Jakarta Selatan 12920 | DS41: 089690748984 | DT41: dwisyanthi@gmail.com | DU41: 3 | DV41: Moderna | DY41: HK.01.07/VIII.2/11361/2018 | DZ41: 15-10-2018 | EB41: 396031 | EC41: Dokter Spesialis | ED41: NON MANAJERIAL | EE41: Universitas Brawijaya | EF41: Universitas Indonesia
A42: 40 | B42: dr. Erlina, Sp.PA | C42: 510142187 | D42: 197802152005012007 | F42: Ahli Madya | G42: =IF(F42="Ahli Madya",60,IF(F42="Ahli Utama",65,58)) -> 60 | H42: =DATE(YEAR(X42)+G42,MONTH(X42)+1,1) -> 50465 | J42: ASN | K42: PNS | L42: PNS | M42: P | N42: IV/b | O42: 4B | P42: 01-04-2021 | R42: 16 | S42: 3 | U42: 25 | V42: M.105993 | W42: Surabaya | X42: 15-02-1978 | Y42: =YEAR(NOW())-YEAR(X42) -> #VALUE! | Z42: =IF(AND(Y42>=21,Y42<=35),"21-35",IF(AND(Y42>35,Y42<=45),"36-45",IF(AND(Y42>45,Y42<=58),"46-58",IF(Y42>58,"Lebih dari 58",0)))) -> #VALUE! | AB42: Dokter Spesialis Patologi Anatomi | AC42: DOKTER SPESIALIS | AD42: TENAGA MEDIS | AE42: KSM Patologi Anatomi | AF42: MDS | AG42: A | AH42: A | AI42: FELLOW / MS | AJ42: 011181405 | AK42: 33/001004/01.21/Sp/2015 | AL42: 30-06-2015 | AM42: Universitas Airlangga | AP42: KSM Patologi Anatomi | AQ42: 21-12-2020 | AR42: MANAJEMEN | AS42: MANAJEMEN | AT42: =_xlfn.IFNA(VLOOKUP(D42,'[1]5. 1 Mei 2022'!$C$7:$F$60,4,FALSE),"") | AU42: Ketua KSM | AV42: Ketua KSM Patologi Anatomi | AW42: 21-12-2020 | AX42: =AW42+1903 -> 46089 | AY42: Direktorat Pelayanan Medik, Keperawatan, dan Penunjang | AZ42: KSM_PA | BA42: KSM Patologi Anatomi | BD42: KA_KSM | BE42: MDS | BF42: Ketua KSM Patologi Anatomi | BI42: DR | BJ42: Dokter Ahli Madya | BK42: =N42 -> IV/b | BL42: JFT | BP42: - | BQ42: Dokter Ahli Madya | BR42: 01-12-2020 | BS42: 600.6580 | BT42: 01-01-2005 | BV42: 01-10-2009 | BW42: =YEAR(NOW())-YEAR(BV42) -> 14 | BX42: =DATEDIF(BV42,NOW(),"YM") -> 3 | CA42: Islam | CB42: Menikah | CC42: 2 | CD42: 1 | CE42: Menanggung | CL42: 3521704420039360 | CM42: 15-02-2025 | CN42: 125 | CO42: 91/B.15B/31.74.06.1001.05.023.S.2.a.b/3/-1.779.3/e/2020 | CP42: 15-02-2025 | CQ42: 125 | CR42: 2231 | CS42: Benar lulusan Dokter umum Universitas Airlangga // Benar Lulusan Sp1 Universitas Airlangga | CT42: 4259/UN.1.1/PPd.10/2013 // 495/UN3.1.1/PPd.6/2016 | CU42: 30-10-2013 // 25-01-2016 | CV42: KP.00.02/II.4/31/2016 | CW42: Sp1 Universitas Airlangga | CX42: 07-01-2016 | CY42: KP.00.02/II.4/3303/2013 | CZ42: Dokter Umum Universitas Airlangga | DA42: 19-09-2013 | DB42: Benar STR Dokter Sudah Terregistrasi di database Konsil Kedokteran Indonesia // Benar STR Dokter terregistrasi di KKI | DC42: KD.01.01/02/KKI/II/0325/2016 // KD.01.01/02/KKI/IX/4341/2016 | DD42: 09-02-2016 // 05-09-2016 | DF42: Benar SIP dokter dikeluarkan oleh UP PTSP Kec Cilandak | DG42: 210/-072.1 | DH42: 2020 | DI42: KP.00.02/II.4/6882/2015 // KP.00.02/II.4/30/2016 // KP.00.02/II.4/4950/2016 | DJ42: 25-11-2015 // 07-01-2016 // 09-08-2016 | DK42: HK.02.03/VIII.2/15141/2019 | DL42: 24-10-2019 | DM42: 67.976.881.2-432.000 | DO42: 0 | DP42: 3276045502780005 | DQ42: Jl. Cilobak IV No.134 Kel. Pangkalan Jati Kec. Cinere Kota Depok | DR42: Perumahan Villa Mutiara Cinere Blok D2/22 Grogol Limo Depok | DS42: 087855836868 | DT42: erlinapatologi78@yahoo.com | DU42: 3 | DV42: Moderna | DY42: 10777/2021 | DZ42: 07-11-2021 | EA42: 06-10-2024 | EB42: 1013131 | EC42: Dokter Spesialis | ED42: NON MANAJERIAL | EE42: Universitas Airlangga | EF42: Universitas Airlangga
A43: 41 | B43: dr. Hastari Soekardi, Sp.S | C43: 140261119 | D43: 196508101991032001 | F43: Ahli Utama | G43: =IF(F43="Ahli Madya",60,IF(F43="Ahli Utama",65,58)) -> 65 | H43: =DATE(YEAR(X43)+G43,MONTH(X43)+1,1) -> 47727 | J43: ASN | K43: PNS | L43: PNS | M43: P | N43: IV/e | O43: 4E | P43: 01-04-2021 | R43: 30 | S43: 1 | U43: 141 | V43: E. 950070 | W43: Bandung | X43: 10-08-1965 | Y43: =YEAR(NOW())-YEAR(X43) -> 58 | Z43: =IF(AND(Y43>=21,Y43<=35),"21-35",IF(AND(Y43>35,Y43<=45),"36-45",IF(AND(Y43>45,Y43<=58),"46-58",IF(Y43>58,"Lebih dari 58",0)))) -> 46-58 | AB43: Dokter Spesialis Saraf | AC43: DOKTER SPESIALIS | AD43: TENAGA MEDIS | AE43: KSM Neurologi | AF43: MDS | AG43: A | AH43: A | AI43: FELLOW / MS | AK43: J06.4726/Sp.I.C.J008 | AL43: 09-02-1999 | AM43: Universitas Padjadjaran Bandung | AP43: KSM Neurologi | AR43: MANAJEMEN | AS43: MANAJEMEN | AT43: =_xlfn.IFNA(VLOOKUP(D43,'[1]5. 1 Mei 2022'!$C$7:$F$60,4,FALSE),"") | AU43: Ketua KSM | AV43: Ketua KSM Neurologi | AW43: 21-12-2020 // '01-05-2019 // 31-07-2018 | AX43: =AW43+1903 -> #VALUE! | AY43: Direktorat Pelayanan Medik, Keperawatan, dan Penunjang | AZ43: KSM_NEUROLOGI | BA43: KSM Neurologi | BD43: KA_KSM | BE43: MDS | BF43: Ketua KSM Neurologi | BG43: Anggota Sub Komite Mutu Profesi Komite Medik | BH43: Pembimbing Klinik Peserta Didik Kedokteran | BI43: DR | BJ43: Dokter Pendidik Klinis Ahli Utama | BK43: =N43 -> IV/e | BL43: JFT | BP43: - | BQ43: Dokter Pendidik Klinis Ahli Utama | BR43: 31-03-2017 | BT43: 01-03-1991 | BV43: 01-06-1999 | BW43: =YEAR(NOW())-YEAR(BV43) -> 24 | BX43: =DATEDIF(BV43,NOW(),"YM") -> 3 | CA43: Kristen Protestan | CB43: Menikah | CC43: 2 | CD43: 1 | CE43: Menanggung | CH43: 2007 | CI43: 2012 | CL43: 3221605421019422 | CM43: 10-08-2026 | CN43: 126 | CO43: 122/B.15B/31.74.06.1001.05.023.S.2.a.b/3/-1.779.3/e/2021 | CP43: 10-08-2026 | CQ43: 126 | CR43: 2082 | CV43: KP.00.02/II.4/2689/2012 // KP.00.02/II.4/4078/2013 // KP.00.02/II.4/4953/2015 | CW43: Spesialis I Universitas Padjadjaran // Spesialis I Universitas Padjadjaran // Spesialis I Universitas Padjadjaran | CX43: 03/10/2012 // 03-12-2013 // 17-11-2015 | CY43: KP.00.02/II.4/2702/2013 // KP.00.02/II.4/4078/2013 | CZ43: Dokter Umum Universitas Padjadjaran // Dokter Umum Universitas Padjadjaran | DA43: 24-07-2013 // 03-12-2013 | DB43: Benar STR Dokter dikeluarkan oleh Konsil Kedokteran Indonesia | DC43: KD.01.01/02/KKI/IX/4754/2016 | DD43: 29-09-2016 | DE43: 2021 | DF43: Benar SIP dokter dikeluarkan oleh UP PTSP Kec Cilandak | DG43: 210/-072.1 | DH43: 29-10-2019 | DI43: KP.00.02/II.4/5142/2016 | DJ43: 23-08-2016 | DK43: HK.02.03/VIII.2/15141/2019 | DL43: 24-10-2019 | DM43: 09.319.709.3-411.000 | DO43: 3674060704100231 | DP43: 3674065008650004 | DQ43: Pamulang Vila Blok CD.2/27 Rt. 002/017 Kel. Pondok benda Kec. Pamulang Tangerang Selatan | DS43: 08129294232 | DT43: hastari2@gmail.com | DU43: 3 | DV43: Moderna | DY43: 5305/2022 | DZ43: 28-04-2022 | EA43: 08-04-2025 | EB43: 410841 | EC43: Dokter Spesialis | ED43: NON MANAJERIAL | EE43: Universitas Padjadjaran | EF43: Universitas Padjadjaran Bandung
A44: 42 | B44: dr. Heditya Damayanti Isbagio, Sp.T.H.T.K.L | C44: 140376488 | D44: 197107242008012015 | F44: Ahli Madya | G44: =IF(F44="Ahli Madya",60,IF(F44="Ahli Utama",65,58)) -> 60 | H44: =DATE(YEAR(X44)+G44,MONTH(X44)+1,1) -> 48061 | J44: ASN | K44: PNS | L44: PNS | M44: P | N44: IV/a | O44: 4A | P44: 01-10-2021 | R44: 16 | S44: 0 | U44: 88 | V44: P.088908 | W44: Jakarta | X44: 24-07-1971 | Y44: =YEAR(NOW())-YEAR(X44) -> #VALUE! | Z44: =IF(AND(Y44>=21,Y44<=35),"21-35",IF(AND(Y44>35,Y44<=45),"36-45",IF(AND(Y44>45,Y44<=58),"46-58",IF(Y44>58,"Lebih dari 58",0)))) -> #VALUE! | AB44: Dokter Spesialis Penyakit THT | AC44: DOKTER SPESIALIS | AD44: TENAGA MEDIS | AE44: KSM Telinga, Hidung, Tenggorokan - Bedah Kepala Leher | AF44: MDS | AG44: A | AH44: A | AI44: FELLOW / MS | AJ44: 4100092023 | AK44: 0151/Sp-FK/2/2005 | AL44: 09-09-2005 | AM44: Universitas Indonesia | AP44: KSM Telinga, Hidung, Tenggorokan - Bedah Kepala Leher | AQ44: 01-04-2008 | AR44: MANAJEMEN | AS44: MANAJEMEN | AT44: =_xlfn.IFNA(VLOOKUP(D44,'[1]5. 1 Mei 2022'!$C$7:$F$60,4,FALSE),"") | AU44: Ketua KSM | AV44: Ketua KSM Telinga, Hidung, Tenggorokan - Bedah Kepala Leher | AW44: 21-12-2020 // 31-07-2018 | AX44: =AW44+1903 -> #VALUE! | AY44: Direktorat Pelayanan Medik, Keperawatan, dan Penunjang | AZ44: KSM_THT | BA44: KSM Telinga, Hidung, Tenggorokan - Bedah Kepala Leher | BD44: KA_KSM | BE44: MDS | BF44: Ketua KSM Telinga, Hidung, Tenggorokan - Bedah Kepala Leher | BI44: DR | BJ44: Dokter Pendidik Klinis Ahli Madya | BK44: =N44 -> IV/a | BL44: JFT | BP44: - | BQ44: Dokter Pendidik Klinis Ahli Madya | BR44: 01-07-2021 | BS44: 407.4560 | BT44: 01-01-2008 | BU44: 01-10-2009 | BV44: 01-04-2008 | BW44: =YEAR(NOW())-YEAR(BV44) -> 15 | BX44: =DATEDIF(BV44,NOW(),"YM") -> 3 | CA44: Islam | CB44: Menikah | CC44: 2 | CD44: 1 | CE44: Menanggung | CL44: 3121606420000598 | CM44: 24-07-2026 | CN44: 126 | CO44: 10/B.15B/31.74.06.1001.05.023.S.2.a.b/3/-1.779.3/e/2021 | CP44: 24-07-2026 | CQ44: 126 | CR44: 2193 | CS44: Benar Lulusan Sp1 FKUI // Benar lulusan Dokter Umum Unika Atma Jaya | CT44: 0 // 5998/III/D.FK-KM.40.02/12/2013 | CU44: 14-02-2012 // 13-12-2013 | CV44: KP.00.02/II.4/110/2012 | CW44: Spesialis I UI | CX44: 18-01-2012 | CY44: KP.00.02/II.4/4056/2013 | CZ44: Dokter Umum Unika Atmajaya | DA44: 03-12-2013 | DB44: Benar STR Dokter terregistrasi di KKI // Dicek Melalui Aplikasi Cek Dokter KKI (2021) | DC44: KD.01.01/02/KKI/IX/4341/2016 | DD44: 42618 | DF44: Benar SIP dokter dikeluarkan oleh UP PTSP Kec Cilandak | DG44: 210/-072.1 | DH44: 2021 | DI44: KP.00.02/II.4/4950/2016 | DJ44: 09-08-2016 | DK44: HK.02.03/VIII.2/15141/2019 | DL44: 24-10-2019 | DM44: 18.019.019.1-003.000 | DO44: 0 | DP44: 3175026407710007 | DQ44: Jl Lele III No 28 RT 004 RW 011 Jati Pulo Gadung Jakarta Timur | DS44: 083873713763 | DT44: heditya.damayanti@gmail.com | DU44: 1 | DV44: CoronaVac | DY44: 3930/2022 | DZ44: 28-03-2022 | EA44: 11-03-2025 | EB44: 834802 | EC44: Dokter Spesialis | ED44: NON MANAJERIAL | EE44: Universitas Atmajaya | EF44: Universitas Indonesia
A45: 43 | B45: dr. I Ketut Sukarata, Sp.KK | C45: 140240536 | D45: 196210071989101001 | F45: Ahli Utama | G45: =IF(F45="Ahli Madya",60,IF(F45="Ahli Utama",65,58)) -> 65 | H45: =DATE(YEAR(X45)+G45,MONTH(X45)+1,1) -> 46692 | J45: ASN | K45: PNS | L45: PNS | M45: L | N45: IV/d | O45: 4D | P45: 01-04-2022 | Q45: Nomor 12/K Tahun 2022 | R45: 32 | S45: 6 | U45: 106 | W45: Klungkung | X45: 07-10-1962 | Y45: =YEAR(NOW())-YEAR(X45) -> 61 | Z45: =IF(AND(Y45>=21,Y45<=35),"21-35",IF(AND(Y45>35,Y45<=45),"36-45",IF(AND(Y45>45,Y45<=58),"46-58",IF(Y45>58,"Lebih dari 58",0)))) -> Lebih dari 58 | AB45: Dokter Spesialis Penyakit Kulit dan Kelamin | AC45: DOKTER SPESIALIS | AD45: TENAGA MEDIS | AE45: KSM Dermatologi dan Venereologi | AF45: MDS | AG45: A | AH45: A | AI45: FELLOW / MS | AJ45: 3194080024 | AK45: 108/PPDS/2000 | AL45: 14-06-2000 | AM45: Universitas Indonesia | AP45: KSM Dermatologi dan Venereologi | AR45: MANAJEMEN | AS45: MANAJEMEN | AT45: =_xlfn.IFNA(VLOOKUP(D45,'[1]5. 1 Mei 2022'!$C$7:$F$60,4,FALSE),"") | AU45: Ketua KSM | AV45: Ketua KSM Dermatologi dan Venereologi | AW45: 21-12-2020 // 31-07-2018 | AX45: =AW45+1903 -> #VALUE! | AY45: Direktorat Pelayanan Medik, Keperawatan, dan Penunjang | AZ45: KSM_KULIT | BA45: KSM Dermatologi dan Venereologi | BD45: KA_KSM | BE45: MDS | BF45: Ketua KSM Dermatologi dan Venereologi | BI45: DR | BJ45: Dokter Pendidik Klinis Ahli Utama | BK45: =N45 -> IV/d | BL45: JFT | BP45: - | BQ45: Dokter Pendidik Klinis Ahli Utama | BR45: 30-03-2021 | BT45: 01-10-1989 | BV45: 09-10-2002 | BW45: =YEAR(NOW())-YEAR(BV45) -> 21 | BX45: =DATEDIF(BV45,NOW(),"YM") -> 7 | CA45: Hindu | CB45: Menikah | CC45: 2 | CD45: 1 | CE45: Menanggung | CH45: 2010 | CI45: 2010 | CL45: 3111602422070901 | CM45: 07-10-2027 | CN45: 127 | CO45: 275/B.15B/31.74.06.1001.05.023.S.2.a.b/3/-1.779.3/e/2022 | CP45: 07-10-2027 | CQ45: 127 | CR45: 2092 | CS45: Benar Lulusan Sp1 FKUI | CU45: 14-02-2012 | CV45: KP.00.02/II.4/110/2012 | CW45: Spesialis I UI | CX45: 18-01-2012 | CY45: KP.00.02/II.4/2708/2013 // KP.00.02/II.4/5114/2016 | CZ45: Dokter Umum Universitas Udayana // Dokter Umum Universitas Udayana | DA45: 24-07-2013 // 19-08-2016 | DB45: Dicek Melalui Website KKI | DE45: 2022 | DF45: Benar SIP dokter dikeluarkan oleh UP PTSP Kec Cilandak | DG45: 210/-072.1 | DH45: 2022 | DK45: HK.02.03/VIII.2/15141/2019 | DL45: 24-10-2019 | DM45: 09.813.261.6-412.000 | DO45: 0 | DP45: 3276050710620005 | DQ45: Pesona Khayangan Blok FC No.3 Rt. 012/028 Kel. Mekarjaya Kec. Sukmajaya | DS45: 0818111814 | DT45: gsc.ketut@yahoo.com | DU45: 3 | DV45: Moderna | DY45: 11599/2021 | DZ45: 29-11-2021 | EB45: 533129 | EC45: Dokter Spesialis | ED45: NON MANAJERIAL | EE45: Universitas Indonesia | EF45: Universitas Indonesia
A46: 44 | B46: dr. Marina Epriliawati, Sp.PD, KEMD, FINASIM | C46: K20110520216 | D46: 198004122014122001 | F46: Ahli Muda | G46: =IF(F46="Ahli Madya",60,IF(F46="Ahli Utama",65,58)) -> 58 | H46: =DATE(YEAR(X46)+G46,MONTH(X46)+1,1) -> 50526 | J46: ASN | K46: PNS | L46: PNS | M46: P | N46: III/c | O46: 3C | P46: 01-04-2021 | R46: 9 | S46: 11 | U46: 480 | V46: B 00019023 | W46: Jakarta | X46: 12-04-1980 | Y46: =YEAR(NOW())-YEAR(X46) -> 43 | Z46: =IF(AND(Y46>=21,Y46<=35),"21-35",IF(AND(Y46>35,Y46<=45),"36-45",IF(AND(Y46>45,Y46<=58),"46-58",IF(Y46>58,"Lebih dari 58",0)))) -> 36-45 | AB46: Dokter Spesialis Penyakit Dalam + Konsultan Endokrinologi, Metabolisme, dan Diabetes | AC46: DOKTER SPESIALIS KONSULTAN | AD46: TENAGA MEDIS | AE46: KSM Penyakit Dalam | AF46: MDS | AG46: A | AH46: A | AI46: KONSULTAN | AJ46: 4105020055 | AK46: 0050/Sp-FK/1/2011 | AL46: 24-01-2011 | AM46: Universitas Indonesia | AN46: Konsultan Endokrinologi, Metabolisme, dan Diabetes | AO46: 30-01-2019 | AP46: KSM Penyakit Dalam | AR46: MANAJEMEN | AS46: MANAJEMEN | AT46: =_xlfn.IFNA(VLOOKUP(D46,'[1]5. 1 Mei 2022'!$C$7:$F$60,4,FALSE),"") | AU46: Ketua KSM | AV46: Ketua KSM Penyakit Dalam | AW46: 21-12-2020 // 31-07-2018 | AX46: =AW46+1903 -> #VALUE! | AY46: Direktorat Pelayanan Medik, Keperawatan, dan Penunjang | AZ46: KSM_P_DALAM | BA46: KSM Penyakit Dalam | BD46: KA_KSM | BE46: MDS | BF46: Ketua KSM Penyakit Dalam | BG46: Pembimbing Klinik Peserta Didik Kedokteran | BI46: DR | BJ46: Dokter Ahli Muda | BK46: =N46 -> III/c | BL46: JFT | BQ46: Dokter Ahli Muda | BR46: 01-12-2020 | BS46: 223.7230 | BT46: 01-12-2014 | BU46: 01-05-2016 | BV46: 01-05-2011 | BW46: =YEAR(NOW())-YEAR(BV46) -> 12 | BX46: =DATEDIF(BV46,NOW(),"YM") -> 3 | CA46: Islam | CB46: Menikah | CC46: 3 | CD46: 1 | CE46: Menanggung | CL46: 312140100421084372 | CM46: 12-04-2027 | CN46: 127 | CO46: 66/B.15B/31.74.06.1001.05.023.S.2/3/-1.779.3/e/2022 | CP46: 12-04-2027 | CQ46: 127 | CR46: 2291 | CS46: Benar Lulusan Sp1 FKUI // Benar lulusan Dokter Umum UI // Dicek Melalui Forlap Dikti (Sp2) | CT46: 0 // 11089/H2.F1.D/PDP.02.01.02/2013 | CU46: 14-02-2012 // 07-10-2013 | CV46: KP.00.02/II.4/110/2012 | CW46: Dokter Spesialis Penyakit Dalam UI | CX46: 18-01-2012 | CY46: KP.00.02/II.4/2728/2013 | CZ46: Dokter Umum UI | DA46: 26-07-2013 | DB46: Benar STR Dokter terregistrasi di KKI | DC46: KD.01.01/02/KKI/IX/4341/2016 | DD46: 05-09-2016 | DF46: Benar SIP dokter dikeluarkan oleh UP PTSP Kec Cilandak | DG46: 210/-072.1 | DH46: 2022 | DI46: KP.00.02/II.4/4950/2016 | DJ46: 09-08-2016 | DK46: HK.02.03/VIII.2/15141/2019 | DL46: 24-10-2019 | DM46: 45.217.128.3-002.000 | DO46: 0 | DP46: 3175035204800007 | DQ46: Perum Polonia No. 15 Rt. 012 / 06 Bidaracina Jakarta Timur 13330 | DS46: 0811852776 | DU46: 3 | DV46: Moderna | DY46: 3621/2021 | DZ46: 12-03-2021 | EB46: 0 | EC46: Dokter Spesialis | ED46: NON MANAJERIAL | EE46: Universitas Indonesia | EF46: Universitas Indonesia | EG46: Universitas Indonesia
A47: 45 | B47: dr. Luci Liana, Sp.PK | C47: 140240593 | D47: 196008291989102001 | F47: Ahli Utama | G47: =IF(F47="Ahli Madya",60,IF(F47="Ahli Utama",65,58)) -> 65 | H47: =DATE(YEAR(X47)+G47,MONTH(X47)+1,1) -> 45901 | J47: ASN | K47: PNS | L47: PNS | M47: P | N47: IV/e | O47: 4E | P47: 01-10-2017 | R47: 30 | S47: 0 | U47: 1470 | W47: Pangkal Pinang | X47: 29-08-1960 | Y47: =YEAR(NOW())-YEAR(X47) -> #VALUE! | Z47: =IF(AND(Y47>=21,Y47<=35),"21-35",IF(AND(Y47>35,Y47<=45),"36-45",IF(AND(Y47>45,Y47<=58),"46-58",IF(Y47>58,"Lebih dari 58",0)))) -> #VALUE! | AB47: Dokter Spesialis Patologi Klinik | AC47: DOKTER SPESIALIS | AD47: TENAGA MEDIS | AE47: KSM Patologi Klinik | AF47: MDS | AG47: A | AH47: A | AI47: FELLOW / MS | AJ47: 3193160024 | AK47: 075/PPDS/1997 | AL47: 20-05-1997 | AM47: Universitas Indonesia | AP47: KSM Patologi Klinik | AQ47: 11-03-2019 | AR47: MANAJEMEN | AS47: MANAJEMEN | AT47: =_xlfn.IFNA(VLOOKUP(D47,'[1]5. 1 Mei 2022'!$C$7:$F$60,4,FALSE),"") | AU47: Ketua KSM | AV47: Ketua KSM Patologi Klinik | AW47: 21-12-2020 | AX47: =AW47+1903 -> 46089 | AY47: Direktorat Pelayanan Medik, Keperawatan, dan Penunjang | AZ47: KSM_PK | BA47: KSM Patologi Klinik | BD47: KA_KSM | BE47: MDS | BF47: Ketua KSM Patologi Klinik | BI47: DR | BJ47: Dokter Pendidik Klinis Ahli Utama | BK47: =N47 -> IV/e | BL47: JFT | BP47: - | BQ47: Dokter Pendidik Klinis Ahli Utama | BR47: 01-07-2013 | BT47: 01-10-1989 | BV47: 16-02-1998 | BW47: =YEAR(NOW())-YEAR(BV47) -> #VALUE! | BX47: =DATEDIF(BV47,NOW(),"YM") -> #VALUE! | CA47: Kristen Katolik | CB47: Menikah | CC47: 2 | CD47: 1 | CE47: Menanggung | CI47: 2010 | CJ47: 2009 | CL47: 3121502420000676 | CM47: 29-08-2025 | CN47: 125 | CO47: 12/B.15B/31.74.06.1001.05.023.S.2.a.b/3/-1.779.3/e/2021 | CP47: 29-08-2025 | CQ47: 125 | CR47: 2155 | CS47: Benar Lulusan Sp1 FKUI // Benar lulusan FK Unika Atma Jaya | CU47: 14-02-2012 / 26-08-2013 | CV47: KP.00.02/II.4/110/2012 | CW47: Spesialis I UI | CX47: 18-01-2012 | CY47: KP.00.02/II.4/2697/2013 | CZ47: Dokter Umum Unika Atmajaya | DA47: 24-07-2013 | DB47: Benar STR Dokter terregistrasi di KKI // Dicek Melalui Aplikasi Cek Dokter KKI (2021) | DC47: KD.01.01/02/KKI/IX/4341/2016 | DD47: 05-09-2016 | DF47: Benar SIP dokter dikeluarkan oleh UP PTSP Kec Cilandak | DG47: 210/-072.1 | DH47: 2021 | DI47: KP.00.02/II.4/4950/2016 | DJ47: 09-08-2016 | DK47: HK.02.03/VIII.2/15141/2019 | DL47: 24-10-2019 | DM47: 24.264.264.3-411.000 | DP47: 3172056908600004 | DQ47: Jl Pademangan I Gg 14 No 10 RT 014 RW 004 Pademangan Timur Pademangan Jakarta Utara | DS47: 0816711833 | DT47: luci.liana@yahoo.com | DU47: 3 | DV47: Moderna | DY47: HK.01.07/VIII.2/3887/2019 | DZ47: 08-03-2019 | EB47: 484472 | EC47: Dokter Spesialis | ED47: NON MANAJERIAL | EE47: Universitas Atmajaya | EF47: Universitas Indonesia
A48: 46 | B48: dr. Media Suprihatin, Sp.Rad (K) | C48: 140216080 | D48: 196301151988032016 | F48: Ahli Utama | G48: =IF(F48="Ahli Madya",60,IF(F48="Ahli Utama",65,58)) -> 65 | H48: =DATE(YEAR(X48)+G48,MONTH(X48)+1,1) -> 46784 | J48: ASN | K48: PNS | L48: PNS | M48: P | N48: IV/d | O48: 4D | P48: 01-04-2023 | Q48: NOMOR 7/K TAHUN 2023 | R48: 35 | S48: 1 | U48: 124 | V48: E 555144 | W48: Jakarta | X48: 15-01-1963 | Y48: =YEAR(NOW())-YEAR(X48) -> #VALUE! | Z48: =IF(AND(Y48>=21,Y48<=35),"21-35",IF(AND(Y48>35,Y48<=45),"36-45",IF(AND(Y48>45,Y48<=58),"46-58",IF(Y48>58,"Lebih dari 58",0)))) -> #VALUE! | AB48: Dokter Spesialis Radiologi + Konsultan Radiologi Nuklir | AC48: DOKTER SPESIALIS KONSULTAN | AD48: TENAGA MEDIS | AE48: KSM Radiologi | AF48: MDS | AG48: A | AH48: A | AI48: KONSULTAN | AJ48: 319312003B | AK48: 010/PPDS/1997 | AL48: 07-01-1997 | AM48: Universitas Indonesia | AN48: Konsultan Radiologi Nuklir | AO48: 10-01-2012 | AP48: KSM Radiologi | AQ48: 17-11-2017 | AR48: MANAJEMEN | AS48: MANAJEMEN | AT48: =_xlfn.IFNA(VLOOKUP(D48,'[1]5. 1 Mei 2022'!$C$7:$F$60,4,FALSE),"") | AU48: Ketua KSM | AV48: Ketua KSM Radiologi | AW48: 21-12-2020 // 31-07-2018 | AX48: =AW48+1903 -> #VALUE! | AY48: Direktorat Pelayanan Medik, Keperawatan, dan Penunjang | AZ48: KSM_RADIOLOGI | BA48: KSM Radiologi | BD48: KA_KSM | BE48: MDS | BF48: Ketua KSM Radiologi | BG48: Pembimbing Klinik Peserta Didik Kedokteran | BI48: DR | BJ48: Dokter Ahli utama | BK48: =N48 -> IV/d | BL48: JFT | BQ48: Dokter Ahli Utama | BR48: 17-11-2022 | BS48: 744.0740 | BT48: 01-03-1988 | BU48: 01-05-1989 | BV48: 04-03-2012 | BW48: =YEAR(NOW())-YEAR(BV48) -> 11 | BX48: =DATEDIF(BV48,NOW(),"YM") -> 0 | BZ48: 079395 HH | CA48: Islam | CB48: Menikah | CC48: 1 | CD48: 1 | CE48: Menanggung | CL48: 3121503421043050 | CM48: 15-01-2027 | CN48: 127 | CO48: 142/B.15B/31.74.06.1001.05.023.S.2.a.b/3/-1.779.3/e/2021 | CP48: 15-01-2027 | CQ48: 127 | CR48: 2303 | CS48: Benar lulusan Dokter Umum UI // Benar lulusan Spesialis FKUI | CT48: 11089/H2.F1.D/PDP.02.01.02/2013 //13873/H2.F1.D/PDP.00.06/2013 | CU48: 07/10/2013 // 27-12-2013 | CV48: KP.00.02/II.4/4052/2013 | CW48: Spesialis I UI | CX48: 03-12-2013 | CY48: KP.00.02/II.4/2728/2013 | CZ48: Dokter Umum UI | DA48: 26-07-2013 | DB48: Benar STR Dokter dikeluarkan oleh Konsil Kedokteran Indonesia | DC48: KD.01.01/02/KKI/IV/933/2013 | DD48: 41368 | DF48: Benar SIP dokter dikeluarkan oleh UP PTSP Kec Cilandak | DG48: 210/-072.1 | DH48: 2022 | DK48: HK.02.03/VIII.2/15141/2019 | DL48: 24-10-2019 | DM48: 47.757.392.7-214.000 | DO48: 0 | DP48: 3276025501630014 | DQ48: Wisma Harapan II Blok G No. 7 Rt. 001 / 020 Kel. Mekarsari Kec. Cimanggis Depok | DR48: Komplek Permata Puri 2 Amber III Blok CC. 3 No. 1-2 Mekarsari Cimanggis Depok | DS48: 08127062883 | DT48: mediastiawan@gmail.com | DU48: 1 | DV48: CoronaVac | DY48: 359/2022 | DZ48: 17-01-2022 | EA48: 15-12-2024 | EB48: 0 | EC48: Dokter Spesialis | ED48: NON MANAJERIAL | EF48: Universitas Indonesia | EG48: Kolegium Radiologi Indonesia
A49: 47 | B49: dr. Mursid Fadli, Sp.B(K)V | C49: 202005197909111007 | D49: 197909112022211001 | F49: Non Jabfung | G49: =IF(F49="Ahli Madya",60,IF(F49="Ahli Utama",65,58)) -> 58 | H49: =DATE(YEAR(X49)+G49,MONTH(X49)+1,1) -> 50314 | J49: ASN | K49: PPPK | L49: PPPK | M49: L | N49: III/b | O49: 3B | P49: 01-01-2022 | U49: K-875 | W49: Jakarta | X49: 11-09-1979 | Y49: =YEAR(NOW())-YEAR(X49) -> 44 | Z49: =IF(AND(Y49>=21,Y49<=35),"21-35",IF(AND(Y49>35,Y49<=45),"36-45",IF(AND(Y49>45,Y49<=58),"46-58",IF(Y49>58,"Lebih dari 58",0)))) -> 36-45 | AB49: Dokter Spesialis Bedah + Konsultan Vaskuler dan Endovaskuler | AC49: DOKTER SPESIALIS KONSULTAN | AD49: TENAGA MEDIS | AE49: KSM Bedah | AF49: MDS | AG49: A | AH49: A | AI49: KONSULTAN | AJ49: 0606149420 | AK49: NC.11-019845 | AL49: 09-02-2013 | AM49: Universitas Indonesia | AN49: Konsultan Vaskuler dan Endovaskuler | AO49: 06-01-2016 | AP49: KSM Bedah | AQ49: 01-07-2016 | AR49: MANAJEMEN | AS49: MANAJEMEN | AT49: =_xlfn.IFNA(VLOOKUP(D49,'[1]5. 1 Mei 2022'!$C$7:$F$60,4,FALSE),"") | AU49: Ketua KSM | AV49: Ketua KSM Bedah | AW49: 21-12-2020 // 31-07-2018 | AX49: #VALUE! | AY49: Direktorat Pelayanan Medik, Keperawatan, dan Penunjang | AZ49: KSM_BEDAH | BA49: KSM Bedah | BD49: KA_KSM | BE49: MDS | BF49: Ketua KSM Bedah | BJ49: 0 | BK49: =N49 -> III/b | BV49: 01-07-2016 | BW49: =YEAR(NOW())-YEAR(BV49) -> 7 | BX49: =DATEDIF(BV49,NOW(),"YM") -> 3 | BY49: 01-05-2020 | CA49: Islam | CB49: Menikah | CC49: 1 | CD49: 1 | CE49: Menanggung | CL49: 311110102318026951 | CM49: 11-09-2023 | CN49: 123 | CO49: 118/B.15b/31.74.06/-1.779.3/e/2018 | CP49: 11-09-2023 | CQ49: 123 | CR49: 2378 | CS49: Benar Lulusan Sp1 dan Sp2 UI // Benar Lulusan Dokter Umum Universitas Yarsi | CT49: 4984/UN2.F1.D1.1/PDP.00.06/2016 // 1439/DEK/BIA/V/2016 | CU49: 26-04-2016 // 09-05-2016 | CV49: KP.00.02/II.4/1793/2016 // KP.00.02/II.4/2275/2016 | CW49: Sp1 dan Konsultan Bedah Vaskuler UI // Dokter Umum Universitas Yarsi | CX49: 31-03-2016 // 25-04-2016 | DB49: Dicek Melalui Website KKI | DE49: 2023 | DF49: Benar SIP dokter dikeluarkan oleh UP PTSP Kec Cilandak | DG49: 210/-072.1 | DH49: 2023 | DI49: KP.00.02/II.4/1835/2016 | DJ49: 31-03-2016 | DK49: HK.02.03/VIII.2/15141/2019 | DL49: 24-10-2019 | DM49: 55.527.014.9-407.000 | DP49: 3275031109790026 | DQ49: Jl.KH Muchtar Thabrani No.3 Rt.004/005 Kel. Perwira Kec. Bekasi Utara Kota Bekasi | DR49: Jl. Pluto IV No.39 Perumahan Bintang Metropol Bekasi Utara | DS49: 08111987256 | DT49: mursid.marwan@gmail.com | DU49: 3 | DV49: Moderna | DY49: 13298/2022 | DZ49: 02-09-2022 | EA49: 02-09-2025 | EB49: 1427318 | EC49: Dokter Spesialis | ED49: NON MANAJERIAL | EE49: Universitas YARSI | EF49: Universitas Indonesia | EG49: Universitas Indonesia
A50: 48 | B50: dr. Neza Puspita, Sp.OG | C50: PNS | D50: 196604251991012001 | F50: Ahli Utama | G50: =IF(F50="Ahli Madya",60,IF(F50="Ahli Utama",65,58)) -> 65 | H50: =DATE(YEAR(X50)+G50,MONTH(X50)+1,1) -> 47969 | J50: ASN | K50: PNS | L50: PNS | M50: P | N50: IV/d | O50: 4D | P50: 01-04-2016 | R50: 30 | S50: 0 | U50: 46 | W50: Lhokseumawe | X50: 25-04-1966 | Y50: =YEAR(NOW())-YEAR(X50) -> #VALUE! | Z50: =IF(AND(Y50>=21,Y50<=35),"21-35",IF(AND(Y50>35,Y50<=45),"36-45",IF(AND(Y50>45,Y50<=58),"46-58",IF(Y50>58,"Lebih dari 58",0)))) -> #VALUE! | AB50: Dokter Spesialis Obstetri dan Ginekologi + Konsultan Obstetri Ginekologi Sosial | AC50: DOKTER SPESIALIS KONSULTAN | AD50: TENAGA MEDIS | AE50: KSM Obstetri & Ginekologi | AF50: MDS | AG50: A | AH50: A | AI50: KONSULTAN | AJ50: 319304015B | AK50: NC.01-002641 | AL50: 23-11-1998 | AM50: Universitas Indonesia | AN50: Konsultan Obstetri Ginekologi Sosial | AO50: 14-09-2013 | AP50: KSM Obstetri & Ginekologi | AQ50: 12-05-2017 | AR50: MANAJEMEN | AS50: MANAJEMEN | AT50: =_xlfn.IFNA(VLOOKUP(D50,'[1]5. 1 Mei 2022'!$C$7:$F$60,4,FALSE),"") | AU50: Ketua KSM | AV50: Ketua KSM Obstetri & Ginekologi | AW50: 21-12-2020 // 31-07-2018 | AX50: =AW50+1903 -> #VALUE! | AY50: Direktorat Pelayanan Medik, Keperawatan, dan Penunjang | AZ50: KSM_OBSGIN | BA50: KSM Obstetri & Ginekologi | BD50: KA_KSM | BE50: MDS | BF50: Ketua KSM Obstetri & Ginekologi | BI50: DR | BJ50: Dokter Utama | BK50: =N50 -> IV/d | BL50: JFT | BQ50: Dokter Utama | BR50: 01-03-2016 | BT50: 01-01-1991 | BU50: 01-02-1992 | BV50: 12-05-2017 | BW50: =YEAR(NOW())-YEAR(BV50) -> 6 | BX50: =DATEDIF(BV50,NOW(),"YM") -> 4 | CA50: Islam | CB50: Menikah | CC50: 2 | CD50: 1 | CE50: Menanggung | CL50: 312130100421038924 | CM50: 25-04-2027 | CN50: 127 | CO50: 71/B.15B/31.74.06.1001.05.023.S.2/3/-1.779.3/e/2022 | CP50: 25-04-2027 | CQ50: 127 | CR50: 2390 | CS50: Benar lulusan Dokter Umum dan Sp1 UI | CT50: 2781/UN2.F1.D1.1/PDP.00.06/2016 | CU50: 04-03-2016 | CV50: KP.00.02/II.4/764/2016 // KP.01.03/VIII.2/4396/2019 | CW50: Sp1 UI // Konsultan | CX50: 17-02-2016 // 19-03-2019 | CY50: KP.00.02/II.4/764/2016 | CZ50: Dokter Umum UI | DA50: 17-02-2016 | DB50: Benar STR dokter dikeluarkan oleh Konsil Kedokteran Indonesia | DC50: KD.01.01/02/KKI/IV/853/2016 | DD50: 07-04-2016 | DE50: 04-10-2016 | DF50: Benar SIP dokter dikeluarkan oleh UP PTSP Kec Cilandak | DG50: 210/-072.1 | DH50: 2022 | DI50: KP.00.02/II.4/765/2016 | DJ50: 17-02-2016 | DK50: HK.02.03/VIII.2/15141/2019 | DL50: 24-10-2019 | DM50: 07.968.162.3-215.001 | DP50: 2171036504669002 | DQ50: Komp Kesehatan I No.13 RT.001 RW.001 Kel. Tanjung Pinggir Kec. Sekupang Kota Batam | DR50: Jl. Kalibata Tengah No.23 RT.006 RW.007 Kel. Kalibata Kec. Pancoran Pomad Jakarta Selatan 12740 | DS50: 0811771960 | DU50: 3 | DV50: Moderna | EB50: 0 | EC50: Dokter Spesialis | ED50: NON MANAJERIAL | EE50: Universitas Indonesia | EF50: Universitas Indonesia | EG50: Kolegium Obstetri Ginekologi
A51: 49 | B51: dr. Novita Eka Sukma Putri, Sp.M (K) | C51: K2010042043 | D51: 197911072010122001 | F51: Ahli Muda | G51: =IF(F51="Ahli Madya",60,IF(F51="Ahli Utama",65,58)) -> 58 | H51: =DATE(YEAR(X51)+G51,MONTH(X51)+1,1) -> 50375 | J51: ASN | K51: PNS | L51: PNS | M51: P | N51: III/d | O51: 3D | P51: 01-10-2020 | R51: 10 | S51: 0 | U51: 205 | V51: Q 174776 | W51: Malang | X51: 07-11-1979 | Y51: =YEAR(NOW())-YEAR(X51) -> 44 | Z51: =IF(AND(Y51>=21,Y51<=35),"21-35",IF(AND(Y51>35,Y51<=45),"36-45",IF(AND(Y51>45,Y51<=58),"46-58",IF(Y51>58,"Lebih dari 58",0)))) -> 36-45 | AB51: Dokter Spesialis Penyakit Mata + Konsultan Katarak dan Bedah Refraksi | AC51: DOKTER SPESIALIS KONSULTAN | AD51: TENAGA MEDIS | AE51: KSM Mata | AF51: MDS | AG51: A | AH51: A | AI51: KONSULTAN | AJ51: 4105072047 | AK51: 0061/Sp-FK/2/2009 | AL51: 29-08-2009 | AM51: Universitas Indonesia | AN51: Konsultan Katarak dan Bedah Refraksi | AO51: 01-05-2012 | AP51: KSM Mata | AQ51: 01-06-2020 | AR51: MANAJEMEN | AS51: MANAJEMEN | AT51: =_xlfn.IFNA(VLOOKUP(D51,'[1]5. 1 Mei 2022'!$C$7:$F$60,4,FALSE),"") | AU51: Ketua KSM | AV51: Ketua KSM Mata | AW51: 21-12-2020 // 31-07-2018 | AX51: =AW51+1903 -> #VALUE! | AY51: Direktorat Pelayanan Medik, Keperawatan, dan Penunjang | AZ51: KSM_MATA | BA51: KSM Mata | BD51: KA_KSM | BE51: MDS | BF51: Ketua KSM Mata | BG51: Pembimbing Klinik Peserta Didik Kedokteran | BI51: DR | BJ51: Dokter Pendidik Klinis Ahli Muda | BK51: =N51 -> III/d | BL51: JFT | BP51: - | BQ51: Dokter Pendidik Klinis Ahli Muda | BR51: 01-06-2020 | BS51: 306.3640 | BT51: 01-12-2010 | BU51: 01-04-2012 | BV51: 01-04-2010 | BW51: =YEAR(NOW())-YEAR(BV51) -> 13 | BX51: =DATEDIF(BV51,NOW(),"YM") -> 3 | BZ51: 042260 MN | CA51: Islam | CB51: Menikah | CC51: 2 | CD51: 1 | CE51: Menanggung | CL51: 312160300419025000 | CM51: 07-11-2024 | CN51: 124 | CO51: 25/B.15/31.74.06.1001.05.023.S.2/3/-1.779.3/e/2019 | CP51: 07-11-2024 | CQ51: 124 | CR51: 2243 | CS51: Benar Lulusan Sp1 FKUI // Benar lulusan Dokter Umum UI | CT51: 0 // 11089/H2.F1.D/PDP.02.01.02/2013 | CU51: 14-02-2012 // 07-10-2013 | CV51: KP.00.02/II.4/110/2012 | CW51: Spesialis I UI | CX51: 18-01-2012 | CY51: KP.00.02/II.4/2728/2013 | CZ51: Dokter Umum UI | DA51: 26-07-2013 | DB51: Benar STR Dokter Sudah Terregistrasi di database Konsil Kedokteran Indonesia | DC51: KD.01.01/02/KKI/II/0323/2016 | DD51: 09-02-2016 | DE51: 2019 | DF51: Benar SIP dokter dikeluarkan oleh Suku Dinas Kesehatan Jakarta Selatan | DG51: 931/-1.777.11 | DH51: 41313 | DI51: 0 // KP.00.02/II.4/6882/2015 | DJ51: 0 // 25-11-2015 | DK51: HK.02.03/VIII.2/9541/2019 | DL51: 29-07-2019 | DM51: 88.101.665.3-018.000 | DO51: 3174010602190017 | DP51: 3174024711790001 | DQ51: Jl. Cucakrawa No.882 RT.008 RW.004 Kel. Bukit Duri Kec. Tebet Jakarta Selatan 12840 | DR51: Menteng Rawa Panjang Jl. Rela No.55 Kel. Menteng Atas Kec. Setiabudi. Jakarta Selatan | DS51: +62 812-9068-6703 | DT51: nobietz@yahoo.co.uk | DU51: 3 | DV51: Moderna | DY51: 3958/2022 | DZ51: 29-03-2022 | EA51: 18-03-2025 | EB51: 1024878 | EC51: Dokter Spesialis | ED51: NON MANAJERIAL | EE51: Universitas Indonesia | EF51: Universitas Indonesia | EG51: Kolegium Ilmu Kesehatan Mata Indonesia
A52: 50 | B52: dr. Pakasi Ronald Efraim, Sp.K.F.R (K) | C52: PNS | D52: 197612112008121002 | F52: Ahli Madya | G52: =IF(F52="Ahli Madya",60,IF(F52="Ahli Utama",65,58)) -> 60 | H52: =DATE(YEAR(X52)+G52,MONTH(X52)+1,1) -> 50041 | J52: ASN | K52: PNS | L52: PNS | M52: L | N52: IV/a | O52: 4A | P52: 01-04-2021 | R52: 12 | S52: 4 | U52: 130 | V52: P 215846 | W52: Bogor | X52: 11-12-1976 | Y52: =YEAR(NOW())-YEAR(X52) -> 47 | Z52: =IF(AND(Y52>=21,Y52<=35),"21-35",IF(AND(Y52>35,Y52<=45),"36-45",IF(AND(Y52>45,Y52<=58),"46-58",IF(Y52>58,"Lebih dari 58",0)))) -> 46-58 | AB52: Dokter Spesialis Kedokteran Fisik dan Rehabilitasi + Konsultan Neuromuskuler | AC52: DOKTER SPESIALIS KONSULTAN | AD52: TENAGA MEDIS | AE52: KSM Kedokteran Fisik dan Rehabilitasi | AF52: MDS | AG52: A | AH52: A | AI52: KONSULTAN | AJ52: 4103202059 | AK52: 0104/Sp-FK/I/2008 | AL52: 15-12-2007 | AM52: Universitas Indonesia | AN52: Konsultan Neuromuskuler | AP52: KSM Kedokteran Fisik dan Rehabilitasi | AR52: MANAJEMEN | AS52: MANAJEMEN | AT52: =_xlfn.IFNA(VLOOKUP(D52,'[1]5. 1 Mei 2022'!$C$7:$F$60,4,FALSE),"") | AU52: Ketua KSM | AV52: Ketua KSM Kedokteran Fisik dan Rehabilitasi | AW52: 21-12-2020 // 00 // 31-07-2018 | AX52: =AW52+1903 -> #VALUE! | AY52: Direktorat Pelayanan Medik, Keperawatan, dan Penunjang | AZ52: KSM_REHAB | BA52: KSM Kedokteran Fisik dan Rehabilitasi | BD52: KA_KSM | BE52: MDS | BF52: Ketua KSM Kedokteran Fisik dan Rehabilitasi | BI52: DR | BJ52: Dokter Pendidik Klinis Ahli Madya | BK52: =N52 -> IV/a | BL52: JFT | BP52: - | BQ52: Dokter Pendidik Klinis Ahli Madya | BR52: 01-12-2020 | BS52: 405.9750 | BT52: 01-12-2008 | BU52: 01-08-2010 | BV52: 01-07-2008 | BW52: =YEAR(NOW())-YEAR(BV52) -> 15 | BX52: =DATEDIF(BV52,NOW(),"YM") -> 3 | CA52: Islam | CB52: Menikah | CC52: 1 | CD52: 1 | CE52: Menanggung | CL52: 3111608522044709 | CM52: 11-12-2027 | CN52: 127 | CO52: 314/B.15B/31.74.06.1001.SPU-1.23.d/3/-1.779.3/e/2022 | CP52: 11-12-2027 | CQ52: 127 | CR52: 2202 | CS52: Benar Lulusan Sp1 FKUI // Benar lulusan Dokter Umum UI | CT52: 0 // 11089/H2.F1.D/PDP.02.01.02/2013 | CU52: 14-02-2012 // 07-10-2013 | CV52: KP.00.02/II.4/110/2012 | CW52: Spesialis I UI | CX52: 18-01-2012 | CY52: KP.00.02/II.4/2728/2013 | CZ52: Dokter Umum UI | DA52: 26-07-2013 | DB52: Benar STR Dokter Sudah Terregistrasi di database Konsil Kedokteran Indonesia | DC52: KD.01.01/02/KKI/II/0323/2016 | DD52: 09-02-2016 | DF52: Benar SIP dokter dikeluarkan oleh UP PTSP Kec Cilandak | DG52: 210/-072.1 | DH52: 2022 | DI52: 0 // KP.00.02/II.4/6882/2015 | DJ52: 0 // 25-11-2015 | DK52: HK.02.03/VIII.2/15141/2019 | DL52: 24-10-2019 | DM52: 24.524.517.0-086.000 | DO52: 0 | DP52: 3174051112760003 | DQ52: Permatan Puri Media Jl Ruby V Blok B no 2/3 RT 002 RW 001 Kembangan Utara Kembangan Jakarta Barat | DS52: 08170809748 | DT52: ronaldpakasi@gmail.com | DU52: 2 | DV52: CoronaVac | DY52: 1941/2022 | DZ52: 11-02-2022 | EA52: 21-01-2025 | EB52: 890397 | EC52: Dokter Spesialis | ED52: NON MANAJERIAL | EE52: Universitas Indonesia | EF52: Universitas Indonesia | EG52: Kolegium Ilmu Kedokteran Fisik Dan Rehabilitasi
A53: 51 | B53: dr. Ratri Saumi, M.Kes, Sp.G.K | C53: PNS | D53: 197310112001122004 | F53: Ahli Madya | G53: =IF(F53="Ahli Madya",60,IF(F53="Ahli Utama",65,58)) -> 60 | H53: =DATE(YEAR(X53)+G53,MONTH(X53)+1,1) -> 48884 | J53: ASN | K53: PNS | L53: PNS | M53: P | N53: IV/b | O53: 4B | P53: 01-10-2020 | R53: 22 | S53: 0 | U53: 152 | W53: Aceh Utara | X53: 11-10-1973 | Y53: =YEAR(NOW())-YEAR(X53) -> 50 | Z53: =IF(AND(Y53>=21,Y53<=35),"21-35",IF(AND(Y53>35,Y53<=45),"36-45",IF(AND(Y53>45,Y53<=58),"46-58",IF(Y53>58,"Lebih dari 58",0)))) -> 46-58 | AB53: Dokter Spesialis Gizi Klinik | AC53: DOKTER SPESIALIS | AD53: TENAGA MEDIS | AE53: KSM Gizi Klinik | AF53: MDS | AG53: A | AH53: A | AI53: FELLOW / MS | AJ53: C117208108 | AK53: No. 139681-UN4-C/1600-211-17-2012 | AL53: 12-05-2012 | AM53: Universitas Hasanuddin | AP53: KSM Gizi Klinik | AQ53: 01-02-2015 | AR53: MANAJEMEN | AS53: MANAJEMEN | AT53: =_xlfn.IFNA(VLOOKUP(D53,'[1]5. 1 Mei 2022'!$C$7:$F$60,4,FALSE),"") | AU53: Ketua KSM | AV53: Ketua KSM Gizi Klinik | AW53: 01-03-2022 | AX53: =AW53+1903 -> 46524 | AY53: Direktorat Pelayanan Medik, Keperawatan, dan Penunjang | AZ53: KSM_GIZI | BA53: KSM Gizi Klinik | BD53: KA_KSM | BE53: MDS | BF53: Ketua KSM Gizi Klinik | BI53: DR | BJ53: Dokter Ahli Madya | BK53: =N53 -> IV/b | BL53: JFT | BQ53: Dokter Ahli Madya | BR53: 01-06-2020 | BS53: 561.4530 | BT53: 01-12-2001 | BU53: 01-11-2004 | BV53: 01-09-2014 | BW53: =YEAR(NOW())-YEAR(BV53) -> 9 | BX53: =DATEDIF(BV53,NOW(),"YM") -> 3 | CA53: Islam | CB53: Menikah | CC53: 2 | CD53: 1 | CE53: Menanggung | CL53: 7321701317077007 | CM53: 11-10-2023 | CN53: 123 | CO53: 186/2.104/31.74.06/-1.779.3/e/2017 | CP53: 11-10-2023 | CQ53: 123 | CR53: 2354 | CS53: Dicek Melalui Situs Pangkalan Data Pendidikan Tinggi (Sp1 + S2) | CV53: KP.00.02/II.4/1471/2013 | CW53: Dokter Spesialis Gizi Klinik Universitas Hasanuddin | CX53: 16-04-2013 | CY53: KP.00.02/II.4/4953/2015 | CZ53: Dokter Umum Universitas Padjadjaran | DA53: 17-11-2015 | DB53: Dicek Melalui Website KKI | DE53: 2023 | DF53: Benar SIP dokter dikeluarkan oleh UP PTSP Kec Cilandak | DG53: 210/-072.1 | DH53: 2023 | DI53: KP.00.02/II.4/6882/2015 | DJ53: 25-11-2015 | DK53: HK.02.03/VIII.2/15141/2019 | DL53: 24-10-2019 | DM53: 14.753.936.5-805.000 | DP53: 7371135110730003 | DQ53: Jl. Cendrawasih I No. 57 Rt. 005 / 002 Kel. Sawah Baru Kec. Ciputat Tangerang Selatan | DS53: 0813548380808 | DT53: ratri92@gmail.com | DU53: 3 | DV53: Moderna | DY53: HK.01.07/VIII.2/10254/2018 | DZ53: 20-09-2018 | EB53: 1240038 | EC53: Dokter Spesialis | ED53: NON MANAJERIAL | EE53: Universitas Hasanuddin | EF53: Universitas Hasanuddin
A54: 52 | B54: dr. Sri Mulyati | C54: 197311292009122001 | D54: 197311292009122001 | F54: Ahli Muda | G54: =IF(F54="Ahli Madya",60,IF(F54="Ahli Utama",65,58)) -> 58 | H54: =DATE(YEAR(X54)+G54,MONTH(X54)+1,1) -> 48183 | J54: ASN | K54: PNS | L54: PNS | M54: P | N54: III/d | O54: 3D | P54: 01-04-2023 | Q54: KP.02.01/A/19169/2023 | R54: 18 | S54: 7 | U54: 197 | V54: Q 341876 | W54: Serang | X54: 29-11-1973 | Y54: =YEAR(NOW())-YEAR(X54) -> #VALUE! | Z54: =IF(AND(Y54>=21,Y54<=35),"21-35",IF(AND(Y54>35,Y54<=45),"36-45",IF(AND(Y54>45,Y54<=58),"46-58",IF(Y54>58,"Lebih dari 58",0)))) -> #VALUE! | AB54: Dokter Umum | AC54: DOKTER UMUM | AD54: TENAGA MEDIS | AE54: KSM Umum | AF54: MDS | AG54: A | AH54: A | AI54: S1 | AL54: 2002 | AM54: Universitas Sultan Agung | AP54: KSM Umum | AR54: MANAJEMEN | AS54: MANAJEMEN | AT54: =_xlfn.IFNA(VLOOKUP(D54,'[1]5. 1 Mei 2022'!$C$7:$F$60,4,FALSE),"") | AU54: Ketua KSM | AV54: Ketua KSM Umum | AW54: 02-08-2021 // 31-07-2018 | AX54: =AW54+1903 -> #VALUE! | AY54: Direktorat Pelayanan Medik, Keperawatan, dan Penunjang | AZ54: KSM_MDASAR | BA54: KSM Umum | BD54: KA_KSM | BE54: MDS | BF54: Ketua KSM Umum | BI54: DR | BJ54: Dokter Ahli Muda | BK54: =N54 -> III/d | BL54: IV.a | BP54: Eselon IV a | BQ54: Dokter Ahli Muda | BR54: 01-01-2023 | BS54: 329.0780. | BT54: 01-12-2009 | BU54: 01-08-2011 | BV54: 01-10-2004 | BW54: =YEAR(NOW())-YEAR(BV54) -> 19 | BX54: =DATEDIF(BV54,NOW(),"YM") -> 3 | CA54: Islam | CB54: Menikah | CC54: 1 | CD54: 1 | CE54: Menanggung | CL54: Belum Menyerahkan | CM54: 29-11-2026 | CN54: 126 | CO54: 37/B.15A/31.74.06.1001.05.023.S.2.a.b/4-1.779.3/e/2021 | CP54: 29-11-2026 | CQ54: 126 | CR54: 2176 | CS54: Benar Lulusan Dokter Umum FK Unissula | CU54: 08-11-2012 | CY54: KP.00.02/II.4/2830/2012 | CZ54: Dokter Umum Univ. Islam Sultan Agung | DA54: 16-10-2012 | DB54: Benar STR Dokter dikeluarkan oleh Konsil Kedokteran Indonesia | DC54: KD.01.01/02/KKI/I/0371/2014 | DD54: 28-01-2014 | DF54: Benar SIP dokter dikeluarkan oleh Suku Dinas Kesehatan Jakarta Selatan | DG54: 931/-1.777.11 | DH54: 41313 | DI54: KP.00.02/II.4/4140/2013 | DJ54: 10-12-2013 | DK54: HK.02.03/VIII.2/9541/2019 | DL54: 29-07-2019 | DM54: 24.106.059.9-017.000 | DO54: 0 | DP54: 3174096911730002 | DQ54: Jagakarsa Rt. 009 / 005 Kel. Jagakarsa Kec. Jagakarsa Jakarta Selatan | DR54: Jl Maninjo Gg. Buntu No.102 RT 009 RW 005 Jagakarsa Jakarta Selatan | DS54: 08129507315 | DT54: sriatie1973@gmail.com | DU54: 3 | DV54: Moderna | DY54: 10591/2022 | DZ54: 44771 | EA54: 45867 | EB54: 0 | EC54: Dokter Umum | ED54: NON MANAJERIAL | EE54: Universitas Islam Sultan Agung
A55: 53 | B55: drg. Rindaputri Daulay, Sp.K.G.A | C55: 140370592 | D55: 197310182005012002 | F55: Ahli Madya | G55: =IF(F55="Ahli Madya",60,IF(F55="Ahli Utama",65,58)) -> 60 | H55: =DATE(YEAR(X55)+G55,MONTH(X55)+1,1) -> 48884 | J55: ASN | K55: PNS | L55: PNS | M55: P | N55: IV/c | O55: 4C | P55: 01-10-2022 | Q55: KP.03.02/IV/6843/2022 | R55: 20 | S55: 3 | U55: 1237 | V55: N.084447 | W55: Palembang | X55: 18-10-1973 | Y55: =YEAR(NOW())-YEAR(X55) -> #VALUE! | Z55: =IF(AND(Y55>=21,Y55<=35),"21-35",IF(AND(Y55>35,Y55<=45),"36-45",IF(AND(Y55>45,Y55<=58),"46-58",IF(Y55>58,"Lebih dari 58",0)))) -> #VALUE! | AB55: Dokter Gigi Spesialis Kedokteran Gigi Anak | AC55: DOKTER GIGI SPESIALIS | AD55: TENAGA MEDIS | AE55: KSM Gigi & Mulut | AF55: MDS | AG55: D | AH55: A | AI55: FELLOW / MS | AK55: No 0011/Sp-FKG/I/2005 | AL55: 38366 | AM55: Universitas Indonesia | AP55: KSM Gigi & Mulut | AQ55: 25-04-2012 | AR55: MANAJEMEN | AS55: MANAJEMEN | AT55: =_xlfn.IFNA(VLOOKUP(D55,'[1]5. 1 Mei 2022'!$C$7:$F$60,4,FALSE),"") | AU55: Ketua KSM | AV55: Ketua KSM Gigi & Mulut | AW55: 21-12-2020 | AX55: =AW55+1903 -> 46089 | AY55: Direktorat Pelayanan Medik, Keperawatan, dan Penunjang | AZ55: KSM_GIGI | BA55: KSM Gigi & Mulut | BD55: KA_KSM | BE55: MDS | BF55: Ketua KSM Gigi & Mulut | BI55: DR | BJ55: Dokter Gigi Ahli Madya | BK55: =N55 -> IV/c | BL55: JFT | BP55: - | BQ55: Dokter Gigi Ahli Madya | BR55: 1 Juli 2022 | BS55: 728.3890 | BT55: 01-01-2005 | BV55: 01-05-2005 | BW55: =YEAR(NOW())-YEAR(BV55) -> 18 | BX55: =DATEDIF(BV55,NOW(),"YM") -> 3 | CA55: Islam | CB55: Menikah | CC55: 3 | CD55: 1 | CE55: Menanggung | CL55: 3122401421004199 | CM55: 18-10-2026 | CN55: 126 | CO55: 135/B.15B/31.74.06.1001.05.023.S.2.a.b/3/-1.779.3/e/2021 | CP55: 18-10-2026 | CQ55: 126 | CR55: 2151 | CS55: Benar Lulusan Sp1 FKG UI | CT55: 0252/UN2.F2.D/PDP.00.06.00/Data Alumni/2016 | CU55: 01-02-2016 | CV55: KP.00.02/II.4/2829/2012 // KP.00.02/II.4/4936/2015 | CW55: Spesialis Kesehatan Gigi Anak UI // Spesialis Kesehatan Gigi Anak UI | CX55: 16-10-2012 // 16-11-2015 | CY55: KP.00.02/II.4/2752/2013 // KP.00.02/II.4/5119/2016 | CZ55: Dokter Gigi Umum Universitas Prof. Dr. Moestopo (beragama) // Dokter Gigi Umum Universitas Prof. Dr. Moestopo (beragama) | DA55: 29-07-2013 // 19-08-2016 | DB55: Benar STR Dokter terregistrasi di KKI | DC55: KD.01.01/02/KKI/IX/4341/2016 | DD55: 05-09-2016 | DE55: 2021 | DF55: Benar SIP dokter dikeluarkan oleh UP PTSP Kec Cilandak | DG55: 210/-072.1 | DH55: 2021 | DI55: KP.00.02/II.4/4950/2016 | DJ55: 09-08-2016 | DK55: HK.02.03/VIII.2/15141/2019 | DL55: 24-10-2019 | DM55: 37.204.753.0-017.000 | DO55: 0 | DP55: 3174045810730003 | DQ55: Jl Palapa VIII No 17 RT 005 RW 005 Pasar Minggu Jakarta Selatan | DS55: 0813141177405 | DU55: 3 | DV55: Moderna | DY55: 12060/2021 | DZ55: 10-12-2021 | EA55: 01-12-2024 | EB55: 663257 | EC55: Dokter Spesialis | ED55: NON MANAJERIAL | EE55: Universitas Indonesia | EF55: Universitas Indonesia
A56: 54 | B56: dr. Ririn Fristika Sari, MKM | C56: 197307312006042002 | D56: 197307312006042002 | F56: Ahli Madya | G56: =IF(F56="Ahli Madya",60,IF(F56="Ahli Utama",65,58)) -> 60 | H56: =DATE(YEAR(X56)+G56,MONTH(X56)+1,1) -> 48792 | J56: ASN | K56: PNS | L56: PNS | M56: P | N56: IV/b | O56: 4B | P56: 44652 | R56: 18 | S56: 3 | U56: 47 | W56: Jakarta | X56: 31-07-1973 | Y56: =YEAR(NOW())-YEAR(X56) -> #VALUE! | Z56: =IF(AND(Y56>=21,Y56<=35),"21-35",IF(AND(Y56>35,Y56<=45),"36-45",IF(AND(Y56>45,Y56<=58),"46-58",IF(Y56>58,"Lebih dari 58",0)))) -> #VALUE! | AB56: Dokter Umum + Magister Kesehatan Masyarakat | AC56: TENAGA NON MEDIS | AD56: NON MEDIS / ADMINISTRASI | AF56: MDS | AG56: B | AH56: A | AI56: S2 | AK56: 096/Dok.II/97 // 0065/S2-FKM/2/2007 | AL56: 13-08-1997//02-08-2007 | AM56: Universitas Indonesia | AP56: Kelompok Substansi Pelayanan Penunjang | AQ56: 03-06-2021 | AR56: MANAJEMEN | AS56: MANAJEMEN | AT56: =_xlfn.IFNA(VLOOKUP(D56,'[1]5. 1 Mei 2022'!$C$7:$F$60,4,FALSE),"") | AU56: Koordinator Kelompok Substansi | AV56: Koordinator Kelompok Substansi Pelayanan Penunjang | AW56: 03-06-2021 // 31-07-2018 | AX56: =AW56+1903 -> #VALUE! | AY56: Direktorat Pelayanan Medik, Keperawatan, dan Penunjang | AZ56: BID_YAN_JANG | BA56: Kelompok Substansi Pelayanan Penunjang | BD56: KOORD_BAGBID | BE56: MJ | BF56: Koordinator Kelompok Substansi Pelayanan Penunjang | BJ56: Administrator Kesehatan Ahli Madya | BK56: =N56 -> IV/b | BL56: JFT | BQ56: Administrator Kesehatan Ahli Madya | BR56: 23-12-2020 | BS56: 475 | BT56: 01-04-2006 | BU56: 01-08-2007 | BV56: 05-08-2010 | BW56: =YEAR(NOW())-YEAR(BV56) -> 13 | BX56: =DATEDIF(BV56,NOW(),"YM") -> 11 | CA56: Islam | CB56: Menikah | CC56: 1 | CD56: 1 | CE56: Menanggung | CL56: 3121100211010748 | CM56: 08-06-2016 | CN56: 116 | CR56: 2257 | CS56: Benar Lulusan S2 FKM UI // Benar Lulusan Dokter Umum FKUI | CT56: 0 // 13873/H2.F1.D/PDP.00.06/2013 | CU56: 20-11-2012 // 27-12-2013 | CV56: 'KP.00.02/II.4/2827/2012 | CW56: S2 Kesehatan Masyarakat UI | CX56: 16-10-2012 | CY56: KP.00.02/II.4/4052/2013 | CZ56: Dokter Umum UI | DA56: 03-12-2013 | DB56: Benar STR Dokter Sudah Terregistrasi di database Konsil Kedokteran Indonesia | DC56: KD.01.01/02/KKI/II/0323/2016 | DD56: 09-02-2016 | DE56: 2016 | DI56: KP.00.02/II.4/6882/2015 | DJ56: 25-11-2015 | DM56: 09.666.005.5-036.000 | DO56: 3174091803111035 | DP56: 3173027107730002 | DQ56: Perumahan Pesona Alam B.4 Jl. Perikanan No.64 B4 RT.04 RW.08 Srengseng Sawah Jakarta Selatan | DS56: 08128967220 | DT56: ririnfs@yahoo.com | DU56: 3 | DV56: Moderna | EB56: 0 | EC56: Tenaga Non Medis Administrasi | ED56: MANAJERIAL
A57: 55 | B57: dr. Rr. Arimurni Pardoko, MARS | C57: 140372947 | D57: 196704042006042004 | F57: Ahli Madya | G57: =IF(F57="Ahli Madya",60,IF(F57="Ahli Utama",65,58)) -> 60 | H57: =DATE(YEAR(X57)+G57,MONTH(X57)+1,1) -> 46508 | J57: ASN | K57: PNS | L57: PNS | M57: P | N57: IV/b | O57: 4B | P57: 44652 | R57: 23 | S57: 7 | U57: 52 | V57: N 085418 | W57: Surabaya | X57: 04-04-1967 | Y57: =YEAR(NOW())-YEAR(X57) -> 56 | Z57: =IF(AND(Y57>=21,Y57<=35),"21-35",IF(AND(Y57>35,Y57<=45),"36-45",IF(AND(Y57>45,Y57<=58),"46-58",IF(Y57>58,"Lebih dari 58",0)))) -> 46-58 | AB57: Dokter Umum + Magister Administrasi Rumah Sakit | AC57: TENAGA NON MEDIS | AD57: NON MEDIS / ADMINISTRASI | AF57: MDS | AG57: E | AH57: A | AI57: S2 | AK57: D001018 // 0259/S2-FKM/2/2006 | AL57: 04-01-1996//11-08-2006 | AM57: Universitas Trisakti // Universitas Indonesia | AP57: Kelompok Substansi Pelayanan Medik | AQ57: 03-06-2021 | AR57: MANAJEMEN | AS57: MANAJEMEN | AT57: =_xlfn.IFNA(VLOOKUP(D57,'[1]5. 1 Mei 2022'!$C$7:$F$60,4,FALSE),"") | AU57: Koordinator Kelompok Substansi | AV57: Koordinator Kelompok Substansi Pelayanan Medik | AW57: 03-06-2021 // 31-07-2018 | AX57: =AW57+1903 -> #VALUE! | AY57: Direktorat Pelayanan Medik, Keperawatan, dan Penunjang | AZ57: BID_PEL_MED | BA57: Kelompok Substansi Pelayanan Medik | BD57: KOORD_BAGBID | BE57: MJ | BF57: Koordinator Kelompok Substansi Pelayanan Medik | BJ57: Administrator Kesehatan Ahli Madya | BK57: =N57 -> IV/b | BL57: JFT | BO57: - | BQ57: Administrator Kesehatan Ahli Madya | BR57: 23-12-2020 | BS57: 475 | BT57: 01-04-2006 | BV57: 01-08-2001 | BW57: =YEAR(NOW())-YEAR(BV57) -> 22 | BX57: =DATEDIF(BV57,NOW(),"YM") -> 3 | CA57: Islam | CB57: Menikah | CC57: 2 | CD57: 1 | CE57: Menanggung | CL57: Belum Menyerahkan | CM57: 04-04-2027 | CN57: 127 | CO57: 12/B.15A/31.74.06.1001.05.023.S.2.a.b/4/-1.779.3/e/2022 | CP57: 04-04-2027 | CQ57: 127 | CR57: 3700 | CS57: Benar Lulusan S2 FKM UI // Benar Lulusan Dokter Umum Universitas Trisakti | CT57: 0 // 7119/Usakti/FK/03/XII/2013 | CU57: 20-11-2012 // 13-12-2013 | CV57: 'KP.00.02/II.4/2827/2012 | CW57: S2 Kesehatan Masyarakat UI | CX57: 16-10-2012 | CY57: KP.00.02/II.4/4048/2013 | CZ57: Dokter Umum Universitas Trisakti | DA57: 03-12-2013 | DB57: Dicek Melalui Website KKI | DE57: 2022 | DF57: SIP tidak terdaftar di Sudinkes Jakarta Selatan | DG57: 11368/-1.777.11 | DH57: 29-11-2013 | DK57: HK.02.03/VIII.2/9541/2019 | DL57: 29-07-2019 | DM57: 69.428.158.5-016.000 | DO57: 3674051105110054 | DP57: 3674054404670006 | DQ57: Jl. Pluto Dalam I Kav.3 Rt. 004/001 Kel. Pisangan Kec. Ciputat Timur Tangerang Selatan | DS57: 081318166789 | DT57: ari.uttama99@gmail.com | DU57: 3 | DV57: Moderna | EB57: 0 | EC57: Tenaga Non Medis Administrasi | ED57: MANAJERIAL
A58: 56 | B58: dr. Rr. Diah Primadita Sitaresmi, M.P.H | C58: 140369572 | D58: 197104112005012002 | F58: Ahli Madya | G58: =IF(F58="Ahli Madya",60,IF(F58="Ahli Utama",65,58)) -> 60 | H58: =DATE(YEAR(X58)+G58,MONTH(X58)+1,1) -> 47969 | J58: ASN | K58: PNS | L58: PNS | M58: P | N58: IV/b | O58: 4B | P58: 01-10-2021 | R58: 20 | S58: 0 | U58: 90 | W58: Jakarta | X58: 11-04-1971 | Y58: =YEAR(NOW())-YEAR(X58) -> 52 | Z58: =IF(AND(Y58>=21,Y58<=35),"21-35",IF(AND(Y58>35,Y58<=45),"36-45",IF(AND(Y58>45,Y58<=58),"46-58",IF(Y58>58,"Lebih dari 58",0)))) -> 46-58 | AB58: Dokter Umum + Magister Kesehatan Masyarakat | AC58: TENAGA NON MEDIS | AD58: NON MEDIS / ADMINISTRASI | AF58: MDS | AG58: B | AH58: A | AI58: S2 | AJ58: 09/293460/PKU/10971 | AK58: 18937/M.P.H./12 | AL58: 25-04-2012 | AM58: Universitas Gadjah Mada | AP58: Kelompok Substansi Sumber Daya Manusia | AQ58: 03-06-2021 | AR58: MANAJEMEN | AS58: MANAJEMEN | AT58: =_xlfn.IFNA(VLOOKUP(D58,'[1]5. 1 Mei 2022'!$C$7:$F$60,4,FALSE),"") | AU58: Koordinator Kelompok Substansi | AV58: Koordinator Kelompok Substansi Sumber Daya Manusia | AW58: 03-06-2021 | AX58: =AW58+1903 -> 46253 | AY58: Direktorat SDM, Pendidikan dan Penelitian | AZ58: BAG_SDM | BA58: Kelompok Substansi Sumber Daya Manusia | BD58: KOORD_BAGBID | BE58: MJ | BF58: Koordinator Kelompok Substansi Sumber Daya Manusia | BJ58: Perencana Ahli Madya | BK58: =N58 -> IV/b | BL58: JFT | BO58: - | BQ58: Perencana Ahli Madya | BR58: 23-12-2020 | BS58: 512.5 | BT58: 01-01-2005 | BV58: 01-05-2009 | BW58: =YEAR(NOW())-YEAR(BV58) -> 14 | BX58: =DATEDIF(BV58,NOW(),"YM") -> 3 | CA58: Islam | CB58: Menikah | CC58: 2 | CD58: 1 | CE58: Menanggung | CR58: 2210 | CS58: Dicek Melalui Situs Pangkalan Data Pendidikan Tinggi (S2) | DM58: 59.237.948.1-411.000 | DO58: 3674051101170008 | DP58: 3174055104710005 | DQ58: Jl. Sawo I Blok FA 9/4 No. 4 Rt. 002 / 012 Pondok Ranji Ciputat Timur Sektor 7 Bintaro Tangerang Selatan | DS58: 08558641560 | DT58: sita_herriadie@yahoo.com | DU58: 3 | DV58: Moderna | EB58: 0 | EC58: Tenaga Non Medis Administrasi | ED58: MANAJERIAL
A59: 57 | B59: dr. Yufanti Sujudi, Sp.KK | C59: 140265245 | D59: 196405091991032003 | F59: Ahli Madya | G59: =IF(F59="Ahli Madya",60,IF(F59="Ahli Utama",65,58)) -> 60 | H59: =DATE(YEAR(X59)+G59,MONTH(X59)+1,1) -> 45444 | J59: ASN | K59: PNS | L59: PNS | M59: P | N59: IV/c | O59: 4C | P59: 01-10-2022 | Q59: KP.03.02/IV/6847/2022 | R59: 31 | S59: 7 | U59: 163 | W59: Jakarta | X59: 09-05-1964 | Y59: =YEAR(NOW())-YEAR(X59) -> 59 | Z59: =IF(AND(Y59>=21,Y59<=35),"21-35",IF(AND(Y59>35,Y59<=45),"36-45",IF(AND(Y59>45,Y59<=58),"46-58",IF(Y59>58,"Lebih dari 58",0)))) -> Lebih dari 58 | AB59: Dokter Spesialis Penyakit Kulit dan Kelamin | AC59: DOKTER SPESIALIS | AD59: TENAGA MEDIS | AE59: KSM Dermatologi dan Venereologi | AF59: MDS | AG59: A | AH59: A | AI59: FELLOW / MS | AJ59: - | AK59: 042/PPDS/2003 | AL59: 06-05-2003 | AM59: Universitas Indonesia | AP59: KSM Dermatologi dan Venereologi | AQ59: 01-02-2023 | AR59: MEDIS | AS59: MEDIS | AT59: =_xlfn.IFNA(VLOOKUP(D59,'[1]5. 1 Mei 2022'!$C$7:$F$60,4,FALSE),"") | AV59: Dokter Spesialis Penyakit Kulit dan Kelamin | AW59: 01-02-2023 | AX59: =AW59+1903 -> 46861 | AY59: Direktorat Pelayanan Medik, Keperawatan, dan Penunjang | AZ59: KSM_KULIT | BA59: KSM Dermatologi dan Venereologi | BE59: MDS | BF59: Dokter Spesialis Penyakit Kulit dan Kelamin | BI59: DR | BJ59: Dokter Pendidik Klinis Ahli Madya | BK59: =N59 -> IV/c | BL59: JFT | BQ59: Dokter Pendidik Klinis Ahli Madya | BR59: 1 Juli 2022 | BS59: 735.8030 | BT59: 01-03-1991 | BV59: 01-09-2003 | BW59: =YEAR(NOW())-YEAR(BV59) -> 20 | BX59: =DATEDIF(BV59,NOW(),"YM") -> 3 | CA59: Islam | CB59: Menikah | CC59: 2 | CD59: 1 | CE59: Menanggung | CH59: 2007 | CI59: 2012 | CL59: Belum Menyerahkan | CM59: 09-05-2027 | CN59: 127 | CO59: 159/B.15B/31.74.06.1001.05.023.S.2/3/-1.779.3/e/2022 | CP59: 09-05-2027 | CQ59: 127 | CR59: 2096 | CS59: Benar Lulusan Sp1 FKUI // Benar lulusan dokter umum Universitas Airlangga | CT59: 0 // 4259/UN.1.1/PPd.10/2013 | CU59: 14-02-2012 // 30-10-2013 | CV59: KP.00.02/II.4/110/2012 | CW59: Spesialis I UI | CX59: 18-01-2012 | CY59: KP.00.02/II.4/2735/2013 // KP.00.02/II.4/3303/2013 | CZ59: Dokter Umum Universitas Airlangga // Dokter Umum Universitas Airlangga | DA59: 29-07-2013 // 19-09-2013 | DB59: Dicek Melalui Website KKI | DE59: 2022 | DF59: Benar SIP dokter dikeluarkan oleh UP PTSP Kec Cilandak | DG59: 210/-072.1 | DH59: 2022 | DK59: HK.02.03/VIII.2/15141/2019 | DL59: 24-10-2019 | DM59: 05.858.524.9-005.000 | DP59: 3175104905640004 | DQ59: Jl. Gempol I No.10 B RT. 006 RW.002 Kel. Ceger Kec. Cipayung Jakarta Timur | DS59: 0811152216 | DT59: yufantisujudi@gmail.com | DU59: 3 | DV59: Moderna | DY59: 11600/2021 | DZ59: 29-11-2021 | EB59: 0 | EC59: Dokter Spesialis | ED59: NON MANAJERIAL | EE59: Universitas Airlangga | EF59: Universitas Indonesia
A60: 58 | B60: Endang Ruhiyat, SE | C60: PNS | D60: 197612152006041012 | F60: Ahli Madya | G60: =IF(F60="Ahli Madya",60,IF(F60="Ahli Utama",65,58)) -> 60 | H60: =DATE(YEAR(X60)+G60,MONTH(X60)+1,1) -> 50041 | J60: ASN | K60: PNS | L60: PNS | M60: L | N60: IV/a | O60: 4A | P60: 01-04-2021 | R60: 16 | S60: 0 | U60: 99 | W60: Bogor | X60: 15-12-1976 | Y60: =YEAR(NOW())-YEAR(X60) -> #VALUE! | Z60: =IF(AND(Y60>=21,Y60<=35),"21-35",IF(AND(Y60>35,Y60<=45),"36-45",IF(AND(Y60>45,Y60<=58),"46-58",IF(Y60>58,"Lebih dari 58",0)))) -> #VALUE! | AB60: S1 Ekonomi Akuntansi | AC60: TENAGA NON MEDIS | AD60: NON MEDIS / ADMINISTRASI | AF60: NONMDS | AG60: D | AH60: D | AI60: S1 | AP60: Kelompok Substansi Akuntansi dan Barang Milik Negara | AQ60: 15-05-2020 | AR60: MANAJEMEN | AS60: MANAJEMEN | AT60: =_xlfn.IFNA(VLOOKUP(D60,'[1]5. 1 Mei 2022'!$C$7:$F$60,4,FALSE),"") | AU60: Koordinator Kelompok Substansi | AV60: Koordinator Kelompok Substansi Akuntansi dan Barang Milik Negara | AW60: 03-06-2021 | AX60: =AW60+1903 -> 46253 | AY60: Direktorat Keuangan dan Barang Milik Negara | AZ60: BAG_AKUNTANSI & BMN | BA60: Kelompok Substansi Akuntansi dan Barang Milik Negara | BD60: KOORD_BAGBID | BE60: MJ | BF60: Koordinator Kelompok Substansi Akuntansi dan Barang Milik Negara | BJ60: Analis Pengelolaan Keuangan APBN Ahli Madya | BK60: =N60 -> IV/a | BL60: JFT | BQ60: Analis Pengelolaan Keuangan APBN Ahli Madya | BR60: 23-12-2020 | BS60: 375 | BV60: 23-05-2019 | BW60: =YEAR(NOW())-YEAR(BV60) -> #VALUE! | BX60: =DATEDIF(BV60,NOW(),"YM") -> #VALUE! | CA60: Islam | CB60: Menikah | CD60: 1 | CR60: 1652 | DM60: #N/A | DP60: 3201251512760006 | DS60: 08128496321 | DT60: eruhiyat76@gmail.com | DU60: 3 | DV60: Moderna | EB60: 0 | EC60: Tenaga Non Medis Administrasi | ED60: MANAJERIAL
A61: 59 | B61: Iwan Rusmana, SH, MH | C61: PNS | D61: 197612272003121003 | F61: Ahli Madya | G61: =IF(F61="Ahli Madya",60,IF(F61="Ahli Utama",65,58)) -> 60 | H61: =DATE(YEAR(X61)+G61,MONTH(X61)+1,1) -> 50041 | J61: ASN | K61: PNS | L61: PNS | M61: L | N61: IV/b | O61: 4B | P61: 01-04-2023 | Q61: KP.02.01/Menkes/380/2023 | R61: 21 | S61: 6 | W61: Jakarta | X61: 27-12-1976 | Y61: =YEAR(NOW())-YEAR(X61) -> #VALUE! | Z61: =IF(AND(Y61>=21,Y61<=35),"21-35",IF(AND(Y61>35,Y61<=45),"36-45",IF(AND(Y61>45,Y61<=58),"46-58",IF(Y61>58,"Lebih dari 58",0)))) -> #VALUE! | AB61: Magister Hukum | AC61: TENAGA NON MEDIS | AD61: NON MEDIS / ADMINISTRASI | AF61: NONMDS | AG61: D | AH61: D | AI61: S2 | AP61: Kelompok Substansi Hukum, Organisasi, dan Hubungan Masyarakat | AQ61: 15-05-2020 | AR61: MANAJEMEN | AS61: MANAJEMEN | AT61: =_xlfn.IFNA(VLOOKUP(D61,'[1]5. 1 Mei 2022'!$C$7:$F$60,4,FALSE),"") | AU61: Koordinator Kelompok Substansi | AV61: Koordinator Kelompok Substansi Hukum, Organisasi, dan Hubungan Masyarakat | AW61: 03-06-2021 | AX61: =AW61+1903 -> 46253 | AY61: Direktorat Perencanaan, Organisasi, dan Umum | AZ61: BAG_HUKOR | BA61: Kelompok Substansi Hukum, Organisasi, dan Hubungan Masyarakat | BD61: KOORD_BAGBID | BE61: MJ | BF61: Koordinator Kelompok Substansi Hukum, Organisasi, dan Hubungan Masyarakat | BJ61: Analis Hukum Ahli Madya | BK61: =N61 -> IV/b | BL61: JFT | BQ61: Analis Hukum Ahli Madya | BR61: 23-12-2020 | BS61: 437.5 | BV61: 15-05-2020 | BW61: =YEAR(NOW())-YEAR(BV61) -> #VALUE! | BX61: =DATEDIF(BV61,NOW(),"YM") -> #VALUE! | CA61: Islam | CB61: Menikah | CD61: 1 | CR61: 1006 | DM61: 685545980412000 | DP61: 3276052712760001 | DS61: 081210730730 | DU61: 3 | DV61: Moderna | EB61: 0 | EC61: Tenaga Non Medis Administrasi | ED61: MANAJERIAL
A62: 60 | B62: Ns. Nurhidayatun, S.Kep, M.Kep, Sp.Kep.A | C62: K20110120042 | D62: 198402152010122002 | F62: Ahli Muda | G62: =IF(F62="Ahli Madya",60,IF(F62="Ahli Utama",65,58)) -> 58 | H62: =DATE(YEAR(X62)+G62,MONTH(X62)+1,1) -> 51926 | J62: ASN | K62: PNS | L62: PNS | M62: P | N62: III/d | O62: 3D | P62: 01-10-2020 | R62: 10 | S62: 0 | U62: 563 | V62: Q 341867 | W62: Cirebon | X62: 15-02-1984 | Y62: =YEAR(NOW())-YEAR(X62) -> #VALUE! | Z62: =IF(AND(Y62>=21,Y62<=35),"21-35",IF(AND(Y62>35,Y62<=45),"36-45",IF(AND(Y62>45,Y62<=58),"46-58",IF(Y62>58,"Lebih dari 58",0)))) -> #VALUE! | AB62: Magister Keperawatan + Spesialis Keperawatan Anak | AC62: TENAGA NON MEDIS | AD62: NON MEDIS / ADMINISTRASI | AF62: PRW | AG62: A | AH62: B | AI62: S2 | AP62: Kelompok Substansi Pelayanan Keperawatan | AQ62: 03-06-2021 | AR62: MANAJEMEN | AS62: MANAJEMEN | AT62: =_xlfn.IFNA(VLOOKUP(D62,'[1]5. 1 Mei 2022'!$C$7:$F$60,4,FALSE),"") | AU62: Koordinator Kelompok Substansi | AV62: Koordinator Kelompok Substansi Pelayanan Keperawatan | AW62: 03-06-2021 // 31-07-2018 | AX62: =AW62+1903 -> #VALUE! | AY62: Direktorat Pelayanan Medik, Keperawatan, dan Penunjang | AZ62: BID_PEL_KEP | BA62: Kelompok Substansi Pelayanan Keperawatan | BD62: KOORD_BAGBID | BE62: MJ | BF62: Koordinator Kelompok Substansi Pelayanan Keperawatan | BI62: PER | BJ62: Perawat Ahli Muda | BK62: =N62 -> III/d | BL62: JFT | BQ62: Perawat Ahli Muda | BR62: 01-06-2020 | BS62: 318.6330 | BT62: 01-12-2010 | BU62: 01-04-2012 | BV62: 01-01-2011 | BW62: =YEAR(NOW())-YEAR(BV62) -> 12 | BX62: =DATEDIF(BV62,NOW(),"YM") -> 3 | BZ62: 043546 MN | CA62: Islam | CB62: Menikah | CC62: 3 | CD62: 1 | CE62: Menanggung | CL62: 120182222-4238556 | CM62: 15-02-2027 | CN62: 127 | CO62: 278/B.16/31.74.06.1001.05.023.S.2.a.b/4/-1.779.3/e/2022 | CP62: 15-02-2027 | CQ62: 127 | CR62: 4428 | CS62: Benar lulusan S1 Keperawatan dan NERS Univ. Muhammadiyah Yogyakarta // Benar Lulusan Magister Keperawatan Spesialis Kep.Anak UI | CT62: 103/D.3-I/III/2014 // 8367/UN2.F12.D/PDP.00.06.00/2016 | CU62: 05-03-2014 // 01-12-2016 | CV62: KP.00.02/II.4/556/2012 // KP.00.02/II.4/757/2014 // KP.00.02/II.4/5688/2016 | CW62: Ners Univ. Muhammadiyah Yogyakarta // Ners Univ. Muhammadiyah Yogyakarta // S2 Keperawatan UI | CX62: 01-03-2012 //29-01-2014 // 22-08-2016 | DB62: STR Tenaga Perawat Benar Dikeluarkan oleh MTKI | DC62: TU.08.01/MTKI/340/2013 | DD62: 20-05-2013 | DI62: HK.02.03/VIII.2/9651/2019 | DJ62: 30-07-2019 | DK62: HK.02.03/VIII.2/15142/2019 | DL62: 24-10-2019 | DM62: 69.297.021.3-426.000 | DO62: 3215261403140015 | DP62: 3209305502840007 | DQ62: Permatasari Indah Rt. 002 / 022 Kel. Palumbonsari Kec. Karawang Timur Karawang | DS62: 081386706572 | DT62: ns.nurhidayatun@gmail.com | DU62: 3 | DV62: Moderna | DW62: PK3 | DX62: PK3 | EB62: 1125301 | EC62: Tenaga Non Medis Administrasi | ED62: MANAJERIAL
A63: 61 | B63: Rani, SE, MH | C63: PNS | D63: 197810132005012001 | F63: Ahli Madya | G63: =IF(F63="Ahli Madya",60,IF(F63="Ahli Utama",65,58)) -> 60 | H63: =DATE(YEAR(X63)+G63,MONTH(X63)+1,1) -> 50710 | J63: ASN | K63: PNS | L63: PNS | M63: P | N63: IV/a | O63: 4A | P63: 01-10-2020 | R63: 16 | S63: 0 | U63: 190 | W63: Jakarta | X63: 13-10-1978 | Y63: =YEAR(NOW())-YEAR(X63) -> #VALUE! | Z63: =IF(AND(Y63>=21,Y63<=35),"21-35",IF(AND(Y63>35,Y63<=45),"36-45",IF(AND(Y63>45,Y63<=58),"46-58",IF(Y63>58,"Lebih dari 58",0)))) -> #VALUE! | AB63: Magister Hukum | AC63: TENAGA NON MEDIS | AD63: NON MEDIS / ADMINISTRASI | AF63: NONMDS | AG63: D | AH63: D | AI63: S2 | AJ63: 20040015085 | AK63: U/2066/20.40.581 | AL63: 26-02-2019 | AM63: Universitas Islam Bandung | AP63: Kelompok Substansi Anggaran | AQ63: 15-05-2020 | AR63: MANAJEMEN | AS63: MANAJEMEN | AT63: =_xlfn.IFNA(VLOOKUP(D63,'[1]5. 1 Mei 2022'!$C$7:$F$60,4,FALSE),"") | AU63: Koordinator Kelompok Substansi | AV63: Koordinator Kelompok Substansi Anggaran | AW63: 03-06-2021 | AX63: =AW63+1903 -> 46253 | AY63: Direktorat Keuangan dan Barang Milik Negara | AZ63: BAG_ANGGARAN | BA63: Kelompok Substansi Anggaran | BD63: KOORD_BAGBID | BE63: MJ | BF63: Koordinator Kelompok Substansi Anggaran | BJ63: Analis Pengelolaan Keuangan APBN Ahli Madya | BK63: =N63 -> IV/a | BL63: JFT | BQ63: Analis Pengelolaan Keuangan APBN Ahli Madya | BR63: 23-12-2020 | BS63: 400 | BV63: 23-08-2018 | BW63: =YEAR(NOW())-YEAR(BV63) -> #VALUE! | BX63: =DATEDIF(BV63,NOW(),"YM") -> #VALUE! | CA63: Islam | CB63: Menikah | CD63: 1 | CR63: 1649 | CS63: Dicek Di Forlap Dikti (S2) | DM63: 582381016008000 | DP63: 3175075310780009 | DS63: 081317201889 | DT63: raniraisa1310@gmail.com | DU63: 3 | DV63: Moderna | EB63: 0 | EC63: Tenaga Non Medis Administrasi | ED63: MANAJERIAL
A64: 62 | B64: Sugih Asih, S.Kp, M.Kep | C64: 140211397 | D64: 196309241988032001 | F64: Ahli Madya | G64: =IF(F64="Ahli Madya",60,IF(F64="Ahli Utama",65,58)) -> 60 | H64: =DATE(YEAR(X64)+G64,MONTH(X64)+1,1) -> 45200 | J64: ASN | K64: PNS | L64: PNS | M64: P | N64: IV/b | O64: 4B | P64: 01-10-2017 | R64: 32 | S64: 0 | U64: 654 | W64: Kuningan | X64: 24-09-1963 | Y64: =YEAR(NOW())-YEAR(X64) -> #VALUE! | Z64: =IF(AND(Y64>=21,Y64<=35),"21-35",IF(AND(Y64>35,Y64<=45),"36-45",IF(AND(Y64>45,Y64<=58),"46-58",IF(Y64>58,"Lebih dari 58",0)))) -> #VALUE! | AB64: Magister Keperawatan | AC64: TENAGA NON MEDIS | AD64: NON MEDIS / ADMINISTRASI | AF64: PRW | AG64: A | AH64: B | AI64: S2 | AJ64: 730400065Y | AK64: NC.05-012744 | AL64: 02-09-2006 | AM64: Universitas Indonesia | AP64: Kelompok Substansi Perencanaan dan Evaluasi | AQ64: 03-06-2021 | AR64: MANAJEMEN | AS64: MANAJEMEN | AT64: =_xlfn.IFNA(VLOOKUP(D64,'[1]5. 1 Mei 2022'!$C$7:$F$60,4,FALSE),"") | AV64: MPP | AW64: 03-06-2021 // 01-08-2017 // 31-07-2018 | AX64: =AW64+1903 -> #VALUE! | AY64: Direktorat Perencanaan, Organisasi, dan Umum | AZ64: BAG_PE | BA64: Kelompok Substansi Perencanaan dan Evaluasi | BE64: MJ | BJ64: Analis Kepegawaian Ahli Madya | BK64: =N64 -> IV/b | BL64: JFT | BQ64: Analis Kepegawaian Ahli Madya | BR64: 23-12-2020 | BS64: 550 | BT64: 01-03-1988 | BV64: 01-03-1988 | BW64: =YEAR(NOW())-YEAR(BV64) -> 35 | BX64: =DATEDIF(BV64,NOW(),"YM") -> 3 | BZ64: BA 00004112 | CA64: Islam | CB64: Menikah | CC64: 1 | CD64: 1 | CE64: Menanggung | CI64: 2009 | CJ64: 222/MENKES/SK/VII/2012 | CL64: 120172218-2331072 | CM64: 24-09-2023 | CN64: 123 | CR64: 3165 | CS64: Benar lulusan Magister Keperawatan UI | CT64: 5541/H2.F12.D/PDP.00.06.00.Data lulusan/2013 | CU64: 18-12-2013 | CV64: KP.00.02/II.4/4080/2013 | CW64: Magister Keperawatan UI | CX64: 04-12-2013 | DB64: STR Tenaga Perawat Benar Dikeluarkan oleh MTKI | DC64: TU.08.01/MTKI/340/2013 | DD64: 20-05-2013 | DI64: HK.02.03/VIII.2/9651/2019 | DJ64: 30-07-2019 | DM64: 48.979.027.9-411.000 | DP64: 3674066411630005 | DQ64: Komp. Alvita Pondok Sawah Indah Blok Q No. 10 Rt. 002 / 008 Kel. Sawah Baru Kec. Ciputat | DR64: Villa Pamulang Mas Blok V.5 No.12 RT.01 RW.08 Bambu Apus Pamulang Tangerang | DS64: 08129608909 // 081221282074 | DU64: 3 | DV64: Moderna | EB64: 0 | EC64: Tenaga Non Medis Administrasi | ED64: NON MANAJERIAL
A65: 63 | B65: Yuliana Sriwahyuni, M.P.H | C65: PNS | D65: 196305231997032001 | F65: Ahli Madya | G65: =IF(F65="Ahli Madya",60,IF(F65="Ahli Utama",65,58)) -> 60 | H65: =DATE(YEAR(X65)+G65,MONTH(X65)+1,1) -> 45078 | J65: ASN | K65: PNS | L65: PNS | M65: P | N65: IV/b | O65: 4B | P65: 01-10-2020 | R65: 24 | S65: 0 | T65: 01-10-2017 | W65: Wonogiri | X65: 23-05-1963 | Y65: =YEAR(NOW())-YEAR(X65) -> #VALUE! | Z65: =IF(AND(Y65>=21,Y65<=35),"21-35",IF(AND(Y65>35,Y65<=45),"36-45",IF(AND(Y65>45,Y65<=58),"46-58",IF(Y65>58,"Lebih dari 58",0)))) -> #VALUE! | AA65: 01-06-2023 | AB65: Magister Kesehatan Masyarakat | AC65: TENAGA NON MEDIS | AD65: NON MEDIS / ADMINISTRASI | AF65: NONMDS | AG65: D | AH65: D | AI65: S2 | AK65: 51011/M.P.H/19 | AL65: 24-04-2019 | AM65: Universitas Gajah Mada | AO65: 31-07-2017 | AP65: Kelompok Substansi Umum | AQ65: 24-09-2020 | AR65: MANAJEMEN | AS65: MANAJEMEN | AT65: =_xlfn.IFNA(VLOOKUP(D65,'[1]5. 1 Mei 2022'!$C$7:$F$60,4,FALSE),"") | AU65: Koordinator Kelompok Substansi | AV65: Koordinator Kelompok Substansi Umum | AW65: 03-06-2021 | AX65: =AW65+1903 -> 46253 | AY65: Direktorat Perencanaan, Organisasi, dan Umum | AZ65: BAG_UMUM | BA65: Kelompok Substansi Umum | BD65: KOORD_BAGBID | BE65: MJ | BF65: Koordinator Kelompok Substansi Umum | BG65: Plt. Koordinator Kelompok Substansi Perencanaan dan Evaluasi | BJ65: Arsiparis Ahli Madya | BK65: =N65 -> IV/b | BL65: JFT | BM65: 01-01-2023 | BQ65: Arsiparis Ahli Madya | BR65: 23-12-2020 | BS65: 150 | BV65: 24-09-2020 | BW65: =YEAR(NOW())-YEAR(BV65) -> #VALUE! | BX65: =DATEDIF(BV65,NOW(),"YM") -> #VALUE! | CA65: Kristen Katolik | CB65: Janda | CC65: 2 | CR65: 1007 | DM65: 594070658403000 | DO65: 3201021309180034 | DP65: 3201026305630002 | DQ65: Villa Nusa Indah Blok W.20/16 RT.004 RW. 021 Kel. Bojong Kulur Kec. Gunung Putri Bogor Jawa Barat | DS65: 0818197898 | DT65: yuliana_sriwahyuni23@yahoo.com | DU65: 3 | DV65: Moderna | EB65: 0 | EC65: Tenaga Non Medis Administrasi | ED65: MANAJERIAL
A66: 64 | B66: Abdullah, SE, MM | C66: 140377906 | D66: 197704132007101004 | F66: Ahli Muda | G66: =IF(F66="Ahli Madya",60,IF(F66="Ahli Utama",65,58)) -> 58 | H66: =DATE(YEAR(X66)+G66,MONTH(X66)+1,1) -> 49430 | J66: ASN | K66: PNS | L66: PNS | M66: L | N66: III/d | O66: 3D | P66: 44652 | R66: 20 | S66: 6 | U66: 1561 | V66: P085229 | W66: Jakarta | X66: 13-04-1977 | Y66: =YEAR(NOW())-YEAR(X66) -> #VALUE! | Z66: =IF(AND(Y66>=21,Y66<=35),"21-35",IF(AND(Y66>35,Y66<=45),"36-45",IF(AND(Y66>45,Y66<=58),"46-58",IF(Y66>58,"Lebih dari 58",0)))) -> #VALUE! | AB66: Magister Manajemen | AC66: TENAGA NON MEDIS | AD66: NON MEDIS / ADMINISTRASI | AF66: NONMDS | AG66: A | AH66: D | AI66: S2 | AJ66: 171015200044 | AK66: UP.611012019003359 | AL66: 17-06-2019 | AM66: Universitas Pamulang | AP66: Kelompok Substansi Anggaran | AQ66: 15-05-2020 | AR66: MANAJEMEN | AS66: MANAJEMEN | AT66: =_xlfn.IFNA(VLOOKUP(D66,'[1]5. 1 Mei 2022'!$C$7:$F$60,4,FALSE),"") | AU66: Sub Koordinator | AV66: Sub Koordinator Penyusunan dan Evaluasi Anggaran | AW66: 03-06-2021 // 31-07-2018 | AX66: =AW66+1903 -> #VALUE! | AY66: Direktorat Keuangan dan Barang Milik Negara | AZ66: BAG_ANGGARAN | BA66: Kelompok Substansi Anggaran | BD66: SUBKOORD_BAGBID | BE66: MJ | BF66: Sub Koordinator Penyusunan dan Evaluasi Anggaran | BJ66: Analis Pengelolaan Keuangan APBN Ahli Muda | BK66: =N66 -> III/d | BL66: JFT | BQ66: Analis Pengelolaan Keuangan APBN Ahli Muda | BR66: 23-12-2020 | BS66: 250 | BT66: 01-10-2007 | BV66: 01-10-1996 | BW66: =YEAR(NOW())-YEAR(BV66) -> 27 | BX66: =DATEDIF(BV66,NOW(),"YM") -> 3 | CA66: Islam | CB66: Menikah | CC66: 2 | CD66: 1 | CE66: Menanggung | CR66: 1033 | CS66: Dicek Melalui Situs Pangkalan Data Pendidikan Tinggi (S1) | DM66: 69.428.159.3-016.000 | DO66: 3174061001090760 | DP66: 3174061304770008 | DQ66: Jl Mandala II Bawah No.54 RT008 RW 002 Cilandak Barat Cilandak Jakarta Selatan | DS66: 081315669708 | DT66: doelabdullah1304@gmail.com | DU66: 3 | DV66: Moderna | EB66: 0 | EC66: Tenaga Non Medis Administrasi | ED66: MANAJERIAL
A67: 65 | B67: Agus Susanto, SKM, MKM | C67: PNS | D67: 196908191989111001 | F67: Ahli Muda | G67: =IF(F67="Ahli Madya",60,IF(F67="Ahli Utama",65,58)) -> 58 | H67: =DATE(YEAR(X67)+G67,MONTH(X67)+1,1) -> 46631 | J67: ASN | K67: PNS | L67: PNS | M67: L | N67: IV/a | O67: 4A | P67: 44652 | R67: 27 | S67: 5 | U67: 282 | V67: E.878963 | W67: Jakarta | X67: 19-08-1969 | Y67: =YEAR(NOW())-YEAR(X67) -> #VALUE! | Z67: =IF(AND(Y67>=21,Y67<=35),"21-35",IF(AND(Y67>35,Y67<=45),"36-45",IF(AND(Y67>45,Y67<=58),"46-58",IF(Y67>58,"Lebih dari 58",0)))) -> #VALUE! | AB67: Magister Kesehatan Masyarakat | AC67: TENAGA NON MEDIS | AD67: NON MEDIS / ADMINISTRASI | AF67: TKL | AG67: A | AH67: C | AI67: S2 | AJ67: 0906574612 | AK67: NC.11-007263 | AL67: 10-02-2012 | AM67: Universitas Indonesia | AP67: Kelompok Substansi Umum | AQ67: 13-01-2016 | AR67: MANAJEMEN | AS67: MANAJEMEN | AT67: =_xlfn.IFNA(VLOOKUP(D67,'[1]5. 1 Mei 2022'!$C$7:$F$60,4,FALSE),"") | AU67: Sub Koordinator | AV67: Sub Koordinator Tata Usaha | AW67: 03-06-2021 // 31-07-2018 | AX67: =AW67+1903 -> #VALUE! | AY67: Direktorat Perencanaan, Organisasi, dan Umum | AZ67: BAG_UMUM | BA67: Kelompok Substansi Umum | BD67: SUBKOORD_BAGBID | BE67: MJ | BF67: Sub Koordinator Tata Usaha | BJ67: Arsiparis Ahli Muda | BK67: =N67 -> IV/a | BL67: JFT | BQ67: Arsiparis Ahli Muda | BR67: 23-12-2020 | BS67: 100 | BT67: 01-11-1989 | BU67: 01-05-1991 | BV67: 13-01-2016 | BW67: =YEAR(NOW())-YEAR(BV67) -> #VALUE! | BX67: =DATEDIF(BV67,NOW(),"YM") -> #VALUE! | CA67: Islam | CB67: Menikah | CC67: 3 | CD67: 1 | CE67: Menanggung | CR67: 1626 | CS67: Dicek Melalui Situs Pangkalan Data Pendidikan Tinggi (S2) | DM67: 59.237.840.0-403.000 | DP67: 3201041908690004 | DQ67: Cil Bumi Pertiwi Blok G No.8 Rt. 001/012 Kel. Cilebut Timur Kec. Sukaraja Kab. Bogor | DS67: 081310300054 | DT67: zhafran@yahoo.com | DU67: 3 | DV67: Moderna | EB67: 0 | EC67: Tenaga Non Medis Administrasi | ED67: MANAJERIAL
A68: 66 | B68: Atom Kadam, SE | C68: 140288013 | D68: 197006031992031002 | F68: Ahli Muda | G68: =IF(F68="Ahli Madya",60,IF(F68="Ahli Utama",65,58)) -> 58 | H68: =DATE(YEAR(X68)+G68,MONTH(X68)+1,1) -> 46935 | J68: ASN | K68: PNS | L68: PNS | M68: L | N68: III/d | O68: 3D | P68: 01-04-2017 | R68: 22 | S68: 0 | U68: 1188 | W68: Jakarta | X68: 03-06-1970 | Y68: =YEAR(NOW())-YEAR(X68) -> 53 | Z68: =IF(AND(Y68>=21,Y68<=35),"21-35",IF(AND(Y68>35,Y68<=45),"36-45",IF(AND(Y68>45,Y68<=58),"46-58",IF(Y68>58,"Lebih dari 58",0)))) -> 46-58 | AB68: S1 Ekonomi Manajemen | AC68: TENAGA NON MEDIS | AD68: NON MEDIS / ADMINISTRASI | AF68: NONMDS | AG68: D | AH68: D | AI68: S1 | AJ68: 1010020038 | AK68: MGT/112/131/002/2002 | AL68: 31-08-2002 | AM68: STIE Bisnis Indonesia | AP68: Kelompok Substansi Hukum, Organisasi, dan Hubungan Masyarakat | AQ68: 15-05-2020 | AR68: MANAJEMEN | AS68: MANAJEMEN | AT68: =_xlfn.IFNA(VLOOKUP(D68,'[1]5. 1 Mei 2022'!$C$7:$F$60,4,FALSE),"") | AU68: Sub Koordinator | AV68: Sub Koordinator Hubungan Masyarakat | AW68: 03-06-2021 // 31-07-2018 | AX68: =AW68+1903 -> #VALUE! | AY68: Direktorat Perencanaan, Organisasi, dan Umum | AZ68: BAG_HUKOR | BA68: Kelompok Substansi Hukum, Organisasi, dan Hubungan Masyarakat | BD68: SUBKOORD_BAGBID | BE68: MJ | BF68: Sub Koordinator Hubungan Masyarakat | BJ68: Pranata Hubungan Masyarakat Ahli Muda | BK68: =N68 -> III/d | BL68: JFT | BP68: - | BQ68: Pranata Hubungan Masyarakat Ahli Muda | BR68: 23-12-2020 | BS68: 300 | BT68: 01-03-1992 | BV68: 11-12-1992 | BW68: =YEAR(NOW())-YEAR(BV68) -> 31 | BX68: =DATEDIF(BV68,NOW(),"YM") -> 4 | BZ68: AB 00037787 | CA68: Islam | CB68: Menikah | CC68: 3 | CD68: 1 | CE68: Menanggung | CH68: 2008 | CR68: 5002 | CS68: Benar lulusan S1 Manajemen STIE Bisnis Indonesia | CT68: H041/K.01/STIE BI/X/2013 | CU68: 24-10-2013 | CV68: KP.00.02/II.4/3418/2013 | CW68: S1 Manajemen STIE Bisnis Indonesia | CX68: 01-10-2013 | DM68: 48.487.196.2-009.000 | DP68: 3175050306700005 | DQ68: Jl Kampung Asem Gang Buah VIII No.7 RT 004 RW 001 Cijantung Pasar Rebo Jakarta Timur | DS68: 081318626479 | DT68: atomvankoof@yahoo.com | DU68: 3 | DV68: Moderna | EB68: 0 | EC68: Tenaga Non Medis Administrasi | ED68: MANAJERIAL
A69: 67 | B69: Budiman, SH | C69: K20110110123 | D69: 198503052010121001 | F69: Ahli Muda | G69: =IF(F69="Ahli Madya",60,IF(F69="Ahli Utama",65,58)) -> 58 | H69: =DATE(YEAR(X69)+G69,MONTH(X69)+1,1) -> 52322 | J69: ASN | K69: PNS | L69: PNS | M69: L | N69: III/d | O69: 3D | P69: 01-04-2023 | Q69: KP.02.01/A/18126/2023 | R69: 12 | S69: 4 | U69: 1737 | V69: Q 341871 | W69: Pati | X69: 05-03-1985 | Y69: =YEAR(NOW())-YEAR(X69) -> 38 | Z69: =IF(AND(Y69>=21,Y69<=35),"21-35",IF(AND(Y69>35,Y69<=45),"36-45",IF(AND(Y69>45,Y69<=58),"46-58",IF(Y69>58,"Lebih dari 58",0)))) -> 36-45 | AB69: S1 Hukum | AC69: TENAGA NON MEDIS | AD69: NON MEDIS / ADMINISTRASI | AF69: NONMDS | AG69: D | AH69: D | AI69: S1 | AJ69: 2004-20-025 | AK69: UMK003682 | AL69: 17-04-2009 | AM69: Universitas Muria Kudus | AP69: Kelompok Substansi Hukum, Organisasi, dan Hubungan Masyarakat | AQ69: 15-05-2020 | AR69: MANAJEMEN | AS69: MANAJEMEN | AT69: =_xlfn.IFNA(VLOOKUP(D69,'[1]5. 1 Mei 2022'!$C$7:$F$60,4,FALSE),"") | AU69: Sub Koordinator | AV69: Sub Koordinator Hukum dan Organisasi | AW69: 03-06-2021 | AX69: =AW69+1903 -> 46253 | AY69: Direktorat Perencanaan, Organisasi, dan Umum | AZ69: BAG_HUKOR | BA69: Kelompok Substansi Hukum, Organisasi, dan Hubungan Masyarakat | BD69: SUBKOORD_BAGBID | BE69: MJ | BF69: Sub Koordinator Hukum dan Organisasi | BJ69: Analis Hukum Ahli Muda | BK69: =N69 -> III/d | BL69: JFT | BQ69: Analis Hukum Ahli Muda | BR69: 23-12-2020 | BS69: 225 | BT69: 01-12-2010 | BU69: 01-04-2012 | BV69: 01-01-2011 | BW69: =YEAR(NOW())-YEAR(BV69) -> 12 | BX69: =DATEDIF(BV69,NOW(),"YM") -> 3 | CA69: Islam | CB69: Menikah | CC69: 2 | CD69: 1 | CE69: Menanggung | CR69: 1537 | CS69: Dicek Melalui Situs Pangkalan Data Pendidikan Tinggi (S1) | DM69: 78.968.459.4-507.000 | DO69: 0 | DP69: 3318040503850004 | DQ69: Jl. Desa Kudur Rt. 003 / 001 Kec. Winong Kab. Pati Jawa Tengah | DR69: Jl. Duren Kel. Rangkapan Jaya Baru RT.02 RW.03 Kec. Pancoran Mas Depok | DS69: 081225200755 | DT69: Budiman6232@gmail.com | DU69: 3 | DV69: Moderna | EB69: 0 | EC69: Tenaga Non Medis Administrasi | ED69: MANAJERIAL
A70: 68 | B70: Dewi Apriyantini, SKM, MARS | C70: 140333076 | D70: 197804201997032001 | F70: Ahli Muda | G70: =IF(F70="Ahli Madya",60,IF(F70="Ahli Utama",65,58)) -> 58 | H70: =DATE(YEAR(X70)+G70,MONTH(X70)+1,1) -> 49796 | J70: ASN | K70: PNS | L70: PNS | M70: P | N70: IV/a | O70: 4A | P70: 01-10-2021 | R70: 20 | S70: 0 | U70: 340 | W70: Karawang | X70: 20-04-1978 | Y70: =YEAR(NOW())-YEAR(X70) -> #VALUE! | Z70: =IF(AND(Y70>=21,Y70<=35),"21-35",IF(AND(Y70>35,Y70<=45),"36-45",IF(AND(Y70>45,Y70<=58),"46-58",IF(Y70>58,"Lebih dari 58",0)))) -> #VALUE! | AB70: Magister Administrasi Rumah Sakit | AC70: TENAGA NON MEDIS | AD70: NON MEDIS / ADMINISTRASI | AF70: NONMDS | AG70: A | AH70: C | AI70: S2 | AJ70: 1306352143 | AK70: NC.15-003328 | AL70: 28-07-2015 | AM70: Universitas Indonesia | AP70: Kelompok Substansi Pendidikan dan Penelitian | AQ70: 09-11-2015 | AR70: MANAJEMEN | AS70: MANAJEMEN | AT70: =_xlfn.IFNA(VLOOKUP(D70,'[1]5. 1 Mei 2022'!$C$7:$F$60,4,FALSE),"") | AU70: Sub Koordinator | AV70: Sub Koordinator Pendidikan dan Pelatihan | AW70: 03-06-2021// 16-09-2022 | AX70: =AW70+1903 -> #VALUE! | AY70: Direktorat SDM, Pendidikan dan Penelitian | AZ70: BAG_DIKLIT | BA70: Kelompok Substansi Pendidikan dan Penelitian | BD70: SUBKOORD_BAGBID | BE70: MJ | BF70: Sub Koordinator Pendidikan dan Pelatihan | BG70: Pelaksana Harian Koordinator Kelompok Substansi Pendidikan dan Pelatihan | BJ70: Administrator Kesehatan Ahli Muda | BK70: =N70 -> IV/a | BL70: JFT | BQ70: Administrator Kesehatan Ahli Muda | BR70: 23-12-2020 | BS70: 300 | BT70: 01-03-1997 | BV70: 03-09-2007 | BW70: =YEAR(NOW())-YEAR(BV70) -> 16 | BX70: =DATEDIF(BV70,NOW(),"YM") -> 1 | CA70: Islam | CB70: Menikah | CC70: 2 | CD70: 1 | CE70: Menanggung | CG70: 2010 | CR70: 4102 | CS70: Dicek Melalui Situs Forlap Dikti (S2) | CV70: KP.00.02/II.4/307/2014 | CW70: S1 Kesehatan Masyarakat Universitas Muhammadiyah Jakarta | CX70: 10-01-2014 | DM70: 09.616.125.2-016.001 | DO70: 3276040402080087 | DP70: 3276046004780004 | DQ70: Jl. Cilobak Raya No.10 RT.002 RW.007 Kel. Pangkalan Jati Kec. Cinere Kota Depok | DS70: +6285715314486 | DT70: dewi_apriyantini@yahoo.com | DU70: 3 | DV70: Moderna | EB70: 0 | EC70: Tenaga Non Medis Administrasi | ED70: MANAJERIAL
A71: 69 | B71: dr. Ratih Ayu Kusumasari | C71: K2012092019 | D71: 198705132014122001 | F71: Ahli Muda | G71: =IF(F71="Ahli Madya",60,IF(F71="Ahli Utama",65,58)) -> 58 | H71: =DATE(YEAR(X71)+G71,MONTH(X71)+1,1) -> 53114 | J71: ASN | K71: PNS | L71: PNS | M71: P | N71: III/d | O71: 3D | P71: 01-04-2022 | Q71: KP.02.01/2/7297/2022 | R71: 9 | S71: 0 | U71: 255 | V71: B 00014557 | W71: Jakarta | X71: 13-05-1987 | Y71: =YEAR(NOW())-YEAR(X71) -> #VALUE! | Z71: =IF(AND(Y71>=21,Y71<=35),"21-35",IF(AND(Y71>35,Y71<=45),"36-45",IF(AND(Y71>45,Y71<=58),"46-58",IF(Y71>58,"Lebih dari 58",0)))) -> #VALUE! | AB71: Dokter Umum | AC71: DOKTER UMUM | AD71: TENAGA MEDIS | AE71: KSM Umum | AF71: MDS | AG71: A | AH71: A | AI71: S1 | AJ71: 105103003429 | AK71: No. ER.D 0018 | AL71: 15-01-2011 | AM71: UIN Syarif Hidayatullah | AP71: Kelompok Substansi Pelayanan Medik | AQ71: 03-06-2021 | AR71: MANAJEMEN | AS71: MANAJEMEN | AT71: =_xlfn.IFNA(VLOOKUP(D71,'[1]5. 1 Mei 2022'!$C$7:$F$60,4,FALSE),"") | AU71: Sub Koordinator | AV71: Sub Koordinator Pelayanan Medik Rawat Inap | AW71: 03-06-2021 | AX71: =AW71+1903 -> 46253 | AY71: Direktorat Pelayanan Medik, Keperawatan, dan Penunjang | AZ71: BID_PEL_MED | BA71: Kelompok Substansi Pelayanan Medik | BB71: Koordinator Pelayanan Medik Rawat Inap | BD71: SUBKOORD_BAGBID | BE71: MDS | BF71: Sub Koordinator Pelayanan Medik Rawat Inap | BI71: DR | BJ71: Dokter Ahli Muda | BK71: =N71 -> III/d | BL71: JFT | BQ71: Dokter Ahli Muda | BR71: 01-12-2021 | BS71: 303.3430 | BT71: 01-12-2014 | BU71: 01-05-2016 | BV71: 14-09-2012 | BW71: =YEAR(NOW())-YEAR(BV71) -> #VALUE! | BX71: =DATEDIF(BV71,NOW(),"YM") -> #VALUE! | BZ71: BB 00006674 | CA71: Islam | CB71: Menikah | CC71: 1 | CD71: 1 | CE71: Menanggung | CL71: 3121100422119837 | CM71: 13-05-2028 | CN71: 128 | CO71: 93/B.15A/31.74.06.1001.SPU-1.23.d/4/-1.779.3/e/2022 | CP71: 13-05-2028 | CQ71: 128 | CR71: 2311 | CS71: Benar Lulusan FK UIN Syarif Hidayatullah | CT71: Un.01/F.1/KM/01.3/2380/2012 | CU71: 29-10-2012 | DB71: Benar STR Dokter dikeluarkan oleh Konsil Kedokteran Indonesia | DC71: KD.01.01/02/KKI/I/0371/2014 | DD71: 28-01-2014 | DF71: SIP Sudah terbit | DG71: 11368/-1.777.11 | DH71: 29-11-2013 | DI71: KP.00.02/II.4/4140/2013 | DJ71: 10-12-2013 | DK71: HK.02.03/VIII.2/9541/2019 | DL71: 29-07-2019 | DM71: 66.219.699.7-412.000 | DO71: 0 | DP71: 3276065305870001 | DQ71: Perumahan Beji Permai Jl. Delima III Blok L No. 4 Rt. 003/013 Tanah Baru Kec. Beji Depok 16426 | DS71: 087876747391 | DT71: ratihayukusumasari@gmail.com | DU71: 3 | DV71: Moderna | DY71: 13304/2022 | DZ71: 16-09-2022 | EA71: 16-09-2025 | EB71: 997442 | EC71: Tenaga Non Medis Administrasi | ED71: MANAJERIAL
A72: 70 | B72: dr. Triana Puspita Dewi, M.Kes | C72: K2009122077 | D72: 197611122014122001 | F72: Ahli Muda | G72: =IF(F72="Ahli Madya",60,IF(F72="Ahli Utama",65,58)) -> 58 | H72: =DATE(YEAR(X72)+G72,MONTH(X72)+1,1) -> 49279 | J72: ASN | K72: PNS | L72: PNS | M72: P | N72: III/d | O72: 3D | P72: 01-04-2023 | Q72: KP.02.01/A/18128/2023 | R72: 16 | S72: 4 | U72: 609 | V72: B 00038249 | W72: Rembang | X72: 12-11-1976 | Y72: =YEAR(NOW())-YEAR(X72) -> 47 | Z72: =IF(AND(Y72>=21,Y72<=35),"21-35",IF(AND(Y72>35,Y72<=45),"36-45",IF(AND(Y72>45,Y72<=58),"46-58",IF(Y72>58,"Lebih dari 58",0)))) -> 46-58 | AB72: Dokter Umum + Magister Kesehatan | AC72: TENAGA NON MEDIS | AD72: NON MEDIS / ADMINISTRASI | AF72: MDS | AG72: C | AI72: S2 | AJ72: 16217/III-2/2878/01 | AK72: No.1943/M.Kes./03 | AL72: 26-07-2003 | AM72: Universitas Gadjah Mada | AP72: Kelompok Substansi Pendidikan dan Penelitian | AQ72: 01-02-2023 | AR72: MANAJEMEN | AS72: MANAJEMEN | AT72: =_xlfn.IFNA(VLOOKUP(D72,'[1]5. 1 Mei 2022'!$C$7:$F$60,4,FALSE),"") | AU72: Koordinator Kelompok Substansi | AV72: Koordinator Kelompok Substansi Pendidikan dan Penelitian | AW72: 01-02-2023 | AX72: =AW72+1903 -> 46861 | AY72: Direktorat SDM, Pendidikan dan Penelitian | AZ72: BAG_DIKLIT | BA72: Kelompok Substansi Pendidikan dan Penelitian | BD72: KOORD_BAGBID | BE72: MJ | BF72: Koordinator Kelompok Substansi Pendidikan dan Penelitian | BI72: DR | BJ72: Administrator Kesehatan Ahli Muda | BK72: =N72 -> III/d | BL72: JFT | BQ72: Administrator Kesehatan Ahli Muda | BR72: 23-12-2020 | BS72: 225 | BT72: 01-12-2014 | BU72: 01-05-2016 | BV72: 01-12-2009 | BW72: =YEAR(NOW())-YEAR(BV72) -> 14 | BX72: =DATEDIF(BV72,NOW(),"YM") -> 2 | BZ72: BB 00006689 | CA72: Islam | CB72: Menikah | CC72: 1 | CD72: 1 | CE72: Menanggung | CL72: 3321100421001380 | CM72: 12-11-2026 | CN72: 126 | CO72: 49/B.15A/31.74.06.1001.05.023.S.2.a.b/4/-1.779.3/e/2021 | CP72: 12-11-2026 | CQ72: 126 | CR72: 2237 | CS72: Dicek Melalui Situs Pangkalan Data Pendidikan Tinggi (S2) // Benar Lulusan Dokter Umum Universitas Islam Sultan Agung | CT72: 2734/E/SA-K/XII/2016 | CU72: 01-12-2016 | CV72: KP.00.02/II.4/2686/2012 | CW72: M. Kes UGM | CX72: 03-10-2012 | CY72: KP.00.02/II.4/6472/2016 | CZ72: Dokter Umum Univ. Islam Sultan Agung | DA72: 09-11-2016 | DB72: Benar STR Dokter terregistrasi di KKI | DC72: KD.01.01/02/KKI/IX/4341/2016 | DD72: 05-09-2016 | DE72: 2021 | DF72: SIP Sudah terbit | DG72: 11368/-1.777.11 | DH72: 29-11-2013 | DI72: KP.00.02/II.4/4950/2016 | DJ72: 09-08-2016 | DK72: HK.02.03/VIII.2/9541/2019 | DL72: 29-07-2019 | DM72: 67.232.899.4-009.000 | DO72: 3175090601096150 | DP72: 3175095211760003 | DQ72: Jl Gudang Air RT 003 RW 002 Rambutan Ciracas Jakarta Timur Rt.03 Rw.02 Kel.Rambutan Kec.Ciracas | DR72: Taman Laguna Asri Cibubur Blok HI-7 RT.004 RW.002 Kel.Jatikarya Kec.Jatisampurna Bekasi 17435 | DS72: 08151662839 | DT72: trianapuspita0112@gmail.com | DU72: 3 | DV72: Moderna | DY72: 10856/2022 | DZ72: 44771 | EA72: 45867 | EB72: 0 | EC72: Tenaga Non Medis Administrasi | ED72: MANAJERIAL
A73: 71 | B73: drg. Danik Hariyani, Sp.K.G.A | C73: PNS | D73: 197004172000032004 | F73: Ahli Muda | G73: =IF(F73="Ahli Madya",60,IF(F73="Ahli Utama",65,58)) -> 58 | H73: =DATE(YEAR(X73)+G73,MONTH(X73)+1,1) -> 46874 | J73: ASN | K73: PNS | L73: PNS | M73: P | N73: IV/a | O73: 4A | P73: 01-04-2018 | R73: 22 | S73: 0 | U73: 128 | V73: L 049897 | W73: Kudus | X73: 17-04-1970 | Y73: =YEAR(NOW())-YEAR(X73) -> #VALUE! | Z73: =IF(AND(Y73>=21,Y73<=35),"21-35",IF(AND(Y73>35,Y73<=45),"36-45",IF(AND(Y73>45,Y73<=58),"46-58",IF(Y73>58,"Lebih dari 58",0)))) -> #VALUE! | AB73: Dokter Gigi Spesialis Kedokteran Gigi Anak | AC73: TENAGA NON MEDIS | AD73: NON MEDIS / ADMINISTRASI | AF73: MDS | AG73: D | AH73: A | AI73: S2 | AJ73: 4201050091 | AK73: 0009/Sp-FKG/1/2005 | AL73: 05-02-2005 | AM73: Universitas Indonesia | AP73: Kelompok Substansi Pelayanan Medik | AQ73: 17-07-2017 | AR73: MANAJEMEN | AS73: MANAJEMEN | AT73: =_xlfn.IFNA(VLOOKUP(D73,'[1]5. 1 Mei 2022'!$C$7:$F$60,4,FALSE),"") | AU73: Sub Koordinator | AV73: Sub Koordinator Pelayanan Medik Rawat Jalan | AW73: 03-06-2021 // 31-07-2018 | AX73: =AW73+1903 -> #VALUE! | AY73: Direktorat Pelayanan Medik, Keperawatan, dan Penunjang | AZ73: BID_PEL_MED | BA73: Kelompok Substansi Pelayanan Medik | BD73: SUBKOORD_BAGBID | BE73: MJ | BF73: Sub Koordinator Pelayanan Medik Rawat Jalan | BJ73: Administrator Kesehatan Ahli Muda | BK73: =N73 -> IV/a | BL73: JFT | BQ73: Administrator Kesehatan Ahli Muda | BR73: 23-12-2020 | BS73: 300 | BT73: 01-03-2000 | BU73: 01-03-2002 | BV73: 01-10-2012 | BW73: =YEAR(NOW())-YEAR(BV73) -> 11 | BX73: =DATEDIF(BV73,NOW(),"YM") -> 3 | CA73: Islam | CB73: Menikah | CC73: 2 | CD73: 1 | CE73: Menanggung | CR73: 2315 | CS73: Dicek Melalui Situs Pangkalan Data Pendidikan Tinggi (Sp1) // Benar Lulusan Sp1 FKG UI | CT73: 0252/UN2.F2.D/PDP.00.06.00/Data Alumni/2016 | CU73: 01-02-2016 | CV73: KP.00.02/II.4/4936/2015 | CW73: Spesialis I UI | CX73: 16-11-2015 | DM73: 25.024.202.1-002.000 | DO73: 0 | DP73: 3175035704700013 | DQ73: Jl. Kantor Berita I-131 Rt. 003 / 009 Cipinang Muara Jatinegara | DR73: Jl. Nusa Indah Raya 208 Galaksi Jakasetia Bekasi | DS73: 085693089100 | DU73: 3 | DV73: Moderna | EB73: 0 | EC73: Tenaga Non Medis Administrasi | ED73: MANAJERIAL
A74: 72 | B74: Lanang Sigit Anindita, SE | C74: K20110110124 | D74: 198703102010121002 | F74: Ahli Muda | G74: =IF(F74="Ahli Madya",60,IF(F74="Ahli Utama",65,58)) -> 58 | H74: =DATE(YEAR(X74)+G74,MONTH(X74)+1,1) -> 53053 | J74: ASN | K74: PNS | L74: PNS | M74: L | N74: III/d | O74: 3D | P74: 01-04-2023 | Q74: KP.02.01/A/18127/2023 | R74: 12 | S74: 4 | U74: 1797 | V74: Q 102720 | W74: Sleman | X74: 10-03-1987 | Y74: =YEAR(NOW())-YEAR(X74) -> 36 | Z74: =IF(AND(Y74>=21,Y74<=35),"21-35",IF(AND(Y74>35,Y74<=45),"36-45",IF(AND(Y74>45,Y74<=58),"46-58",IF(Y74>58,"Lebih dari 58",0)))) -> 36-45 | AB74: S1 Ekonomi Akuntansi | AC74: TENAGA NON MEDIS | AD74: NON MEDIS / ADMINISTRASI | AF74: NONMDS | AG74: D | AH74: D | AI74: S1 | AL74: 18-02-2010 | AM74: Universitas Gadjah Mada | AP74: Kelompok Substansi Akuntansi dan Barang Milik Negara | AQ74: 03-06-2021 | AR74: MANAJEMEN | AS74: MANAJEMEN | AT74: =_xlfn.IFNA(VLOOKUP(D74,'[1]5. 1 Mei 2022'!$C$7:$F$60,4,FALSE),"") | AU74: Sub Koordinator | AV74: Sub Koordinator Pengelolaan Barang Milik Negara | AW74: 03-06-2021 | AX74: =AW74+1903 -> 46253 | AY74: Direktorat Keuangan dan Barang Milik Negara | AZ74: BAG_AKUNTANSI & BMN | BA74: Kelompok Substansi Akuntansi dan Barang Milik Negara | BD74: SUBKOORD_BAGBID | BE74: MJ | BF74: Sub Koordinator Pengelolaan Barang Milik Negara | BJ74: Analis Pengelolaan Keuangan APBN Ahli Muda | BK74: =N74 -> III/d | BL74: JFT | BQ74: Analis Pengelolaan Keuangan APBN Ahli Muda | BR74: 23-12-2020 | BS74: 225 | BT74: 01-12-2010 | BU74: 01-04-2012 | BV74: 01-01-2011 | BW74: =YEAR(NOW())-YEAR(BV74) -> 12 | BX74: =DATEDIF(BV74,NOW(),"YM") -> 3 | CA74: Islam | CB74: Menikah | CD74: 1 | CE74: Menanggung | CR74: 1538 | CS74: Dicek Melalui Situs Pangkalan Data Pendidikan Tinggi (S1) | DM74: 78.968.462.8-542.000 | DO74: 3276011208140005 | DP74: 3404070403870006 | DQ74: Depok Maharaja Blok H2 No. 3 Rt. 004 / 014 Kel. Rangkapan Jaya Kec. Pancoran Mas Depok | DS74: 085643986860 | DT74: lanangsigit25@gmail.com | DU74: 3 | DV74: Moderna | EB74: 0 | EC74: Tenaga Non Medis Administrasi | ED74: MANAJERIAL
A75: 73 | B75: Moh Gunawan, SE | C75: 140274210 | D75: 197109021991031003 | F75: Ahli Muda | G75: =IF(F75="Ahli Madya",60,IF(F75="Ahli Utama",65,58)) -> 58 | H75: =DATE(YEAR(X75)+G75,MONTH(X75)+1,1) -> 47392 | J75: ASN | K75: PNS | L75: PNS | M75: L | N75: III/d | O75: 3D | P75: 01-10-2010 | R75: 26 | S75: 0 | U75: 1124 | W75: Semarang | X75: 02-09-1971 | Y75: =YEAR(NOW())-YEAR(X75) -> 52 | Z75: =IF(AND(Y75>=21,Y75<=35),"21-35",IF(AND(Y75>35,Y75<=45),"36-45",IF(AND(Y75>45,Y75<=58),"46-58",IF(Y75>58,"Lebih dari 58",0)))) -> 46-58 | AB75: S1 Ekonomi Manajemen | AC75: TENAGA NON MEDIS | AD75: NON MEDIS / ADMINISTRASI | AF75: NONMDS | AG75: D | AH75: D | AI75: S1 | AL75: 1997 | AP75: Kelompok Substansi Umum | AQ75: 15-05-2020 | AR75: MANAJEMEN | AS75: MANAJEMEN | AT75: =_xlfn.IFNA(VLOOKUP(D75,'[1]5. 1 Mei 2022'!$C$7:$F$60,4,FALSE),"") | AU75: Sub Koordinator | AV75: Sub Koordinator Bagian Rumah Tangga dan Perlengkapan | AW75: 03-06-2021 | AX75: =AW75+1903 -> 46253 | AY75: Direktorat Perencanaan, Organisasi, dan Umum | AZ75: BAG_UMUM | BA75: Kelompok Substansi Umum | BD75: SUBKOORD_BAGBID | BE75: MJ | BF75: Sub Koordinator Rumah Tangga dan Perlengkapan | BJ75: Arsiparis Ahli Muda | BK75: =N75 -> III/d | BL75: JFT | BQ75: Arsiparis Ahli Muda | BR75: 23-12-2020 | BS75: 100 | BT75: 01-03-1991 | BV75: 21-11-1991 | BW75: =YEAR(NOW())-YEAR(BV75) -> #VALUE! | BX75: =DATEDIF(BV75,NOW(),"YM") -> #VALUE! | CA75: Islam | CB75: Menikah | CC75: 3 | CD75: 1 | CE75: Menanggung | CH75: 2007 | CI75: 67/TK/TAHUN 2011 | CR75: 5008 | CS75: Benar lulusan S1 Manajemen Universitas Tama Jagakarsa | CT75: 125/Utama-J/X/2013 | CU75: 16-10-2013 | CV75: KP.00.02/II.4/3423/2013 | CW75: S1 Manajemen Universitas Tama Jagakarsa | CX75: 01-10-2013 | DM75: 24.520.908.5-009.000 | DO75: 3175050501090338 | DP75: 3175050209710002 | DQ75: Jl Pasar Buah VIII No 20 RT 003 RW 001 Cijantung Pasar Rebo Jakarta Timur | DS75: 081387621062 | DT75: gungardjito17@gmail.com | DU75: 3 | DV75: Moderna | EB75: 0 | EC75: Tenaga Non Medis Administrasi | ED75: MANAJERIAL
A76: 74 | B76: Nasrulluloh, SE | C76: PNS | D76: 197707072005011005 | F76: Ahli Muda | G76: =IF(F76="Ahli Madya",60,IF(F76="Ahli Utama",65,58)) -> 58 | H76: =DATE(YEAR(X76)+G76,MONTH(X76)+1,1) -> 49522 | J76: ASN | K76: PNS | L76: PNS | M76: L | N76: III/d | O76: 3D | P76: 01-04-2017 | R76: 24 | S76: 0 | U76: 169 | W76: Jakarta | X76: 07-07-1977 | Y76: =YEAR(NOW())-YEAR(X76) -> 46 | Z76: =IF(AND(Y76>=21,Y76<=35),"21-35",IF(AND(Y76>35,Y76<=45),"36-45",IF(AND(Y76>45,Y76<=58),"46-58",IF(Y76>58,"Lebih dari 58",0)))) -> 46-58 | AB76: S1 Ekonomi | AC76: TENAGA NON MEDIS | AD76: NON MEDIS / ADMINISTRASI | AF76: NONMDS | AG76: D | AH76: D | AI76: S1 | AP76: Kelompok Substansi Anggaran | AQ76: 13-08-2018 | AR76: MANAJEMEN | AS76: MANAJEMEN | AT76: =_xlfn.IFNA(VLOOKUP(D76,'[1]5. 1 Mei 2022'!$C$7:$F$60,4,FALSE),"") | AU76: Sub Koordinator | AV76: Sub Koordinator Perbendaharaan dan Pelaksanaan Anggaran | AW76: 03-06-2021 | AX76: =AW76+1903 -> 46253 | AY76: Direktorat Keuangan dan Barang Milik Negara | AZ76: BAG_ANGGARAN | BA76: Kelompok Substansi Anggaran | BD76: SUBKOORD_BAGBID | BE76: MJ | BF76: Sub Koordinator Perbendaharaan dan Pelaksanaan Anggaran | BJ76: Analis Pengelolaan Keuangan APBN Ahli Muda | BK76: =N76 -> III/d | BL76: JFT | BQ76: Analis Pengelolaan Keuangan APBN Ahli Muda | BR76: 23-12-2020 | BS76: 300 | BV76: 23-08-2018 | BW76: =YEAR(NOW())-YEAR(BV76) -> #VALUE! | BX76: =DATEDIF(BV76,NOW(),"YM") -> #VALUE! | CA76: Islam | CB76: Menikah | CC76: 2 | CD76: 1 | CR76: 1650 | DM76: 893987206017000 | DO76: 3174092101096290 | DP76: 3174090707770004 | DQ76: Gudang Baru Rt.002 Rw.005 Kel. Cipedak Kec. Jagakarsa Jakarta Selatan 12630 | DS76: 081315873611 | DT76: nasrulluloh@gmail.com | DU76: 3 | DV76: Moderna | EB76: 0 | EC76: Tenaga Non Medis Administrasi | ED76: MANAJERIAL
