Workbook

Sheet MASTER
B1: Manual Filling
B2: Semi Automatic (Bisa dari kode 93 lookup berentet, ataupun diinput manual)
A4: WAJIB DIISI | B4: WAJIB DIISI | C4: OPTIONAL | D4: OPTIONAL | E4: OPTIONAL | F4: WAJIB DIISI | G4: WAJIB DIISI (Untuk obat branded/ada pabrik manufaktur) | H4: WAJIB DIISI (Untuk obat branded/ada pabrik manufaktur) | I4: WAJIB DIISI | J4: WAJIB DIISI | K4: WAJIB DIISI | L4: WAJIB DIISI | M4: WAJIB DIISI | N4: WAJIB DIISI | O4: WAJIB DIISI | P4: WAJIB DIISI
A6: ID Obat SIMRS | B6: Nama Obat | C6: Satuan Dosis (mg/mL) | D6: Satuan obat yang biasanya digunakan untuk pengadaan stok | E6: Satuan Eceran (Sediaan obat dalam apa yang diresepkan kepada pasien) | F6: Formulat | G6: Kode KFA Varian Aktual (93xxxxxx) | H6: Display KFA Varian Aktual (POA) (93xxxxxx) | I6: Kode KFA Varian Template (92xxxxxx) | J6: Display KFA Varian Template (POV) (92xxxxxx) | K6: Kode KFA Ingredients (91xxxxxx) | L6: Display KFA Ingredients (91xxxxxx) | M6: Dosis KFA Ingredients | N6: Satuan KFA Ingredients | O6: Dosis satuan | P6: Pembagi Obat
A7: xxxxxxxxx | B7: ASCARDIA TABLET, DELAYED ACTION, ENTERIC COATED 80 MG | C7: MG | D7: BOX | E7: TAB | F7: ACETYLSALICYLIC ACID | G7: 93000407 | H7: =IFERROR(VLOOKUP($G7,'93. POA (Update 06 Sep)'!$A$1:$D$1380,2,0),"") -> Asam Asetilsalisilat 80 mg Tablet Salut Enterik (ASCARDIA) | I7: =VLOOKUP($G7,'93. POA (Update 06 Sep)'!$A$1:$D$1380,3,0) -> 92000293 | J7: Asam Asetilsalisilat 80 mg Tablet Salut Enterik | K7: =VLOOKUP(L7,'91. BZA (Update 06 Sep)'!$B$1:$C$580,2,0) -> 91000299 | L7: Aspirin | M7: 80 | N7: mg | O7: 1 | P7: TAB
A8: xxxxxxxxx | B8: CONCOR TABLET 1.25 MG | C8: MG | D8: TAB | E8: TAB | F8: BISOPROLOL FUMARATE | G8: 93001345 | H8: =IFERROR(VLOOKUP($G8,'93. POA (Update 06 Sep)'!$A$1:$D$1380,2,0),"") -> Bisoprolol Fumarate 1,25 mg Tablet Salut Selaput (CONCOR) | I8: 92000780 | J8: Bisoprolol Fumarate 1,25 mg Tablet Salut Selaput | K8: =VLOOKUP(L8,'91. BZA (Update 06 Sep)'!$B$1:$C$580,2,0) -> 91000362 | L8: Bisoprolol | M8: 1.25 | N8: mg | O8: 1 | P8: TAB
A9: xxxxxxxxx | B9: BETASERC 24 MG TABLET | C9: MG | D9: BOX | E9: TAB | F9: BETAHISTINE DIHIDROCHLORIDE | G9: 92000451 | H9: Betahistine Hydrochloride 24 mg Tablet | I9: 92000451 | J9: Betahistine Hydrochloride 24 mg Tablet | K9: 91000424 | L9: Betahistine | M9: 24 | N9: mg | O9: 1 | P9: TAB
A10: xxxxxxxxx | B10: ACARBOSE TABLET 100 MG | C10: MG | D10: BOX | E10: TAB | F10: ACARBOSE | H10: =IFERROR(VLOOKUP($G10,'93. POA (Update 06 Sep)'!$A$1:$D$1380,2,0),"") | I10: 92000372 | J10: Acarbose 100 mg Tablet | K10: =VLOOKUP(L10,'91. BZA (Update 06 Sep)'!$B$1:$C$580,2,0) -> 91000314 | L10: Acarbose | M10: 100 | N10: mg | O10: 1 | P10: TAB
A11: xxxxxxxxx | B11: Tenofovir (TDF) 300 mg (Obat Program) | C11: TAB | D11: BOX | E11: TAB | F11: Tenofovir Disoproxil | H11: =IFERROR(VLOOKUP($G11,'93. POA (Update 06 Sep)'!$A$1:$D$1380,2,0),"") | I11: 92000342 | J11: Tenofovir Disoproxil 300 mg Tablet Salut Selaput | K11: =VLOOKUP(L11,'91. BZA (Update 06 Sep)'!$B$1:$C$580,2,0) -> 91000175 | L11: Tenofovir Disoproxil | M11: 300 | N11: mg | O11: 1 | P11: TAB
A12: xxxxxxxxx | B12: Tenofovir (TDF)/Emtricitabine (FTC) 300mg/200mg (Obat Program) | C12: TAB | D12: BOX | E12: TAB | F12: Tenofovir Disoproxil, Emtricitabine | H12: =IFERROR(VLOOKUP($G12,'93. POA (Update 06 Sep)'!$A$1:$D$1380,2,0),"") | I12: 92000161 | J12: Tenofovir Disoproxil 300 mg / Emtricitabine 200 mg Tablet Salut Selaput | K12: =VLOOKUP(L12,'91. BZA (Update 06 Sep)'!$B$1:$C$580,2,0) -> 91000175 | L12: Tenofovir Disoproxil | M12: 300 | N12: mg | O12: 1 | P12: TAB
A13: xxxxxxxxx | B13: Tenofovir (TDF)/Emtricitabine (FTC) 300mg/200mg (Obat Program) | C13: TAB | D13: BOX | E13: TAB | F13: Tenofovir Disoproxil, Emtricitabine | H13: =IFERROR(VLOOKUP($G13,'93. POA (Update 06 Sep)'!$A$1:$D$1380,2,0),"") | I13: 92000161 | J13: Tenofovir Disoproxil 300 mg / Emtricitabine 200 mg Tablet Salut Selaput | K13: =VLOOKUP(L13,'91. BZA (Update 06 Sep)'!$B$1:$C$580,2,0) -> 91000176 | L13: Emtricitabine | M13: 200 | N13: mg | O13: 1 | P13: TAB
A14: xxxxxxxxx | B14: FARMADOL 100 ML SOLUTION, INJECTION 10 MG/ML | C14: ML | D14: VIL | E14: VIL | F14: ACETAMINOPHEN | G14: - | H14: =IFERROR(VLOOKUP($G14,'93. POA (Update 06 Sep)'!$A$1:$D$1380,2,0),"") | I14: - | K14: =VLOOKUP(L14,'91. BZA (Update 06 Sep)'!$B$1:$C$580,2,0) -> 91000101 | L14: Paracetamol | M14: 10 | N14: mg | O14: 1 | P14: mL
A15: xxxxxxxxx | B15: PAMOL TABLET 500 MG | C15: MG | D15: BOX | E15: TAB | F15: ACETAMINOPHEN | G15: - | H15: =IFERROR(VLOOKUP($G15,'93. POA (Update 06 Sep)'!$A$1:$D$1380,2,0),"") | I15: - | K15: =VLOOKUP(L15,'91. BZA (Update 06 Sep)'!$B$1:$C$580,2,0) -> 91000101 | L15: Paracetamol | M15: 500 | N15: mg | O15: 1 | P15: TAB
A16: xxxxxxxxx | B16: GLAUSETA TABLET 250 MG | C16: MG | D16: BOX | E16: TAB | F16: ACETAZOLAMIDE | G16: - | H16: =IFERROR(VLOOKUP($G16,'93. POA (Update 06 Sep)'!$A$1:$D$1380,2,0),"") | I16: - | K16: =VLOOKUP(L16,'91. BZA (Update 06 Sep)'!$B$1:$C$580,2,0) -> 91000279 | L16: Acetazolamide | M16: 250 | N16: mg | O16: 1 | P16: TAB
A17: xxxxxxxxx | B17: Paracetamol 120 mg / 5 mL Sirup | C17: MG | D17: BOX | E17: TAB | F17: ACETAZOLAMIDE | H17: =IFERROR(VLOOKUP($G17,'93. POA (Update 06 Sep)'!$A$1:$D$1380,2,0),"") | I17: 92000511 | J17: Paracetamol 120 mg / 5 mL Sirup | K17: =VLOOKUP(L17,'91. BZA (Update 06 Sep)'!$B$1:$C$580,2,0) -> 91000101 | L17: Paracetamol | M17: 120 | N17: mg | O17: 5 | P17: mL

Sheet 91. BZA (Update 06 Sep)
A1: Kode KFA Ingredients (91xxxxxx) | B1: Display KFA Ingredients (91xxxxxx) | D1: Unit of Measure (UCUM) | E1: URL
A2: 91000472 | B2: (((1-Methyl-2-(5-Methyl-3-Oxazolidinyl)Ethoxy)Methoxy)Methoxy)Methanol | C2: {=IF(A2:A1000<>"",(A2:A1000))} -> 91000472 | D2: mg | E2: =_xlfn.TEXTJOIN("/",,"https://dto.kemkes.go.id/kfacode",A2) -> https://dto.kemkes.go.id/kfacode/91000472
A3: 91000553 | B3: ((2S,3S,5S)-2-(2-(2,6-Dimethylphenoxy)Acetamido)-5-((S)-3-Methyl-2-(2-Oxotetrahydropyrimidin-1(2H)-Yl)Butanamido)-1,6-Diphenylhexan-3-Yl) 3-Methyl-2-(2-Oxotetrahydropyrimidin-1(2H)-Yl)Butanoate, (S)- | C3: 91000553 | D3: mg | E3: =_xlfn.TEXTJOIN("/",,"https://dto.kemkes.go.id/kfacode",A3) -> https://dto.kemkes.go.id/kfacode/91000553
A4: 91000557 | B4: (-)-Ambroxide | C4: 91000557 | D4: mg | E4: =_xlfn.TEXTJOIN("/",,"https://dto.kemkes.go.id/kfacode",A4) -> https://dto.kemkes.go.id/kfacode/91000557
A5: 91000476 | B5: (2-(((2-(2-Amino-3-Hydroxy-2-(Hydroxymethyl)Propoxy)-1-Hydroxypropyl)Hydroxyphosphoryl)Oxy)-1-Hydroxypropyl)Phosphonate | C5: 91000476 | D5: mg | E5: =_xlfn.TEXTJOIN("/",,"https://dto.kemkes.go.id/kfacode",A5) -> https://dto.kemkes.go.id/kfacode/91000476
A6: 91000538 | B6: .Alpha.N-(Methoxycarbonyl)-L-Arginine | C6: 91000538 | D6: mg | E6: =_xlfn.TEXTJOIN("/",,"https://dto.kemkes.go.id/kfacode",A6) -> https://dto.kemkes.go.id/kfacode/91000538
A7: 91000651 | B7: Abacavir | C7: 91000651 | D7: mg | E7: =_xlfn.TEXTJOIN("/",,"https://dto.kemkes.go.id/kfacode",A7) -> https://dto.kemkes.go.id/kfacode/91000651
A8: 91000314 | B8: Acarbose | C8: 91000314 | D8: mg | E8: =_xlfn.TEXTJOIN("/",,"https://dto.kemkes.go.id/kfacode",A8) -> https://dto.kemkes.go.id/kfacode/91000314
A9: 91000279 | B9: Acetazolamide | C9: 91000279 | D9: mg | E9: =_xlfn.TEXTJOIN("/",,"https://dto.kemkes.go.id/kfacode",A9) -> https://dto.kemkes.go.id/kfacode/91000279
A10: 91000447 | B10: Acetylcysteine | C10: 91000447 | D10: mg | E10: =_xlfn.TEXTJOIN("/",,"https://dto.kemkes.go.id/kfacode",A10) -> https://dto.kemkes.go.id/kfacode/91000447
A11: 91000433 | B11: Aciclovir | C11: 91000433 | D11: mg | E11: =_xlfn.TEXTJOIN("/",,"https://dto.kemkes.go.id/kfacode",A11) -> https://dto.kemkes.go.id/kfacode/91000433
A12: 91000548 | B12: Adina Rubella Root Extract | C12: 91000548 | D12: mg | E12: =_xlfn.TEXTJOIN("/",,"https://dto.kemkes.go.id/kfacode",A12) -> https://dto.kemkes.go.id/kfacode/91000548
A13: 91000386 | B13: Alanine | C13: 91000386 | D13: mg | E13: =_xlfn.TEXTJOIN("/",,"https://dto.kemkes.go.id/kfacode",A13) -> https://dto.kemkes.go.id/kfacode/91000386
A14: 91000278 | B14: Alanylglutamine | C14: 91000278 | D14: mg | E14: =_xlfn.TEXTJOIN("/",,"https://dto.kemkes.go.id/kfacode",A14) -> https://dto.kemkes.go.id/kfacode/91000278
... A580: 91000700 | B580: Zonisamide | C580: 91000700 | D580: mg | E580: =_xlfn.TEXTJOIN("/",,"https://dto.kemkes.go.id/kfacode",A580) -> https://dto.kemkes.go.id/kfacode/91000700
C581: FALSE
C582: FALSE
C583: FALSE
C584: FALSE
C585: FALSE
C586: FALSE
C587: FALSE
C588: FALSE
C589: FALSE
C590: FALSE
C591: FALSE
C592: FALSE
... C1000: FALSE

Sheet 92. POV (Update 06 Sep)
A1: Kode KFA Varian Template (92xxxxxx) | B1: Display KFA Varian Template (POV) (92xxxxxx) | C1: Kode KFA Varian Template (92xxxxxx) | D1: Unit of Measure | E1: Jenis Farmalkes | F1: Jumlah Produk Obat Aktual | G1: URL
A2: 92000888 | B2: Abacavir Sulfate 300 mg Tablet Salut Selaput | C2: 92000888 | D2: Tablet | E2: Obat | F2: 2 | G2: =_xlfn.TEXTJOIN("/",,"https://dto.kemkes.go.id/kfacode",A2) -> https://dto.kemkes.go.id/kfacode/92000888
A3: 92000372 | B3: Acarbose 100 mg Tablet | C3: 92000372 | D3: Tablet | E3: Obat | F3: 10 | G3: =_xlfn.TEXTJOIN("/",,"https://dto.kemkes.go.id/kfacode",A3) -> https://dto.kemkes.go.id/kfacode/92000372
A4: 92000371 | B4: Acarbose 50 mg Tablet | C4: 92000371 | D4: Tablet | E4: Obat | F4: 10 | G4: =_xlfn.TEXTJOIN("/",,"https://dto.kemkes.go.id/kfacode",A4) -> https://dto.kemkes.go.id/kfacode/92000371
A5: 92000283 | B5: Acetazolamide 250 mg Tablet | C5: 92000283 | D5: Tablet | E5: Obat | F5: 2 | G5: =_xlfn.TEXTJOIN("/",,"https://dto.kemkes.go.id/kfacode",A5) -> https://dto.kemkes.go.id/kfacode/92000283
A6: 92000867 | B6: Acetylcysteine 100 mg / mL Cairan Inhalasi | C6: 92000867 | D6: Ampul | E6: Obat | F6: 2 | G6: =_xlfn.TEXTJOIN("/",,"https://dto.kemkes.go.id/kfacode",A6) -> https://dto.kemkes.go.id/kfacode/92000867
A7: 92000868 | B7: Acetylcysteine 200 mg Granule | C7: 92000868 | D7: Sachet | E7: Obat | F7: 2 | G7: =_xlfn.TEXTJOIN("/",,"https://dto.kemkes.go.id/kfacode",A7) -> https://dto.kemkes.go.id/kfacode/92000868
A8: 92000610 | B8: Acetylcysteine 200 mg Kapsul | C8: 92000610 | D8: Kapsul | E8: Obat | F8: 2 | G8: =_xlfn.TEXTJOIN("/",,"https://dto.kemkes.go.id/kfacode",A8) -> https://dto.kemkes.go.id/kfacode/92000610
A9: 92000472 | B9: Aciclovir 200 mg Tablet | C9: 92000472 | D9: Tablet | E9: Obat | F9: 3 | G9: =_xlfn.TEXTJOIN("/",,"https://dto.kemkes.go.id/kfacode",A9) -> https://dto.kemkes.go.id/kfacode/92000472
A10: 92000770 | B10: Aciclovir 400 mg Tablet | C10: 92000770 | D10: Tablet | E10: Obat | F10: 1 | G10: =_xlfn.TEXTJOIN("/",,"https://dto.kemkes.go.id/kfacode",A10) -> https://dto.kemkes.go.id/kfacode/92000770
A11: 92000160 | B11: Acidum Methylen Disphosponicum 10 mg / Stannous Chloride Dihydrate 0.238 mg / Acidum Ascorbicum 2 mg Serbuk Injeksi | C11: 92000160 | D11: Vial | E11: Obat | F11: 2 | G11: =_xlfn.TEXTJOIN("/",,"https://dto.kemkes.go.id/kfacode",A11) -> https://dto.kemkes.go.id/kfacode/92000160
A12: 92000640 | B12: Acyclovir 3% Salep Mata | C12: 92000640 | D12: Tube | E12: Obat | F12: 2 | G12: =_xlfn.TEXTJOIN("/",,"https://dto.kemkes.go.id/kfacode",A12) -> https://dto.kemkes.go.id/kfacode/92000640
A13: 92000248 | B13: Air Untuk Injeksi / Aqua Pro Injection / Water For Injection 10 ml | C13: 92000248 | D13: Ampul | E13: Obat | F13: 2 | G13: =_xlfn.TEXTJOIN("/",,"https://dto.kemkes.go.id/kfacode",A13) -> https://dto.kemkes.go.id/kfacode/92000248
... A795: 92000929 | B795: Zonisamide 100 mg Tablet Salut Selaput | C795: 92000929 | D795: Tablet | E795: Obat | F795: 2 | G795: =_xlfn.TEXTJOIN("/",,"https://dto.kemkes.go.id/kfacode",A795) -> https://dto.kemkes.go.id/kfacode/92000929

Sheet 93. POA (Update 06 Sep)
A1: Kode KFA Varian Aktual (93xxxxxx) | B1: Display KFA Varian Aktual (POA) (93xxxxxx) | C1: Kode KFA Varian Template (92xxxxxx) | D1: Display KFA Varian Template (POV) (92xxxxxx) | E1: Nama Dagang | F1: Unit Logistik Terkecil | G1: Bentuk Sediaan | H1: Golongan Obat | I1: URL
A2: 93001546 | B2: Abacavir Sulfate 300 mg Tablet Salut Selaput (KIMIA FARMA Tbk.) | C2: {=IF(A2:A2049<>"",VLOOKUP(D2:D2049,'92. POV (Update 06 Sep)'!$B$1:$C2049,2,0),"")} -> 92000888 | D2: Abacavir Sulfate 300 mg Tablet Salut Selaput | E2: ABACAVIR SULFATE | F2: Tablet | G2: Tablet Salut Selaput | H2: Obat Keras | I2: =_xlfn.TEXTJOIN("/",,"https://dto.kemkes.go.id/kfacode",A2) -> https://dto.kemkes.go.id/kfacode/93001546 | J2: insert into mkatalog_kfa93 (kode, uraian, kode_92, uraian_92, nama_dagang, satuan_kecil, sediaan, golongan, url, userid_updt, sysdate_updt) values | K2: =CONCATENATE(J2,"('",A2,"','",B2,"','",C2,"','",D2,"','",E2,"','",F2,"','",G2,"','",H2,"','",I2,"',0,'2023-05-01');") -> insert into mkatalog_kfa93 (kode, uraian, kode_92, uraian_92, nama_dagang, satuan_kecil, sediaan, golongan, url, userid_updt, sysdate_updt) values ('93001546','Abacavir Sulfate 300 mg Tablet Salut Selaput (KIMIA FARMA Tbk.)','92000888','Abacavir Sulfate 300 mg Tablet Salut Selaput','ABACAVIR SULFATE','Tablet','Tablet Salut Selaput','Obat Keras','https://dto.kemkes.go.id/kfacode/93001546',0,'2023-05-01');
A3: 93000502 | B3: Acarbose 100 mg Tablet (ACRIOS) | C3: 92000372 | D3: Acarbose 100 mg Tablet | E3: ACRIOS | F3: Tablet | G3: Tablet | H3: Obat Keras | I3: =_xlfn.TEXTJOIN("/",,"https://dto.kemkes.go.id/kfacode",A3) -> https://dto.kemkes.go.id/kfacode/93000502 | J3: insert into mkatalog_kfa93 (kode, uraian, kode_92, uraian_92, nama_dagang, satuan_kecil, sediaan, golongan, url, userid_updt, sysdate_updt) values | K3: =CONCATENATE(J3,"('",A3,"','",B3,"','",C3,"','",D3,"','",E3,"','",F3,"','",G3,"','",H3,"','",I3,"',0,'2023-05-01');") -> insert into mkatalog_kfa93 (kode, uraian, kode_92, uraian_92, nama_dagang, satuan_kecil, sediaan, golongan, url, userid_updt, sysdate_updt) values ('93000502','Acarbose 100 mg Tablet (ACRIOS)','92000372','Acarbose 100 mg Tablet','ACRIOS','Tablet','Tablet','Obat Keras','https://dto.kemkes.go.id/kfacode/93000502',0,'2023-05-01');
A4: 93000490 | B4: Acarbose 100 mg Tablet (BETA PHARMACON) | C4: 92000372 | D4: Acarbose 100 mg Tablet | E4: ACARBOSE | F4: Tablet | G4: Tablet | H4: Obat Keras | I4: =_xlfn.TEXTJOIN("/",,"https://dto.kemkes.go.id/kfacode",A4) -> https://dto.kemkes.go.id/kfacode/93000490 | J4: insert into mkatalog_kfa93 (kode, uraian, kode_92, uraian_92, nama_dagang, satuan_kecil, sediaan, golongan, url, userid_updt, sysdate_updt) values | K4: =CONCATENATE(J4,"('",A4,"','",B4,"','",C4,"','",D4,"','",E4,"','",F4,"','",G4,"','",H4,"','",I4,"',0,'2023-05-01');") -> insert into mkatalog_kfa93 (kode, uraian, kode_92, uraian_92, nama_dagang, satuan_kecil, sediaan, golongan, url, userid_updt, sysdate_updt) values ('93000490','Acarbose 100 mg Tablet (BETA PHARMACON)','92000372','Acarbose 100 mg Tablet','ACARBOSE','Tablet','Tablet','Obat Keras','https://dto.kemkes.go.id/kfacode/93000490',0,'2023-05-01');
A5: 93000503 | B5: Acarbose 100 mg Tablet (CAPRIBOSE 100) | C5: 92000372 | D5: Acarbose 100 mg Tablet | E5: CAPRIBOSE | F5: Tablet | G5: Tablet | H5: Obat Keras | I5: =_xlfn.TEXTJOIN("/",,"https://dto.kemkes.go.id/kfacode",A5) -> https://dto.kemkes.go.id/kfacode/93000503 | J5: insert into mkatalog_kfa93 (kode, uraian, kode_92, uraian_92, nama_dagang, satuan_kecil, sediaan, golongan, url, userid_updt, sysdate_updt) values | K5: =CONCATENATE(J5,"('",A5,"','",B5,"','",C5,"','",D5,"','",E5,"','",F5,"','",G5,"','",H5,"','",I5,"',0,'2023-05-01');") -> insert into mkatalog_kfa93 (kode, uraian, kode_92, uraian_92, nama_dagang, satuan_kecil, sediaan, golongan, url, userid_updt, sysdate_updt) values ('93000503','Acarbose 100 mg Tablet (CAPRIBOSE 100)','92000372','Acarbose 100 mg Tablet','CAPRIBOSE','Tablet','Tablet','Obat Keras','https://dto.kemkes.go.id/kfacode/93000503',0,'2023-05-01');
A6: 93000465 | B6: Acarbose 100 mg Tablet (DEXA MEDICA) | C6: 92000372 | D6: Acarbose 100 mg Tablet | E6: ACARBOSE | F6: Tablet | G6: Tablet | H6: Obat Keras | I6: =_xlfn.TEXTJOIN("/",,"https://dto.kemkes.go.id/kfacode",A6) -> https://dto.kemkes.go.id/kfacode/93000465 | J6: insert into mkatalog_kfa93 (kode, uraian, kode_92, uraian_92, nama_dagang, satuan_kecil, sediaan, golongan, url, userid_updt, sysdate_updt) values | K6: =CONCATENATE(J6,"('",A6,"','",B6,"','",C6,"','",D6,"','",E6,"','",F6,"','",G6,"','",H6,"','",I6,"',0,'2023-05-01');") -> insert into mkatalog_kfa93 (kode, uraian, kode_92, uraian_92, nama_dagang, satuan_kecil, sediaan, golongan, url, userid_updt, sysdate_updt) values ('93000465','Acarbose 100 mg Tablet (DEXA MEDICA)','92000372','Acarbose 100 mg Tablet','ACARBOSE','Tablet','Tablet','Obat Keras','https://dto.kemkes.go.id/kfacode/93000465',0,'2023-05-01');
A7: 93000506 | B7: Acarbose 100 mg Tablet (DITRIUM 100) | C7: 92000372 | D7: Acarbose 100 mg Tablet | E7: DITRIUM 100 | F7: Tablet | G7: Tablet | H7: Obat Keras | I7: =_xlfn.TEXTJOIN("/",,"https://dto.kemkes.go.id/kfacode",A7) -> https://dto.kemkes.go.id/kfacode/93000506 | J7: insert into mkatalog_kfa93 (kode, uraian, kode_92, uraian_92, nama_dagang, satuan_kecil, sediaan, golongan, url, userid_updt, sysdate_updt) values | K7: =CONCATENATE(J7,"('",A7,"','",B7,"','",C7,"','",D7,"','",E7,"','",F7,"','",G7,"','",H7,"','",I7,"',0,'2023-05-01');") -> insert into mkatalog_kfa93 (kode, uraian, kode_92, uraian_92, nama_dagang, satuan_kecil, sediaan, golongan, url, userid_updt, sysdate_updt) values ('93000506','Acarbose 100 mg Tablet (DITRIUM 100)','92000372','Acarbose 100 mg Tablet','DITRIUM 100','Tablet','Tablet','Obat Keras','https://dto.kemkes.go.id/kfacode/93000506',0,'2023-05-01');
A8: 93000487 | B8: Acarbose 100 mg Tablet (ECLID) | C8: 92000372 | D8: Acarbose 100 mg Tablet | E8: ECLID | F8: Tablet | G8: Tablet | H8: Obat Keras | I8: =_xlfn.TEXTJOIN("/",,"https://dto.kemkes.go.id/kfacode",A8) -> https://dto.kemkes.go.id/kfacode/93000487 | J8: insert into mkatalog_kfa93 (kode, uraian, kode_92, uraian_92, nama_dagang, satuan_kecil, sediaan, golongan, url, userid_updt, sysdate_updt) values | K8: =CONCATENATE(J8,"('",A8,"','",B8,"','",C8,"','",D8,"','",E8,"','",F8,"','",G8,"','",H8,"','",I8,"',0,'2023-05-01');") -> insert into mkatalog_kfa93 (kode, uraian, kode_92, uraian_92, nama_dagang, satuan_kecil, sediaan, golongan, url, userid_updt, sysdate_updt) values ('93000487','Acarbose 100 mg Tablet (ECLID)','92000372','Acarbose 100 mg Tablet','ECLID','Tablet','Tablet','Obat Keras','https://dto.kemkes.go.id/kfacode/93000487',0,'2023-05-01');
A9: 93000494 | B9: Acarbose 100 mg Tablet (GLUBOSE) | C9: 92000372 | D9: Acarbose 100 mg Tablet | E9: GLUBOSE | F9: Tablet | G9: Tablet | H9: Obat Keras | I9: =_xlfn.TEXTJOIN("/",,"https://dto.kemkes.go.id/kfacode",A9) -> https://dto.kemkes.go.id/kfacode/93000494 | J9: insert into mkatalog_kfa93 (kode, uraian, kode_92, uraian_92, nama_dagang, satuan_kecil, sediaan, golongan, url, userid_updt, sysdate_updt) values | K9: =CONCATENATE(J9,"('",A9,"','",B9,"','",C9,"','",D9,"','",E9,"','",F9,"','",G9,"','",H9,"','",I9,"',0,'2023-05-01');") -> insert into mkatalog_kfa93 (kode, uraian, kode_92, uraian_92, nama_dagang, satuan_kecil, sediaan, golongan, url, userid_updt, sysdate_updt) values ('93000494','Acarbose 100 mg Tablet (GLUBOSE)','92000372','Acarbose 100 mg Tablet','GLUBOSE','Tablet','Tablet','Obat Keras','https://dto.kemkes.go.id/kfacode/93000494',0,'2023-05-01');
A10: 93000505 | B10: Acarbose 100 mg Tablet (GLUCOBAY 100) | C10: 92000372 | D10: Acarbose 100 mg Tablet | E10: GLUCOBAY 100 | F10: Tablet | G10: Tablet | H10: Obat Keras | I10: =_xlfn.TEXTJOIN("/",,"https://dto.kemkes.go.id/kfacode",A10) -> https://dto.kemkes.go.id/kfacode/93000505 | J10: insert into mkatalog_kfa93 (kode, uraian, kode_92, uraian_92, nama_dagang, satuan_kecil, sediaan, golongan, url, userid_updt, sysdate_updt) values | K10: =CONCATENATE(J10,"('",A10,"','",B10,"','",C10,"','",D10,"','",E10,"','",F10,"','",G10,"','",H10,"','",I10,"',0,'2023-05-01');") -> insert into mkatalog_kfa93 (kode, uraian, kode_92, uraian_92, nama_dagang, satuan_kecil, sediaan, golongan, url, userid_updt, sysdate_updt) values ('93000505','Acarbose 100 mg Tablet (GLUCOBAY 100)','92000372','Acarbose 100 mg Tablet','GLUCOBAY 100','Tablet','Tablet','Obat Keras','https://dto.kemkes.go.id/kfacode/93000505',0,'2023-05-01');
A11: 93000485 | B11: Acarbose 100 mg Tablet (PRATAPA NIRMALA) | C11: 92000372 | D11: Acarbose 100 mg Tablet | E11: ACARBOSE | F11: Tablet | G11: Tablet | H11: Obat Keras | I11: =_xlfn.TEXTJOIN("/",,"https://dto.kemkes.go.id/kfacode",A11) -> https://dto.kemkes.go.id/kfacode/93000485 | J11: insert into mkatalog_kfa93 (kode, uraian, kode_92, uraian_92, nama_dagang, satuan_kecil, sediaan, golongan, url, userid_updt, sysdate_updt) values | K11: =CONCATENATE(J11,"('",A11,"','",B11,"','",C11,"','",D11,"','",E11,"','",F11,"','",G11,"','",H11,"','",I11,"',0,'2023-05-01');") -> insert into mkatalog_kfa93 (kode, uraian, kode_92, uraian_92, nama_dagang, satuan_kecil, sediaan, golongan, url, userid_updt, sysdate_updt) values ('93000485','Acarbose 100 mg Tablet (PRATAPA NIRMALA)','92000372','Acarbose 100 mg Tablet','ACARBOSE','Tablet','Tablet','Obat Keras','https://dto.kemkes.go.id/kfacode/93000485',0,'2023-05-01');
A12: 93000548 | B12: Acarbose 50 mg Tablet (ACRIOS) | C12: 92000371 | D12: Acarbose 50 mg Tablet | E12: ACRIOS | F12: Tablet | G12: Tablet | H12: Obat Keras | I12: =_xlfn.TEXTJOIN("/",,"https://dto.kemkes.go.id/kfacode",A12) -> https://dto.kemkes.go.id/kfacode/93000548 | J12: insert into mkatalog_kfa93 (kode, uraian, kode_92, uraian_92, nama_dagang, satuan_kecil, sediaan, golongan, url, userid_updt, sysdate_updt) values | K12: =CONCATENATE(J12,"('",A12,"','",B12,"','",C12,"','",D12,"','",E12,"','",F12,"','",G12,"','",H12,"','",I12,"',0,'2023-05-01');") -> insert into mkatalog_kfa93 (kode, uraian, kode_92, uraian_92, nama_dagang, satuan_kecil, sediaan, golongan, url, userid_updt, sysdate_updt) values ('93000548','Acarbose 50 mg Tablet (ACRIOS)','92000371','Acarbose 50 mg Tablet','ACRIOS','Tablet','Tablet','Obat Keras','https://dto.kemkes.go.id/kfacode/93000548',0,'2023-05-01');
A13: 93000546 | B13: Acarbose 50 mg Tablet (BETA PHARMACON) | C13: 92000371 | D13: Acarbose 50 mg Tablet | E13: ACARBOSE | F13: Tablet | G13: Tablet | H13: Obat Keras | I13: =_xlfn.TEXTJOIN("/",,"https://dto.kemkes.go.id/kfacode",A13) -> https://dto.kemkes.go.id/kfacode/93000546 | J13: insert into mkatalog_kfa93 (kode, uraian, kode_92, uraian_92, nama_dagang, satuan_kecil, sediaan, golongan, url, userid_updt, sysdate_updt) values | K13: =CONCATENATE(J13,"('",A13,"','",B13,"','",C13,"','",D13,"','",E13,"','",F13,"','",G13,"','",H13,"','",I13,"',0,'2023-05-01');") -> insert into mkatalog_kfa93 (kode, uraian, kode_92, uraian_92, nama_dagang, satuan_kecil, sediaan, golongan, url, userid_updt, sysdate_updt) values ('93000546','Acarbose 50 mg Tablet (BETA PHARMACON)','92000371','Acarbose 50 mg Tablet','ACARBOSE','Tablet','Tablet','Obat Keras','https://dto.kemkes.go.id/kfacode/93000546',0,'2023-05-01');
A14: 93000549 | B14: Acarbose 50 mg Tablet (CAPRIBOSE) | C14: 92000371 | D14: Acarbose 50 mg Tablet | E14: CAPRIBOSE | F14: Tablet | G14: Tablet | H14: Obat Keras | I14: =_xlfn.TEXTJOIN("/",,"https://dto.kemkes.go.id/kfacode",A14) -> https://dto.kemkes.go.id/kfacode/93000549 | J14: insert into mkatalog_kfa93 (kode, uraian, kode_92, uraian_92, nama_dagang, satuan_kecil, sediaan, golongan, url, userid_updt, sysdate_updt) values | K14: =CONCATENATE(J14,"('",A14,"','",B14,"','",C14,"','",D14,"','",E14,"','",F14,"','",G14,"','",H14,"','",I14,"',0,'2023-05-01');") -> insert into mkatalog_kfa93 (kode, uraian, kode_92, uraian_92, nama_dagang, satuan_kecil, sediaan, golongan, url, userid_updt, sysdate_updt) values ('93000549','Acarbose 50 mg Tablet (CAPRIBOSE)','92000371','Acarbose 50 mg Tablet','CAPRIBOSE','Tablet','Tablet','Obat Keras','https://dto.kemkes.go.id/kfacode/93000549',0,'2023-05-01');
... A77: 93000410 | B77: Asam Asetilsalisilat 80 mg Tablet Salut Enterik (THROMBO ASPILETS) | C77: 92000293 | D77: Asam Asetilsalisilat 80 mg Tablet Salut Enterik | E77: THROMBO ASPILETS | F77: Tablet | G77: Tablet Salut Enterik | H77: Obat Keras | I77: =_xlfn.TEXTJOIN("/",,"https://dto.kemkes.go.id/kfacode",A77) -> https://dto.kemkes.go.id/kfacode/93000410 | J77: insert into mkatalog_kfa93 (kode, uraian, kode_92, uraian_92, nama_dagang, satuan_kecil, sediaan, golongan, url, userid_updt, sysdate_updt) values | K77: =CONCATENATE(J77,"('",A77,"','",B77,"','",C77,"','",D77,"','",E77,"','",F77,"','",G77,"','",H77,"','",I77,"',0,'2023-05-01');") -> insert into mkatalog_kfa93 (kode, uraian, kode_92, uraian_92, nama_dagang, satuan_kecil, sediaan, golongan, url, userid_updt, sysdate_updt) values ('93000410','Asam Asetilsalisilat 80 mg Tablet Salut Enterik (THROMBO ASPILETS)','92000293','Asam Asetilsalisilat 80 mg Tablet Salut Enterik','THROMBO ASPILETS','Tablet','Tablet Salut Enterik','Obat Keras','https://dto.kemkes.go.id/kfacode/93000410',0,'2023-05-01');
A78: 93000946 | B78: Ascorbic Acid / Asam Askorbat / Vitamin C 250 mg Tablet (AFIFARMA) | C78: 92000129 | D78: Ascorbic Acid / Asam Askorbat / Vitamin C 250 mg Tablet | F78: Tablet | G78: Tablet | H78: Obat Bebas | I78: =_xlfn.TEXTJOIN("/",,"https://dto.kemkes.go.id/kfacode",A78) -> https://dto.kemkes.go.id/kfacode/93000946 | J78: insert into mkatalog_kfa93 (kode, uraian, kode_92, uraian_92, nama_dagang, satuan_kecil, sediaan, golongan, url, userid_updt, sysdate_updt) values | K78: =CONCATENATE(J78,"('",A78,"','",B78,"','",C78,"','",D78,"','",E78,"','",F78,"','",G78,"','",H78,"','",I78,"',0,'2023-05-01');") -> insert into mkatalog_kfa93 (kode, uraian, kode_92, uraian_92, nama_dagang, satuan_kecil, sediaan, golongan, url, userid_updt, sysdate_updt) values ('93000946','Ascorbic Acid / Asam Askorbat / Vitamin C 250 mg Tablet (AFIFARMA)','92000129','Ascorbic Acid / Asam Askorbat / Vitamin C 250 mg Tablet','','Tablet','Tablet','Obat Bebas','https://dto.kemkes.go.id/kfacode/93000946',0,'2023-05-01');
A79: 93000139 | B79: Ascorbic Acid / Asam Askorbat / Vitamin C 250 mg Tablet (IMFARMIND) | C79: 92000129 | D79: Ascorbic Acid / Asam Askorbat / Vitamin C 250 mg Tablet | E79: VITAMIN C 250 MG | F79: Tablet | G79: Tablet | H79: Obat Bebas | I79: =_xlfn.TEXTJOIN("/",,"https://dto.kemkes.go.id/kfacode",A79) -> https://dto.kemkes.go.id/kfacode/93000139 | J79: insert into mkatalog_kfa93 (kode, uraian, kode_92, uraian_92, nama_dagang, satuan_kecil, sediaan, golongan, url, userid_updt, sysdate_updt) values | K79: =CONCATENATE(J79,"('",A79,"','",B79,"','",C79,"','",D79,"','",E79,"','",F79,"','",G79,"','",H79,"','",I79,"',0,'2023-05-01');") -> insert into mkatalog_kfa93 (kode, uraian, kode_92, uraian_92, nama_dagang, satuan_kecil, sediaan, golongan, url, userid_updt, sysdate_updt) values ('93000139','Ascorbic Acid / Asam Askorbat / Vitamin C 250 mg Tablet (IMFARMIND)','92000129','Ascorbic Acid / Asam Askorbat / Vitamin C 250 mg Tablet','VITAMIN C 250 MG','Tablet','Tablet','Obat Bebas','https://dto.kemkes.go.id/kfacode/93000139',0,'2023-05-01');
A80: 93000716 | B80: Ascorbic Acid / Asam Askorbat / Vitamin C 50 mg Tablet (IMFARMIND FARMASI INDUSTRI) | C80: 92000517 | D80: Ascorbic Acid / Asam Askorbat / Vitamin C 50 mg Tablet | E80: VITAMIN C 50 MG | F80: Tablet | G80: Tablet | H80: Obat Bebas | I80: =_xlfn.TEXTJOIN("/",,"https://dto.kemkes.go.id/kfacode",A80) -> https://dto.kemkes.go.id/kfacode/93000716 | J80: insert into mkatalog_kfa93 (kode, uraian, kode_92, uraian_92, nama_dagang, satuan_kecil, sediaan, golongan, url, userid_updt, sysdate_updt) values | K80: =CONCATENATE(J80,"('",A80,"','",B80,"','",C80,"','",D80,"','",E80,"','",F80,"','",G80,"','",H80,"','",I80,"',0,'2023-05-01');") -> insert into mkatalog_kfa93 (kode, uraian, kode_92, uraian_92, nama_dagang, satuan_kecil, sediaan, golongan, url, userid_updt, sysdate_updt) values ('93000716','Ascorbic Acid / Asam Askorbat / Vitamin C 50 mg Tablet (IMFARMIND FARMASI INDUSTRI)','92000517','Ascorbic Acid / Asam Askorbat / Vitamin C 50 mg Tablet','VITAMIN C 50 MG','Tablet','Tablet','Obat Bebas','https://dto.kemkes.go.id/kfacode/93000716',0,'2023-05-01');
A81: 93001648 | B81: ASERING-5 Infus (ASERING-5) | C81: 92000943 | D81: ASERING-5 Infus | E81: ASERING-5 | F81: Botol Plastik | G81: Infus | H81: Obat Keras | I81: =_xlfn.TEXTJOIN("/",,"https://dto.kemkes.go.id/kfacode",A81) -> https://dto.kemkes.go.id/kfacode/93001648 | J81: insert into mkatalog_kfa93 (kode, uraian, kode_92, uraian_92, nama_dagang, satuan_kecil, sediaan, golongan, url, userid_updt, sysdate_updt) values | K81: =CONCATENATE(J81,"('",A81,"','",B81,"','",C81,"','",D81,"','",E81,"','",F81,"','",G81,"','",H81,"','",I81,"',0,'2023-05-01');") -> insert into mkatalog_kfa93 (kode, uraian, kode_92, uraian_92, nama_dagang, satuan_kecil, sediaan, golongan, url, userid_updt, sysdate_updt) values ('93001648','ASERING-5 Infus (ASERING-5)','92000943','ASERING-5 Infus','ASERING-5','Botol Plastik','Infus','Obat Keras','https://dto.kemkes.go.id/kfacode/93001648',0,'2023-05-01');
A82: 93000310 | B82: Asparaginase 10.000 IU Serbuk Injeksi (LEUNASE) | C82: 92000208 | D82: Asparaginase 10.000 IU Serbuk Injeksi | E82: LEUNASE | F82: Vial | G82: Serbuk Injeksi | H82: Obat Keras | I82: =_xlfn.TEXTJOIN("/",,"https://dto.kemkes.go.id/kfacode",A82) -> https://dto.kemkes.go.id/kfacode/93000310 | J82: insert into mkatalog_kfa93 (kode, uraian, kode_92, uraian_92, nama_dagang, satuan_kecil, sediaan, golongan, url, userid_updt, sysdate_updt) values | K82: =CONCATENATE(J82,"('",A82,"','",B82,"','",C82,"','",D82,"','",E82,"','",F82,"','",G82,"','",H82,"','",I82,"',0,'2023-05-01');") -> insert into mkatalog_kfa93 (kode, uraian, kode_92, uraian_92, nama_dagang, satuan_kecil, sediaan, golongan, url, userid_updt, sysdate_updt) values ('93000310','Asparaginase 10.000 IU Serbuk Injeksi (LEUNASE)','92000208','Asparaginase 10.000 IU Serbuk Injeksi','LEUNASE','Vial','Serbuk Injeksi','Obat Keras','https://dto.kemkes.go.id/kfacode/93000310',0,'2023-05-01');
A83: 93000731 | B83: Atorvastatin 20 mg Tablet (DEXA MEDICA - Indonesia - -) | C83: 92000524 | D83: Atorvastatin 20 mg Tablet | E83: ATORVASTATIN CALCIUM TRIHYDRATE | F83: Tablet | G83: Tablet Pelepasan Lambat | H83: Obat Keras | I83: =_xlfn.TEXTJOIN("/",,"https://dto.kemkes.go.id/kfacode",A83) -> https://dto.kemkes.go.id/kfacode/93000731 | J83: insert into mkatalog_kfa93 (kode, uraian, kode_92, uraian_92, nama_dagang, satuan_kecil, sediaan, golongan, url, userid_updt, sysdate_updt) values | K83: =CONCATENATE(J83,"('",A83,"','",B83,"','",C83,"','",D83,"','",E83,"','",F83,"','",G83,"','",H83,"','",I83,"',0,'2023-05-01');") -> insert into mkatalog_kfa93 (kode, uraian, kode_92, uraian_92, nama_dagang, satuan_kecil, sediaan, golongan, url, userid_updt, sysdate_updt) values ('93000731','Atorvastatin 20 mg Tablet (DEXA MEDICA - Indonesia - -)','92000524','Atorvastatin 20 mg Tablet','ATORVASTATIN CALCIUM TRIHYDRATE','Tablet','Tablet Pelepasan Lambat','Obat Keras','https://dto.kemkes.go.id/kfacode/93000731',0,'2023-05-01');
A84: 93001127 | B84: Atorvastatin Calcium Trihydrate 10 mg Tablet Salut Selaput (DEXA MEDICA) | C84: 92000355 | D84: Atorvastatin Calcium Trihydrate 10 mg Tablet Salut Selaput | E84: ATORVASTATIN CALCIUM TRIHYDRATE | F84: Tablet | G84: Tablet Salut Selaput | H84: Obat Keras | I84: =_xlfn.TEXTJOIN("/",,"https://dto.kemkes.go.id/kfacode",A84) -> https://dto.kemkes.go.id/kfacode/93001127 | J84: insert into mkatalog_kfa93 (kode, uraian, kode_92, uraian_92, nama_dagang, satuan_kecil, sediaan, golongan, url, userid_updt, sysdate_updt) values | K84: =CONCATENATE(J84,"('",A84,"','",B84,"','",C84,"','",D84,"','",E84,"','",F84,"','",G84,"','",H84,"','",I84,"',0,'2023-05-01');") -> insert into mkatalog_kfa93 (kode, uraian, kode_92, uraian_92, nama_dagang, satuan_kecil, sediaan, golongan, url, userid_updt, sysdate_updt) values ('93001127','Atorvastatin Calcium Trihydrate 10 mg Tablet Salut Selaput (DEXA MEDICA)','92000355','Atorvastatin Calcium Trihydrate 10 mg Tablet Salut Selaput','ATORVASTATIN CALCIUM TRIHYDRATE','Tablet','Tablet Salut Selaput','Obat Keras','https://dto.kemkes.go.id/kfacode/93001127',0,'2023-05-01');
A85: 93001397 | B85: Atracurium Besilate 10 mg / mL Injeksi (ETHICA, 2,5 mL) | C85: 92000742 | D85: Atracurium Besilate 10 mg / mL Injeksi | E85: ATRACURIUM BESILATE | F85: Ampul | G85: Larutan Injeksi | H85: Obat Keras | I85: =_xlfn.TEXTJOIN("/",,"https://dto.kemkes.go.id/kfacode",A85) -> https://dto.kemkes.go.id/kfacode/93001397 | J85: insert into mkatalog_kfa93 (kode, uraian, kode_92, uraian_92, nama_dagang, satuan_kecil, sediaan, golongan, url, userid_updt, sysdate_updt) values | K85: =CONCATENATE(J85,"('",A85,"','",B85,"','",C85,"','",D85,"','",E85,"','",F85,"','",G85,"','",H85,"','",I85,"',0,'2023-05-01');") -> insert into mkatalog_kfa93 (kode, uraian, kode_92, uraian_92, nama_dagang, satuan_kecil, sediaan, golongan, url, userid_updt, sysdate_updt) values ('93001397','Atracurium Besilate 10 mg / mL Injeksi (ETHICA, 2,5 mL)','92000742','Atracurium Besilate 10 mg / mL Injeksi','ATRACURIUM BESILATE','Ampul','Larutan Injeksi','Obat Keras','https://dto.kemkes.go.id/kfacode/93001397',0,'2023-05-01');
A86: 93001396 | B86: Atracurium Besilate 10 mg / mL Injeksi (ETHICA, 5 mL) | C86: 92000742 | D86: Atracurium Besilate 10 mg / mL Injeksi | E86: ATRACURIUM BESILATE | F86: Ampul | G86: Larutan Injeksi | H86: Obat Keras | I86: =_xlfn.TEXTJOIN("/",,"https://dto.kemkes.go.id/kfacode",A86) -> https://dto.kemkes.go.id/kfacode/93001396 | J86: insert into mkatalog_kfa93 (kode, uraian, kode_92, uraian_92, nama_dagang, satuan_kecil, sediaan, golongan, url, userid_updt, sysdate_updt) values | K86: =CONCATENATE(J86,"('",A86,"','",B86,"','",C86,"','",D86,"','",E86,"','",F86,"','",G86,"','",H86,"','",I86,"',0,'2023-05-01');") -> insert into mkatalog_kfa93 (kode, uraian, kode_92, uraian_92, nama_dagang, satuan_kecil, sediaan, golongan, url, userid_updt, sysdate_updt) values ('93001396','Atracurium Besilate 10 mg / mL Injeksi (ETHICA, 5 mL)','92000742','Atracurium Besilate 10 mg / mL Injeksi','ATRACURIUM BESILATE','Ampul','Larutan Injeksi','Obat Keras','https://dto.kemkes.go.id/kfacode/93001396',0,'2023-05-01');
A87: 93000658 | B87: Atropine Sulfate 0,25 mg / mL Injeksi (ETHICA) | C87: 92000114 | D87: Atropine Sulfate 0,25 mg / mL Injeksi | E87: ATROPINE SULFATE | F87: Ampul | G87: Larutan Injeksi | H87: Obat Keras | I87: =_xlfn.TEXTJOIN("/",,"https://dto.kemkes.go.id/kfacode",A87) -> https://dto.kemkes.go.id/kfacode/93000658 | J87: insert into mkatalog_kfa93 (kode, uraian, kode_92, uraian_92, nama_dagang, satuan_kecil, sediaan, golongan, url, userid_updt, sysdate_updt) values | K87: =CONCATENATE(J87,"('",A87,"','",B87,"','",C87,"','",D87,"','",E87,"','",F87,"','",G87,"','",H87,"','",I87,"',0,'2023-05-01');") -> insert into mkatalog_kfa93 (kode, uraian, kode_92, uraian_92, nama_dagang, satuan_kecil, sediaan, golongan, url, userid_updt, sysdate_updt) values ('93000658','Atropine Sulfate 0,25 mg / mL Injeksi (ETHICA)','92000114','Atropine Sulfate 0,25 mg / mL Injeksi','ATROPINE SULFATE','Ampul','Larutan Injeksi','Obat Keras','https://dto.kemkes.go.id/kfacode/93000658',0,'2023-05-01');
A88: 93000777 | B88: Azathioprine 50 mg Tablet Salut Selaput (IMURAN) | C88: 92000549 | D88: Azathioprine 50 mg Tablet Salut Selaput | E88: IMURAN | F88: Tablet | G88: Tablet Salut Selaput | H88: Obat Keras | I88: =_xlfn.TEXTJOIN("/",,"https://dto.kemkes.go.id/kfacode",A88) -> https://dto.kemkes.go.id/kfacode/93000777 | J88: insert into mkatalog_kfa93 (kode, uraian, kode_92, uraian_92, nama_dagang, satuan_kecil, sediaan, golongan, url, userid_updt, sysdate_updt) values | K88: =CONCATENATE(J88,"('",A88,"','",B88,"','",C88,"','",D88,"','",E88,"','",F88,"','",G88,"','",H88,"','",I88,"',0,'2023-05-01');") -> insert into mkatalog_kfa93 (kode, uraian, kode_92, uraian_92, nama_dagang, satuan_kecil, sediaan, golongan, url, userid_updt, sysdate_updt) values ('93000777','Azathioprine 50 mg Tablet Salut Selaput (IMURAN)','92000549','Azathioprine 50 mg Tablet Salut Selaput','IMURAN','Tablet','Tablet Salut Selaput','Obat Keras','https://dto.kemkes.go.id/kfacode/93000777',0,'2023-05-01');
A89: 93000357 | B89: Azithromycin 500 mg Kaplet Salut Selaput (HEXPHARM JAYA LABORATORIES) | C89: 92000230 | D89: Azithromycin 500 mg Kaplet Salut Selaput | E89: AZITHROMYCIN DIHYDRATE | F89: Kaplet | G89: Kaplet Salut Selaput | H89: Obat Keras | I89: =_xlfn.TEXTJOIN("/",,"https://dto.kemkes.go.id/kfacode",A89) -> https://dto.kemkes.go.id/kfacode/93000357 | J89: insert into mkatalog_kfa93 (kode, uraian, kode_92, uraian_92, nama_dagang, satuan_kecil, sediaan, golongan, url, userid_updt, sysdate_updt) values | K89: =CONCATENATE(J89,"('",A89,"','",B89,"','",C89,"','",D89,"','",E89,"','",F89,"','",G89,"','",H89,"','",I89,"',0,'2023-05-01');") -> insert into mkatalog_kfa93 (kode, uraian, kode_92, uraian_92, nama_dagang, satuan_kecil, sediaan, golongan, url, userid_updt, sysdate_updt) values ('93000357','Azithromycin 500 mg Kaplet Salut Selaput (HEXPHARM JAYA LABORATORIES)','92000230','Azithromycin 500 mg Kaplet Salut Selaput','AZITHROMYCIN DIHYDRATE','Kaplet','Kaplet Salut Selaput','Obat Keras','https://dto.kemkes.go.id/kfacode/93000357',0,'2023-05-01');
A90: 93000359 | B90: Azithromycin 500 mg Kaplet Salut Selaput (KIMIA FARMA) | C90: 92000230 | D90: Azithromycin 500 mg Kaplet Salut Selaput | E90: AZITHROMYCIN | F90: Kaplet | G90: Kaplet Salut Selaput | H90: Obat Keras | I90: =_xlfn.TEXTJOIN("/",,"https://dto.kemkes.go.id/kfacode",A90) -> https://dto.kemkes.go.id/kfacode/93000359 | J90: insert into mkatalog_kfa93 (kode, uraian, kode_92, uraian_92, nama_dagang, satuan_kecil, sediaan, golongan, url, userid_updt, sysdate_updt) values | K90: =CONCATENATE(J90,"('",A90,"','",B90,"','",C90,"','",D90,"','",E90,"','",F90,"','",G90,"','",H90,"','",I90,"',0,'2023-05-01');") -> insert into mkatalog_kfa93 (kode, uraian, kode_92, uraian_92, nama_dagang, satuan_kecil, sediaan, golongan, url, userid_updt, sysdate_updt) values ('93000359','Azithromycin 500 mg Kaplet Salut Selaput (KIMIA FARMA)','92000230','Azithromycin 500 mg Kaplet Salut Selaput','AZITHROMYCIN','Kaplet','Kaplet Salut Selaput','Obat Keras','https://dto.kemkes.go.id/kfacode/93000359',0,'2023-05-01');
... A140: 93000741 | B140: Bisoprolol Fumarate 5 mg Tablet (SELBIX) | C140: 92000526 | D140: Bisoprolol Fumarate 5 mg Tablet | E140: SELBIX | F140: Tablet | G140: Tablet Pelepasan Lambat | H140: Obat Keras | I140: =_xlfn.TEXTJOIN("/",,"https://dto.kemkes.go.id/kfacode",A140) -> https://dto.kemkes.go.id/kfacode/93000741 | J140: insert into mkatalog_kfa93 (kode, uraian, kode_92, uraian_92, nama_dagang, satuan_kecil, sediaan, golongan, url, userid_updt, sysdate_updt) values | K140: =CONCATENATE(J140,"('",A140,"','",B140,"','",C140,"','",D140,"','",E140,"','",F140,"','",G140,"','",H140,"','",I140,"',0,'2023-05-01');") -> insert into mkatalog_kfa93 (kode, uraian, kode_92, uraian_92, nama_dagang, satuan_kecil, sediaan, golongan, url, userid_updt, sysdate_updt) values ('93000741','Bisoprolol Fumarate 5 mg Tablet (SELBIX)','92000526','Bisoprolol Fumarate 5 mg Tablet','SELBIX','Tablet','Tablet Pelepasan Lambat','Obat Keras','https://dto.kemkes.go.id/kfacode/93000741',0,'2023-05-01');
A141: 93000745 | B141: Bisoprolol Fumarate 5 mg Tablet (TENCARD) | C141: 92000526 | D141: Bisoprolol Fumarate 5 mg Tablet | F141: Tablet | G141: Tablet Pelepasan Lambat | H141: Obat Keras | I141: =_xlfn.TEXTJOIN("/",,"https://dto.kemkes.go.id/kfacode",A141) -> https://dto.kemkes.go.id/kfacode/93000745 | J141: insert into mkatalog_kfa93 (kode, uraian, kode_92, uraian_92, nama_dagang, satuan_kecil, sediaan, golongan, url, userid_updt, sysdate_updt) values | K141: =CONCATENATE(J141,"('",A141,"','",B141,"','",C141,"','",D141,"','",E141,"','",F141,"','",G141,"','",H141,"','",I141,"',0,'2023-05-01');") -> insert into mkatalog_kfa93 (kode, uraian, kode_92, uraian_92, nama_dagang, satuan_kecil, sediaan, golongan, url, userid_updt, sysdate_updt) values ('93000745','Bisoprolol Fumarate 5 mg Tablet (TENCARD)','92000526','Bisoprolol Fumarate 5 mg Tablet','','Tablet','Tablet Pelepasan Lambat','Obat Keras','https://dto.kemkes.go.id/kfacode/93000745',0,'2023-05-01');
A142: 93000394 | B142: Bleomycin 15 mg Serbuk Injeksi (BLEOCIN) | C142: 92000285 | D142: Bleomycin 15 mg Serbuk Injeksi | E142: BLEOCIN | F142: Vial | G142: Serbuk Injeksi | H142: Obat Keras | I142: =_xlfn.TEXTJOIN("/",,"https://dto.kemkes.go.id/kfacode",A142) -> https://dto.kemkes.go.id/kfacode/93000394 | J142: insert into mkatalog_kfa93 (kode, uraian, kode_92, uraian_92, nama_dagang, satuan_kecil, sediaan, golongan, url, userid_updt, sysdate_updt) values | K142: =CONCATENATE(J142,"('",A142,"','",B142,"','",C142,"','",D142,"','",E142,"','",F142,"','",G142,"','",H142,"','",I142,"',0,'2023-05-01');") -> insert into mkatalog_kfa93 (kode, uraian, kode_92, uraian_92, nama_dagang, satuan_kecil, sediaan, golongan, url, userid_updt, sysdate_updt) values ('93000394','Bleomycin 15 mg Serbuk Injeksi (BLEOCIN)','92000285','Bleomycin 15 mg Serbuk Injeksi','BLEOCIN','Vial','Serbuk Injeksi','Obat Keras','https://dto.kemkes.go.id/kfacode/93000394',0,'2023-05-01');
A143: 93001608 | B143: Bortezomib 3,5 mg Serbuk Injeksi Liofilisasi (BORMIB) | C143: 92000912 | D143: Bortezomib 3,5 mg Serbuk Injeksi Liofilisasi | E143: BORMIB | F143: Vial | G143: Serbuk Injeksi Liofilisasi | H143: Obat Keras | I143: =_xlfn.TEXTJOIN("/",,"https://dto.kemkes.go.id/kfacode",A143) -> https://dto.kemkes.go.id/kfacode/93001608 | J143: insert into mkatalog_kfa93 (kode, uraian, kode_92, uraian_92, nama_dagang, satuan_kecil, sediaan, golongan, url, userid_updt, sysdate_updt) values | K143: =CONCATENATE(J143,"('",A143,"','",B143,"','",C143,"','",D143,"','",E143,"','",F143,"','",G143,"','",H143,"','",I143,"',0,'2023-05-01');") -> insert into mkatalog_kfa93 (kode, uraian, kode_92, uraian_92, nama_dagang, satuan_kecil, sediaan, golongan, url, userid_updt, sysdate_updt) values ('93001608','Bortezomib 3,5 mg Serbuk Injeksi Liofilisasi (BORMIB)','92000912','Bortezomib 3,5 mg Serbuk Injeksi Liofilisasi','BORMIB','Vial','Serbuk Injeksi Liofilisasi','Obat Keras','https://dto.kemkes.go.id/kfacode/93001608',0,'2023-05-01');
A144: 93001596 | B144: Bortezomib 3,5 mg Serbuk Injeksi Liofilisasi (BORTERO) | C144: 92000912 | D144: Bortezomib 3,5 mg Serbuk Injeksi Liofilisasi | E144: BORTERO | F144: Vial | G144: Serbuk Injeksi Liofilisasi | H144: Obat Keras | I144: =_xlfn.TEXTJOIN("/",,"https://dto.kemkes.go.id/kfacode",A144) -> https://dto.kemkes.go.id/kfacode/93001596 | J144: insert into mkatalog_kfa93 (kode, uraian, kode_92, uraian_92, nama_dagang, satuan_kecil, sediaan, golongan, url, userid_updt, sysdate_updt) values | K144: =CONCATENATE(J144,"('",A144,"','",B144,"','",C144,"','",D144,"','",E144,"','",F144,"','",G144,"','",H144,"','",I144,"',0,'2023-05-01');") -> insert into mkatalog_kfa93 (kode, uraian, kode_92, uraian_92, nama_dagang, satuan_kecil, sediaan, golongan, url, userid_updt, sysdate_updt) values ('93001596','Bortezomib 3,5 mg Serbuk Injeksi Liofilisasi (BORTERO)','92000912','Bortezomib 3,5 mg Serbuk Injeksi Liofilisasi','BORTERO','Vial','Serbuk Injeksi Liofilisasi','Obat Keras','https://dto.kemkes.go.id/kfacode/93001596',0,'2023-05-01');
A145: 93001597 | B145: Bortezomib 3,5 mg Serbuk Injeksi Liofilisasi (FONKOZOMIB) | C145: 92000912 | D145: Bortezomib 3,5 mg Serbuk Injeksi Liofilisasi | E145: FONKOZOMIB | F145: Vial | G145: Serbuk Injeksi Liofilisasi | H145: Obat Keras | I145: =_xlfn.TEXTJOIN("/",,"https://dto.kemkes.go.id/kfacode",A145) -> https://dto.kemkes.go.id/kfacode/93001597 | J145: insert into mkatalog_kfa93 (kode, uraian, kode_92, uraian_92, nama_dagang, satuan_kecil, sediaan, golongan, url, userid_updt, sysdate_updt) values | K145: =CONCATENATE(J145,"('",A145,"','",B145,"','",C145,"','",D145,"','",E145,"','",F145,"','",G145,"','",H145,"','",I145,"',0,'2023-05-01');") -> insert into mkatalog_kfa93 (kode, uraian, kode_92, uraian_92, nama_dagang, satuan_kecil, sediaan, golongan, url, userid_updt, sysdate_updt) values ('93001597','Bortezomib 3,5 mg Serbuk Injeksi Liofilisasi (FONKOZOMIB)','92000912','Bortezomib 3,5 mg Serbuk Injeksi Liofilisasi','FONKOZOMIB','Vial','Serbuk Injeksi Liofilisasi','Obat Keras','https://dto.kemkes.go.id/kfacode/93001597',0,'2023-05-01');
A146: 93000651 | B146: Budesonid 0.25 mg/mL Spray (BUDESMA) | C146: 92000489 | D146: Budesonid 0.25 mg/mL Spray | E146: BUDESMA | F146: Botol | G146: Larutan Inhalasi | H146: Obat Keras | I146: =_xlfn.TEXTJOIN("/",,"https://dto.kemkes.go.id/kfacode",A146) -> https://dto.kemkes.go.id/kfacode/93000651 | J146: insert into mkatalog_kfa93 (kode, uraian, kode_92, uraian_92, nama_dagang, satuan_kecil, sediaan, golongan, url, userid_updt, sysdate_updt) values | K146: =CONCATENATE(J146,"('",A146,"','",B146,"','",C146,"','",D146,"','",E146,"','",F146,"','",G146,"','",H146,"','",I146,"',0,'2023-05-01');") -> insert into mkatalog_kfa93 (kode, uraian, kode_92, uraian_92, nama_dagang, satuan_kecil, sediaan, golongan, url, userid_updt, sysdate_updt) values ('93000651','Budesonid 0.25 mg/mL Spray (BUDESMA)','92000489','Budesonid 0.25 mg/mL Spray','BUDESMA','Botol','Larutan Inhalasi','Obat Keras','https://dto.kemkes.go.id/kfacode/93000651',0,'2023-05-01');
A147: 93000655 | B147: Budesonid 0.25 mg/mL Spray (PRATAPA NIRMALA - Indonesia - -) | C147: 92000489 | D147: Budesonid 0.25 mg/mL Spray | F147: Botol | G147: Larutan Inhalasi | H147: Obat Keras | I147: =_xlfn.TEXTJOIN("/",,"https://dto.kemkes.go.id/kfacode",A147) -> https://dto.kemkes.go.id/kfacode/93000655 | J147: insert into mkatalog_kfa93 (kode, uraian, kode_92, uraian_92, nama_dagang, satuan_kecil, sediaan, golongan, url, userid_updt, sysdate_updt) values | K147: =CONCATENATE(J147,"('",A147,"','",B147,"','",C147,"','",D147,"','",E147,"','",F147,"','",G147,"','",H147,"','",I147,"',0,'2023-05-01');") -> insert into mkatalog_kfa93 (kode, uraian, kode_92, uraian_92, nama_dagang, satuan_kecil, sediaan, golongan, url, userid_updt, sysdate_updt) values ('93000655','Budesonid 0.25 mg/mL Spray (PRATAPA NIRMALA - Indonesia - -)','92000489','Budesonid 0.25 mg/mL Spray','','Botol','Larutan Inhalasi','Obat Keras','https://dto.kemkes.go.id/kfacode/93000655',0,'2023-05-01');
A148: 93000649 | B148: Budesonid 0.25 mg/mL Spray (PULMICORT RESPULES) | C148: 92000489 | D148: Budesonid 0.25 mg/mL Spray | E148: PULMICORT RESPULES | F148: Botol | G148: Larutan Inhalasi | H148: Obat Keras | I148: =_xlfn.TEXTJOIN("/",,"https://dto.kemkes.go.id/kfacode",A148) -> https://dto.kemkes.go.id/kfacode/93000649 | J148: insert into mkatalog_kfa93 (kode, uraian, kode_92, uraian_92, nama_dagang, satuan_kecil, sediaan, golongan, url, userid_updt, sysdate_updt) values | K148: =CONCATENATE(J148,"('",A148,"','",B148,"','",C148,"','",D148,"','",E148,"','",F148,"','",G148,"','",H148,"','",I148,"',0,'2023-05-01');") -> insert into mkatalog_kfa93 (kode, uraian, kode_92, uraian_92, nama_dagang, satuan_kecil, sediaan, golongan, url, userid_updt, sysdate_updt) values ('93000649','Budesonid 0.25 mg/mL Spray (PULMICORT RESPULES)','92000489','Budesonid 0.25 mg/mL Spray','PULMICORT RESPULES','Botol','Larutan Inhalasi','Obat Keras','https://dto.kemkes.go.id/kfacode/93000649',0,'2023-05-01');
A149: 93000652 | B149: Budesonid 0.25 mg/mL Spray (SONIDE 0,25) | C149: 92000489 | D149: Budesonid 0.25 mg/mL Spray | E149: SONIDE 0,25 | F149: Botol | G149: Larutan Inhalasi | H149: Obat Keras | I149: =_xlfn.TEXTJOIN("/",,"https://dto.kemkes.go.id/kfacode",A149) -> https://dto.kemkes.go.id/kfacode/93000652 | J149: insert into mkatalog_kfa93 (kode, uraian, kode_92, uraian_92, nama_dagang, satuan_kecil, sediaan, golongan, url, userid_updt, sysdate_updt) values | K149: =CONCATENATE(J149,"('",A149,"','",B149,"','",C149,"','",D149,"','",E149,"','",F149,"','",G149,"','",H149,"','",I149,"',0,'2023-05-01');") -> insert into mkatalog_kfa93 (kode, uraian, kode_92, uraian_92, nama_dagang, satuan_kecil, sediaan, golongan, url, userid_updt, sysdate_updt) values ('93000652','Budesonid 0.25 mg/mL Spray (SONIDE 0,25)','92000489','Budesonid 0.25 mg/mL Spray','SONIDE 0,25','Botol','Larutan Inhalasi','Obat Keras','https://dto.kemkes.go.id/kfacode/93000652',0,'2023-05-01');
A150: 93000705 | B150: Budesonide 0,25 mg / mL Cairan Inhalasi (PULMICORT RESPULES) | C150: 92000481 | D150: Budesonide 0,25 mg / mL Cairan Inhalasi | E150: PULMICORT RESPULES | F150: Respules | G150: Larutan Inhalasi | H150: Obat Keras | I150: =_xlfn.TEXTJOIN("/",,"https://dto.kemkes.go.id/kfacode",A150) -> https://dto.kemkes.go.id/kfacode/93000705 | J150: insert into mkatalog_kfa93 (kode, uraian, kode_92, uraian_92, nama_dagang, satuan_kecil, sediaan, golongan, url, userid_updt, sysdate_updt) values | K150: =CONCATENATE(J150,"('",A150,"','",B150,"','",C150,"','",D150,"','",E150,"','",F150,"','",G150,"','",H150,"','",I150,"',0,'2023-05-01');") -> insert into mkatalog_kfa93 (kode, uraian, kode_92, uraian_92, nama_dagang, satuan_kecil, sediaan, golongan, url, userid_updt, sysdate_updt) values ('93000705','Budesonide 0,25 mg / mL Cairan Inhalasi (PULMICORT RESPULES)','92000481','Budesonide 0,25 mg / mL Cairan Inhalasi','PULMICORT RESPULES','Respules','Larutan Inhalasi','Obat Keras','https://dto.kemkes.go.id/kfacode/93000705',0,'2023-05-01');
A151: 93001056 | B151: Budesonide 0,25 mg / mL Suspensi Inhalasi (PRATAPA NIRMALA) | C151: 92000739 | D151: Budesonide 0,25 mg / mL Suspensi Inhalasi | E151: BUDESONIDE | F151: Ampul | G151: Suspensi Inhalasi | H151: Obat Keras | I151: =_xlfn.TEXTJOIN("/",,"https://dto.kemkes.go.id/kfacode",A151) -> https://dto.kemkes.go.id/kfacode/93001056 | J151: insert into mkatalog_kfa93 (kode, uraian, kode_92, uraian_92, nama_dagang, satuan_kecil, sediaan, golongan, url, userid_updt, sysdate_updt) values | K151: =CONCATENATE(J151,"('",A151,"','",B151,"','",C151,"','",D151,"','",E151,"','",F151,"','",G151,"','",H151,"','",I151,"',0,'2023-05-01');") -> insert into mkatalog_kfa93 (kode, uraian, kode_92, uraian_92, nama_dagang, satuan_kecil, sediaan, golongan, url, userid_updt, sysdate_updt) values ('93001056','Budesonide 0,25 mg / mL Suspensi Inhalasi (PRATAPA NIRMALA)','92000739','Budesonide 0,25 mg / mL Suspensi Inhalasi','BUDESONIDE','Ampul','Suspensi Inhalasi','Obat Keras','https://dto.kemkes.go.id/kfacode/93001056',0,'2023-05-01');
A152: 93000183 | B152: Budesonide 0.5 mg / mL Suspensi Inhalasi (PRATAPA NIRMALA) | C152: 92000181 | D152: Budesonide 0.5 mg / mL Suspensi Inhalasi | E152: BUDESONIDE | F152: Ampul | G152: Suspensi | H152: Obat Keras | I152: =_xlfn.TEXTJOIN("/",,"https://dto.kemkes.go.id/kfacode",A152) -> https://dto.kemkes.go.id/kfacode/93000183 | J152: insert into mkatalog_kfa93 (kode, uraian, kode_92, uraian_92, nama_dagang, satuan_kecil, sediaan, golongan, url, userid_updt, sysdate_updt) values | K152: =CONCATENATE(J152,"('",A152,"','",B152,"','",C152,"','",D152,"','",E152,"','",F152,"','",G152,"','",H152,"','",I152,"',0,'2023-05-01');") -> insert into mkatalog_kfa93 (kode, uraian, kode_92, uraian_92, nama_dagang, satuan_kecil, sediaan, golongan, url, userid_updt, sysdate_updt) values ('93000183','Budesonide 0.5 mg / mL Suspensi Inhalasi (PRATAPA NIRMALA)','92000181','Budesonide 0.5 mg / mL Suspensi Inhalasi','BUDESONIDE','Ampul','Suspensi','Obat Keras','https://dto.kemkes.go.id/kfacode/93000183',0,'2023-05-01');
A153: 93000125 | B153: Budesonide 160 mcg / Formoterol Fumarate 4,5 mcg Suspensi Inhalasi (SYMBICORT) | C153: 92000131 | D153: Budesonide 160 mcg / Formoterol Fumarate 4,5 mcg Suspensi Inhalasi | E153: SYMBICORT | F153: Turbuhaler | G153: Serbuk Inhaler | H153: Obat Keras | I153: =_xlfn.TEXTJOIN("/",,"https://dto.kemkes.go.id/kfacode",A153) -> https://dto.kemkes.go.id/kfacode/93000125 | J153: insert into mkatalog_kfa93 (kode, uraian, kode_92, uraian_92, nama_dagang, satuan_kecil, sediaan, golongan, url, userid_updt, sysdate_updt) values | K153: =CONCATENATE(J153,"('",A153,"','",B153,"','",C153,"','",D153,"','",E153,"','",F153,"','",G153,"','",H153,"','",I153,"',0,'2023-05-01');") -> insert into mkatalog_kfa93 (kode, uraian, kode_92, uraian_92, nama_dagang, satuan_kecil, sediaan, golongan, url, userid_updt, sysdate_updt) values ('93000125','Budesonide 160 mcg / Formoterol Fumarate 4,5 mcg Suspensi Inhalasi (SYMBICORT)','92000131','Budesonide 160 mcg / Formoterol Fumarate 4,5 mcg Suspensi Inhalasi','SYMBICORT','Turbuhaler','Serbuk Inhaler','Obat Keras','https://dto.kemkes.go.id/kfacode/93000125',0,'2023-05-01');
A154: 93000448 | B154: Budesonide 80 mcg/ Formoterol Fumarate 4,5 mcg Serbuk Inhaler (SYMBICORT) | C154: 92000323 | D154: Budesonide 80 mcg/ Formoterol Fumarate 4,5 mcg Serbuk Inhaler | E154: SYMBICORT | F154: Turbuhaler | G154: Serbuk Inhaler | H154: Obat Keras | I154: =_xlfn.TEXTJOIN("/",,"https://dto.kemkes.go.id/kfacode",A154) -> https://dto.kemkes.go.id/kfacode/93000448 | J154: insert into mkatalog_kfa93 (kode, uraian, kode_92, uraian_92, nama_dagang, satuan_kecil, sediaan, golongan, url, userid_updt, sysdate_updt) values | K154: =CONCATENATE(J154,"('",A154,"','",B154,"','",C154,"','",D154,"','",E154,"','",F154,"','",G154,"','",H154,"','",I154,"',0,'2023-05-01');") -> insert into mkatalog_kfa93 (kode, uraian, kode_92, uraian_92, nama_dagang, satuan_kecil, sediaan, golongan, url, userid_updt, sysdate_updt) values ('93000448','Budesonide 80 mcg/ Formoterol Fumarate 4,5 mcg Serbuk Inhaler (SYMBICORT)','92000323','Budesonide 80 mcg/ Formoterol Fumarate 4,5 mcg Serbuk Inhaler','SYMBICORT','Turbuhaler','Serbuk Inhaler','Obat Keras','https://dto.kemkes.go.id/kfacode/93000448',0,'2023-05-01');
A155: 93001534 | B155: Bupivacaine 0,5 % Injeksi (ETHICA INDUSTRI FARMASI) | C155: 92000880 | D155: Bupivacaine 0,5 % Injeksi | E155: BUPIVACAINE HCL MONOHYDRATE | F155: Ampul | G155: Larutan Injeksi | H155: Obat Keras | I155: =_xlfn.TEXTJOIN("/",,"https://dto.kemkes.go.id/kfacode",A155) -> https://dto.kemkes.go.id/kfacode/93001534 | J155: insert into mkatalog_kfa93 (kode, uraian, kode_92, uraian_92, nama_dagang, satuan_kecil, sediaan, golongan, url, userid_updt, sysdate_updt) values | K155: =CONCATENATE(J155,"('",A155,"','",B155,"','",C155,"','",D155,"','",E155,"','",F155,"','",G155,"','",H155,"','",I155,"',0,'2023-05-01');") -> insert into mkatalog_kfa93 (kode, uraian, kode_92, uraian_92, nama_dagang, satuan_kecil, sediaan, golongan, url, userid_updt, sysdate_updt) values ('93001534','Bupivacaine 0,5 % Injeksi (ETHICA INDUSTRI FARMASI)','92000880','Bupivacaine 0,5 % Injeksi','BUPIVACAINE HCL MONOHYDRATE','Ampul','Larutan Injeksi','Obat Keras','https://dto.kemkes.go.id/kfacode/93001534',0,'2023-05-01');
A156: 93000981 | B156: Calcitriol 0,25 mcg Kapsul Lunak (PHAPROS Tbk) | C156: 92000663 | D156: Calcitriol 0,25 mcg Kapsul Lunak | E156: CALCITRIOL | F156: Kapsul | G156: Kapsul Lunak | H156: Obat Keras | I156: =_xlfn.TEXTJOIN("/",,"https://dto.kemkes.go.id/kfacode",A156) -> https://dto.kemkes.go.id/kfacode/93000981 | J156: insert into mkatalog_kfa93 (kode, uraian, kode_92, uraian_92, nama_dagang, satuan_kecil, sediaan, golongan, url, userid_updt, sysdate_updt) values | K156: =CONCATENATE(J156,"('",A156,"','",B156,"','",C156,"','",D156,"','",E156,"','",F156,"','",G156,"','",H156,"','",I156,"',0,'2023-05-01');") -> insert into mkatalog_kfa93 (kode, uraian, kode_92, uraian_92, nama_dagang, satuan_kecil, sediaan, golongan, url, userid_updt, sysdate_updt) values ('93000981','Calcitriol 0,25 mcg Kapsul Lunak (PHAPROS Tbk)','92000663','Calcitriol 0,25 mcg Kapsul Lunak','CALCITRIOL','Kapsul','Kapsul Lunak','Obat Keras','https://dto.kemkes.go.id/kfacode/93000981',0,'2023-05-01');
A157: 93001180 | B157: Calcitriol 0,5 mcg Kapsul Lunak (PHAPROS Tbk) | C157: 92000602 | D157: Calcitriol 0,5 mcg Kapsul Lunak | E157: CALCITRIOL | F157: Kapsul | G157: Kapsul Lunak | H157: Obat Keras | I157: =_xlfn.TEXTJOIN("/",,"https://dto.kemkes.go.id/kfacode",A157) -> https://dto.kemkes.go.id/kfacode/93001180 | J157: insert into mkatalog_kfa93 (kode, uraian, kode_92, uraian_92, nama_dagang, satuan_kecil, sediaan, golongan, url, userid_updt, sysdate_updt) values | K157: =CONCATENATE(J157,"('",A157,"','",B157,"','",C157,"','",D157,"','",E157,"','",F157,"','",G157,"','",H157,"','",I157,"',0,'2023-05-01');") -> insert into mkatalog_kfa93 (kode, uraian, kode_92, uraian_92, nama_dagang, satuan_kecil, sediaan, golongan, url, userid_updt, sysdate_updt) values ('93001180','Calcitriol 0,5 mcg Kapsul Lunak (PHAPROS Tbk)','92000602','Calcitriol 0,5 mcg Kapsul Lunak','CALCITRIOL','Kapsul','Kapsul Lunak','Obat Keras','https://dto.kemkes.go.id/kfacode/93001180',0,'2023-05-01');
A158: 93000848 | B158: Calcium Chloride Hexahydrate 27.5 g / Dextrose Monohydrate 4.3 g / Potassium Chloride 0.16 g / Sodium Chloride 0.15 g (INFUSAN - R + D, 500 mL) | C158: 92000601 | D158: Calcium Chloride Hexahydrate 27.5 g / Dextrose Monohydrate 4.3 g / Potassium Chloride 0.16 g / Sodium Chloride 0.15 g | E158: INFUSAN - R + D | F158: Botol Plastik | G158: Infus | H158: Obat Keras | I158: =_xlfn.TEXTJOIN("/",,"https://dto.kemkes.go.id/kfacode",A158) -> https://dto.kemkes.go.id/kfacode/93000848 | J158: insert into mkatalog_kfa93 (kode, uraian, kode_92, uraian_92, nama_dagang, satuan_kecil, sediaan, golongan, url, userid_updt, sysdate_updt) values | K158: =CONCATENATE(J158,"('",A158,"','",B158,"','",C158,"','",D158,"','",E158,"','",F158,"','",G158,"','",H158,"','",I158,"',0,'2023-05-01');") -> insert into mkatalog_kfa93 (kode, uraian, kode_92, uraian_92, nama_dagang, satuan_kecil, sediaan, golongan, url, userid_updt, sysdate_updt) values ('93000848','Calcium Chloride Hexahydrate 27.5 g / Dextrose Monohydrate 4.3 g / Potassium Chloride 0.16 g / Sodium Chloride 0.15 g (INFUSAN - R + D, 500 mL)','92000601','Calcium Chloride Hexahydrate 27.5 g / Dextrose Monohydrate 4.3 g / Potassium Chloride 0.16 g / Sodium Chloride 0.15 g','INFUSAN - R + D','Botol Plastik','Infus','Obat Keras','https://dto.kemkes.go.id/kfacode/93000848',0,'2023-05-01');
A159: 93001412 | B159: Calcium Folinate 10 mg / mL Injeksi (FERRON PAR PHARMACEUTICALS) | C159: 92000503 | D159: Calcium Folinate 10 mg / mL Injeksi | E159: CALCIUM FOLINATE | F159: Vial | G159: Larutan Injeksi | H159: Obat Keras | I159: =_xlfn.TEXTJOIN("/",,"https://dto.kemkes.go.id/kfacode",A159) -> https://dto.kemkes.go.id/kfacode/93001412 | J159: insert into mkatalog_kfa93 (kode, uraian, kode_92, uraian_92, nama_dagang, satuan_kecil, sediaan, golongan, url, userid_updt, sysdate_updt) values | K159: =CONCATENATE(J159,"('",A159,"','",B159,"','",C159,"','",D159,"','",E159,"','",F159,"','",G159,"','",H159,"','",I159,"',0,'2023-05-01');") -> insert into mkatalog_kfa93 (kode, uraian, kode_92, uraian_92, nama_dagang, satuan_kecil, sediaan, golongan, url, userid_updt, sysdate_updt) values ('93001412','Calcium Folinate 10 mg / mL Injeksi (FERRON PAR PHARMACEUTICALS)','92000503','Calcium Folinate 10 mg / mL Injeksi','CALCIUM FOLINATE','Vial','Larutan Injeksi','Obat Keras','https://dto.kemkes.go.id/kfacode/93001412',0,'2023-05-01');
... A161: 93000518 | B161: Calcium Gluconate 100 mg / mL Injeksi (DEXA MEDICA) | C161: 92000438 | D161: Calcium Gluconate 100 mg / mL Injeksi | E161: CALCIUM GLUCONATE | F161: Ampul | G161: Larutan Injeksi | H161: Obat Keras | I161: =_xlfn.TEXTJOIN("/",,"https://dto.kemkes.go.id/kfacode",A161) -> https://dto.kemkes.go.id/kfacode/93000518 | J161: insert into mkatalog_kfa93 (kode, uraian, kode_92, uraian_92, nama_dagang, satuan_kecil, sediaan, golongan, url, userid_updt, sysdate_updt) values | K161: =CONCATENATE(J161,"('",A161,"','",B161,"','",C161,"','",D161,"','",E161,"','",F161,"','",G161,"','",H161,"','",I161,"',0,'2023-05-01');") -> insert into mkatalog_kfa93 (kode, uraian, kode_92, uraian_92, nama_dagang, satuan_kecil, sediaan, golongan, url, userid_updt, sysdate_updt) values ('93000518','Calcium Gluconate 100 mg / mL Injeksi (DEXA MEDICA)','92000438','Calcium Gluconate 100 mg / mL Injeksi','CALCIUM GLUCONATE','Ampul','Larutan Injeksi','Obat Keras','https://dto.kemkes.go.id/kfacode/93000518',0,'2023-05-01');
A162: 93001112 | B162: Calcium Lactate 500 mg Tablet/Kaplet (MERSIFARMA TIRMAKU MERCUSANA) | C162: 92000126 | D162: Calcium Lactate 500 mg Tablet/Kaplet | F162: Tablet | G162: Tablet | H162: Obat Bebas | I162: =_xlfn.TEXTJOIN("/",,"https://dto.kemkes.go.id/kfacode",A162) -> https://dto.kemkes.go.id/kfacode/93001112 | J162: insert into mkatalog_kfa93 (kode, uraian, kode_92, uraian_92, nama_dagang, satuan_kecil, sediaan, golongan, url, userid_updt, sysdate_updt) values | K162: =CONCATENATE(J162,"('",A162,"','",B162,"','",C162,"','",D162,"','",E162,"','",F162,"','",G162,"','",H162,"','",I162,"',0,'2023-05-01');") -> insert into mkatalog_kfa93 (kode, uraian, kode_92, uraian_92, nama_dagang, satuan_kecil, sediaan, golongan, url, userid_updt, sysdate_updt) values ('93001112','Calcium Lactate 500 mg Tablet/Kaplet (MERSIFARMA TIRMAKU MERCUSANA)','92000126','Calcium Lactate 500 mg Tablet/Kaplet','','Tablet','Tablet','Obat Bebas','https://dto.kemkes.go.id/kfacode/93001112',0,'2023-05-01');
A163: 93001418 | B163: Candesartan Cilexetil 16 mg Tablet (DEXA MEDICA) | C163: 92000834 | D163: Candesartan Cilexetil 16 mg Tablet | E163: CANDESARTAN CILEXETIL | F163: Tablet | G163: Tablet | H163: Obat Keras | I163: =_xlfn.TEXTJOIN("/",,"https://dto.kemkes.go.id/kfacode",A163) -> https://dto.kemkes.go.id/kfacode/93001418 | J163: insert into mkatalog_kfa93 (kode, uraian, kode_92, uraian_92, nama_dagang, satuan_kecil, sediaan, golongan, url, userid_updt, sysdate_updt) values | K163: =CONCATENATE(J163,"('",A163,"','",B163,"','",C163,"','",D163,"','",E163,"','",F163,"','",G163,"','",H163,"','",I163,"',0,'2023-05-01');") -> insert into mkatalog_kfa93 (kode, uraian, kode_92, uraian_92, nama_dagang, satuan_kecil, sediaan, golongan, url, userid_updt, sysdate_updt) values ('93001418','Candesartan Cilexetil 16 mg Tablet (DEXA MEDICA)','92000834','Candesartan Cilexetil 16 mg Tablet','CANDESARTAN CILEXETIL','Tablet','Tablet','Obat Keras','https://dto.kemkes.go.id/kfacode/93001418',0,'2023-05-01');
A164: 93001420 | B164: Candesartan Cilexetil 8 mg Tablet (DEXA MEDICA) | C164: 92000836 | D164: Candesartan Cilexetil 8 mg Tablet | E164: CANDESARTAN CILEXETIL | F164: Tablet | G164: Tablet | H164: Obat Keras | I164: =_xlfn.TEXTJOIN("/",,"https://dto.kemkes.go.id/kfacode",A164) -> https://dto.kemkes.go.id/kfacode/93001420 | J164: insert into mkatalog_kfa93 (kode, uraian, kode_92, uraian_92, nama_dagang, satuan_kecil, sediaan, golongan, url, userid_updt, sysdate_updt) values | K164: =CONCATENATE(J164,"('",A164,"','",B164,"','",C164,"','",D164,"','",E164,"','",F164,"','",G164,"','",H164,"','",I164,"',0,'2023-05-01');") -> insert into mkatalog_kfa93 (kode, uraian, kode_92, uraian_92, nama_dagang, satuan_kecil, sediaan, golongan, url, userid_updt, sysdate_updt) values ('93001420','Candesartan Cilexetil 8 mg Tablet (DEXA MEDICA)','92000836','Candesartan Cilexetil 8 mg Tablet','CANDESARTAN CILEXETIL','Tablet','Tablet','Obat Keras','https://dto.kemkes.go.id/kfacode/93001420',0,'2023-05-01');
A165: 93000425 | B165: Capecitabine 500 mg Tablet Salut Selaput (BINECAP) | C165: 92000312 | D165: Capecitabine 500 mg Tablet Salut Selaput | E165: BINECAP | F165: Tablet | G165: Tablet Salut Selaput | H165: Obat Keras | I165: =_xlfn.TEXTJOIN("/",,"https://dto.kemkes.go.id/kfacode",A165) -> https://dto.kemkes.go.id/kfacode/93000425 | J165: insert into mkatalog_kfa93 (kode, uraian, kode_92, uraian_92, nama_dagang, satuan_kecil, sediaan, golongan, url, userid_updt, sysdate_updt) values | K165: =CONCATENATE(J165,"('",A165,"','",B165,"','",C165,"','",D165,"','",E165,"','",F165,"','",G165,"','",H165,"','",I165,"',0,'2023-05-01');") -> insert into mkatalog_kfa93 (kode, uraian, kode_92, uraian_92, nama_dagang, satuan_kecil, sediaan, golongan, url, userid_updt, sysdate_updt) values ('93000425','Capecitabine 500 mg Tablet Salut Selaput (BINECAP)','92000312','Capecitabine 500 mg Tablet Salut Selaput','BINECAP','Tablet','Tablet Salut Selaput','Obat Keras','https://dto.kemkes.go.id/kfacode/93000425',0,'2023-05-01');
A166: 93000447 | B166: Capecitabine 500 mg Tablet Salut Selaput (FERCAB) | C166: 92000312 | D166: Capecitabine 500 mg Tablet Salut Selaput | E166: FERCAB | F166: Tablet | G166: Tablet Salut Selaput | H166: Obat Keras | I166: =_xlfn.TEXTJOIN("/",,"https://dto.kemkes.go.id/kfacode",A166) -> https://dto.kemkes.go.id/kfacode/93000447 | J166: insert into mkatalog_kfa93 (kode, uraian, kode_92, uraian_92, nama_dagang, satuan_kecil, sediaan, golongan, url, userid_updt, sysdate_updt) values | K166: =CONCATENATE(J166,"('",A166,"','",B166,"','",C166,"','",D166,"','",E166,"','",F166,"','",G166,"','",H166,"','",I166,"',0,'2023-05-01');") -> insert into mkatalog_kfa93 (kode, uraian, kode_92, uraian_92, nama_dagang, satuan_kecil, sediaan, golongan, url, userid_updt, sysdate_updt) values ('93000447','Capecitabine 500 mg Tablet Salut Selaput (FERCAB)','92000312','Capecitabine 500 mg Tablet Salut Selaput','FERCAB','Tablet','Tablet Salut Selaput','Obat Keras','https://dto.kemkes.go.id/kfacode/93000447',0,'2023-05-01');
A167: 93000426 | B167: Capecitabine 500 mg Tablet Salut Selaput (TACERAL) | C167: 92000312 | D167: Capecitabine 500 mg Tablet Salut Selaput | E167: TACERAL | F167: Tablet | G167: Tablet Salut Selaput | H167: Obat Keras | I167: =_xlfn.TEXTJOIN("/",,"https://dto.kemkes.go.id/kfacode",A167) -> https://dto.kemkes.go.id/kfacode/93000426 | J167: insert into mkatalog_kfa93 (kode, uraian, kode_92, uraian_92, nama_dagang, satuan_kecil, sediaan, golongan, url, userid_updt, sysdate_updt) values | K167: =CONCATENATE(J167,"('",A167,"','",B167,"','",C167,"','",D167,"','",E167,"','",F167,"','",G167,"','",H167,"','",I167,"',0,'2023-05-01');") -> insert into mkatalog_kfa93 (kode, uraian, kode_92, uraian_92, nama_dagang, satuan_kecil, sediaan, golongan, url, userid_updt, sysdate_updt) values ('93000426','Capecitabine 500 mg Tablet Salut Selaput (TACERAL)','92000312','Capecitabine 500 mg Tablet Salut Selaput','TACERAL','Tablet','Tablet Salut Selaput','Obat Keras','https://dto.kemkes.go.id/kfacode/93000426',0,'2023-05-01');
A168: 93000446 | B168: Capecitabine 500 mg Tablet Salut Selaput (XELODA) | C168: 92000312 | D168: Capecitabine 500 mg Tablet Salut Selaput | E168: XELODA | F168: Tablet | G168: Tablet Salut Selaput | H168: Obat Keras | I168: =_xlfn.TEXTJOIN("/",,"https://dto.kemkes.go.id/kfacode",A168) -> https://dto.kemkes.go.id/kfacode/93000446 | J168: insert into mkatalog_kfa93 (kode, uraian, kode_92, uraian_92, nama_dagang, satuan_kecil, sediaan, golongan, url, userid_updt, sysdate_updt) values | K168: =CONCATENATE(J168,"('",A168,"','",B168,"','",C168,"','",D168,"','",E168,"','",F168,"','",G168,"','",H168,"','",I168,"',0,'2023-05-01');") -> insert into mkatalog_kfa93 (kode, uraian, kode_92, uraian_92, nama_dagang, satuan_kecil, sediaan, golongan, url, userid_updt, sysdate_updt) values ('93000446','Capecitabine 500 mg Tablet Salut Selaput (XELODA)','92000312','Capecitabine 500 mg Tablet Salut Selaput','XELODA','Tablet','Tablet Salut Selaput','Obat Keras','https://dto.kemkes.go.id/kfacode/93000446',0,'2023-05-01');
A169: 93001350 | B169: Captopril 12,5 mg Tablet (PHAPROS Tbk) | C169: 92000773 | D169: Captopril 12,5 mg Tablet | E169: CAPTOPRIL | F169: Tablet | G169: Tablet | H169: Obat Keras | I169: =_xlfn.TEXTJOIN("/",,"https://dto.kemkes.go.id/kfacode",A169) -> https://dto.kemkes.go.id/kfacode/93001350 | J169: insert into mkatalog_kfa93 (kode, uraian, kode_92, uraian_92, nama_dagang, satuan_kecil, sediaan, golongan, url, userid_updt, sysdate_updt) values | K169: =CONCATENATE(J169,"('",A169,"','",B169,"','",C169,"','",D169,"','",E169,"','",F169,"','",G169,"','",H169,"','",I169,"',0,'2023-05-01');") -> insert into mkatalog_kfa93 (kode, uraian, kode_92, uraian_92, nama_dagang, satuan_kecil, sediaan, golongan, url, userid_updt, sysdate_updt) values ('93001350','Captopril 12,5 mg Tablet (PHAPROS Tbk)','92000773','Captopril 12,5 mg Tablet','CAPTOPRIL','Tablet','Tablet','Obat Keras','https://dto.kemkes.go.id/kfacode/93001350',0,'2023-05-01');
A170: 93001349 | B170: Captopril 25 mg Tablet (PHAPROS Tbk) | C170: 92000344 | D170: Captopril 25 mg Tablet | E170: CAPTOPRIL | F170: Tablet | G170: Tablet | H170: Obat Keras | I170: =_xlfn.TEXTJOIN("/",,"https://dto.kemkes.go.id/kfacode",A170) -> https://dto.kemkes.go.id/kfacode/93001349 | J170: insert into mkatalog_kfa93 (kode, uraian, kode_92, uraian_92, nama_dagang, satuan_kecil, sediaan, golongan, url, userid_updt, sysdate_updt) values | K170: =CONCATENATE(J170,"('",A170,"','",B170,"','",C170,"','",D170,"','",E170,"','",F170,"','",G170,"','",H170,"','",I170,"',0,'2023-05-01');") -> insert into mkatalog_kfa93 (kode, uraian, kode_92, uraian_92, nama_dagang, satuan_kecil, sediaan, golongan, url, userid_updt, sysdate_updt) values ('93001349','Captopril 25 mg Tablet (PHAPROS Tbk)','92000344','Captopril 25 mg Tablet','CAPTOPRIL','Tablet','Tablet','Obat Keras','https://dto.kemkes.go.id/kfacode/93001349',0,'2023-05-01');
A171: 93001023 | B171: Captopril 25 mg Tablet (RAMA EMERALD MULTI SUKSES) | C171: 92000344 | D171: Captopril 25 mg Tablet | E171: CAPTOPRIL | F171: Tablet | G171: Tablet | H171: Obat Keras | I171: =_xlfn.TEXTJOIN("/",,"https://dto.kemkes.go.id/kfacode",A171) -> https://dto.kemkes.go.id/kfacode/93001023 | J171: insert into mkatalog_kfa93 (kode, uraian, kode_92, uraian_92, nama_dagang, satuan_kecil, sediaan, golongan, url, userid_updt, sysdate_updt) values | K171: =CONCATENATE(J171,"('",A171,"','",B171,"','",C171,"','",D171,"','",E171,"','",F171,"','",G171,"','",H171,"','",I171,"',0,'2023-05-01');") -> insert into mkatalog_kfa93 (kode, uraian, kode_92, uraian_92, nama_dagang, satuan_kecil, sediaan, golongan, url, userid_updt, sysdate_updt) values ('93001023','Captopril 25 mg Tablet (RAMA EMERALD MULTI SUKSES)','92000344','Captopril 25 mg Tablet','CAPTOPRIL','Tablet','Tablet','Obat Keras','https://dto.kemkes.go.id/kfacode/93001023',0,'2023-05-01');
A172: 93001117 | B172: Carbamazepine 200 mg Tablet (MERSIFARMA TIRMAKU MERCUSANA) | C172: 92000353 | D172: Carbamazepine 200 mg Tablet | E172: CARBAMAZEPINE | F172: Tablet | G172: Tablet | H172: Obat Keras | I172: =_xlfn.TEXTJOIN("/",,"https://dto.kemkes.go.id/kfacode",A172) -> https://dto.kemkes.go.id/kfacode/93001117 | J172: insert into mkatalog_kfa93 (kode, uraian, kode_92, uraian_92, nama_dagang, satuan_kecil, sediaan, golongan, url, userid_updt, sysdate_updt) values | K172: =CONCATENATE(J172,"('",A172,"','",B172,"','",C172,"','",D172,"','",E172,"','",F172,"','",G172,"','",H172,"','",I172,"',0,'2023-05-01');") -> insert into mkatalog_kfa93 (kode, uraian, kode_92, uraian_92, nama_dagang, satuan_kecil, sediaan, golongan, url, userid_updt, sysdate_updt) values ('93001117','Carbamazepine 200 mg Tablet (MERSIFARMA TIRMAKU MERCUSANA)','92000353','Carbamazepine 200 mg Tablet','CARBAMAZEPINE','Tablet','Tablet','Obat Keras','https://dto.kemkes.go.id/kfacode/93001117',0,'2023-05-01');
A173: 93001316 | B173: Carbimazole 5 mg Tablet (NEO MERCAZOLE) | C173: 92000808 | D173: Carbimazole 5 mg Tablet | E173: NEO MERCAZOLE | F173: Tablet | G173: Tablet | H173: Obat Keras | I173: =_xlfn.TEXTJOIN("/",,"https://dto.kemkes.go.id/kfacode",A173) -> https://dto.kemkes.go.id/kfacode/93001316 | J173: insert into mkatalog_kfa93 (kode, uraian, kode_92, uraian_92, nama_dagang, satuan_kecil, sediaan, golongan, url, userid_updt, sysdate_updt) values | K173: =CONCATENATE(J173,"('",A173,"','",B173,"','",C173,"','",D173,"','",E173,"','",F173,"','",G173,"','",H173,"','",I173,"',0,'2023-05-01');") -> insert into mkatalog_kfa93 (kode, uraian, kode_92, uraian_92, nama_dagang, satuan_kecil, sediaan, golongan, url, userid_updt, sysdate_updt) values ('93001316','Carbimazole 5 mg Tablet (NEO MERCAZOLE)','92000808','Carbimazole 5 mg Tablet','NEO MERCAZOLE','Tablet','Tablet','Obat Keras','https://dto.kemkes.go.id/kfacode/93001316',0,'2023-05-01');
A174: 93001363 | B174: Carboplatin 10 mg / mL Injeksi (CKD OTTO Pharmaceuticals, 15 mL) | C174: 92000191 | D174: Carboplatin 10 mg / mL Injeksi | E174: CARBOPLATIN | F174: Vial | G174: Larutan Injeksi | H174: Obat Keras | I174: =_xlfn.TEXTJOIN("/",,"https://dto.kemkes.go.id/kfacode",A174) -> https://dto.kemkes.go.id/kfacode/93001363 | J174: insert into mkatalog_kfa93 (kode, uraian, kode_92, uraian_92, nama_dagang, satuan_kecil, sediaan, golongan, url, userid_updt, sysdate_updt) values | K174: =CONCATENATE(J174,"('",A174,"','",B174,"','",C174,"','",D174,"','",E174,"','",F174,"','",G174,"','",H174,"','",I174,"',0,'2023-05-01');") -> insert into mkatalog_kfa93 (kode, uraian, kode_92, uraian_92, nama_dagang, satuan_kecil, sediaan, golongan, url, userid_updt, sysdate_updt) values ('93001363','Carboplatin 10 mg / mL Injeksi (CKD OTTO Pharmaceuticals, 15 mL)','92000191','Carboplatin 10 mg / mL Injeksi','CARBOPLATIN','Vial','Larutan Injeksi','Obat Keras','https://dto.kemkes.go.id/kfacode/93001363',0,'2023-05-01');
... A325: 93000493 | B325: Deferasirox 500 mg Tablet Dispersible (KALSIROX) | C325: 92000310 | D325: Deferasirox 500 mg Tablet Dispersible | E325: KALSIROX | F325: Tablet | G325: Tablet Dispersibel | H325: Obat Keras | I325: =_xlfn.TEXTJOIN("/",,"https://dto.kemkes.go.id/kfacode",A325) -> https://dto.kemkes.go.id/kfacode/93000493 | J325: insert into mkatalog_kfa93 (kode, uraian, kode_92, uraian_92, nama_dagang, satuan_kecil, sediaan, golongan, url, userid_updt, sysdate_updt) values | K325: =CONCATENATE(J325,"('",A325,"','",B325,"','",C325,"','",D325,"','",E325,"','",F325,"','",G325,"','",H325,"','",I325,"',0,'2023-05-01');") -> insert into mkatalog_kfa93 (kode, uraian, kode_92, uraian_92, nama_dagang, satuan_kecil, sediaan, golongan, url, userid_updt, sysdate_updt) values ('93000493','Deferasirox 500 mg Tablet Dispersible (KALSIROX)','92000310','Deferasirox 500 mg Tablet Dispersible','KALSIROX','Tablet','Tablet Dispersibel','Obat Keras','https://dto.kemkes.go.id/kfacode/93000493',0,'2023-05-01');
A326: 93000304 | B326: Deferiprone 100 mg / mL Larutan (DEFIRON, 250 mL) | C326: 92000203 | D326: Deferiprone 100 mg / mL Larutan | F326: Botol Plastik | G326: Larutan | H326: Obat Keras | I326: =_xlfn.TEXTJOIN("/",,"https://dto.kemkes.go.id/kfacode",A326) -> https://dto.kemkes.go.id/kfacode/93000304 | J326: insert into mkatalog_kfa93 (kode, uraian, kode_92, uraian_92, nama_dagang, satuan_kecil, sediaan, golongan, url, userid_updt, sysdate_updt) values | K326: =CONCATENATE(J326,"('",A326,"','",B326,"','",C326,"','",D326,"','",E326,"','",F326,"','",G326,"','",H326,"','",I326,"',0,'2023-05-01');") -> insert into mkatalog_kfa93 (kode, uraian, kode_92, uraian_92, nama_dagang, satuan_kecil, sediaan, golongan, url, userid_updt, sysdate_updt) values ('93000304','Deferiprone 100 mg / mL Larutan (DEFIRON, 250 mL)','92000203','Deferiprone 100 mg / mL Larutan','','Botol Plastik','Larutan','Obat Keras','https://dto.kemkes.go.id/kfacode/93000304',0,'2023-05-01');
A327: 93000305 | B327: Deferiprone 100 mg / mL Larutan (FERRIPROX, 250 mL) | C327: 92000203 | D327: Deferiprone 100 mg / mL Larutan | E327: FERRIPROX | F327: Botol Plastik | G327: Larutan | H327: Obat Keras | I327: =_xlfn.TEXTJOIN("/",,"https://dto.kemkes.go.id/kfacode",A327) -> https://dto.kemkes.go.id/kfacode/93000305 | J327: insert into mkatalog_kfa93 (kode, uraian, kode_92, uraian_92, nama_dagang, satuan_kecil, sediaan, golongan, url, userid_updt, sysdate_updt) values | K327: =CONCATENATE(J327,"('",A327,"','",B327,"','",C327,"','",D327,"','",E327,"','",F327,"','",G327,"','",H327,"','",I327,"',0,'2023-05-01');") -> insert into mkatalog_kfa93 (kode, uraian, kode_92, uraian_92, nama_dagang, satuan_kecil, sediaan, golongan, url, userid_updt, sysdate_updt) values ('93000305','Deferiprone 100 mg / mL Larutan (FERRIPROX, 250 mL)','92000203','Deferiprone 100 mg / mL Larutan','FERRIPROX','Botol Plastik','Larutan','Obat Keras','https://dto.kemkes.go.id/kfacode/93000305',0,'2023-05-01');
A328: 93000560 | B328: Deferiprone 500 mg Tablet Salut Selaput (DEXA MEDICA) | C328: 92000369 | D328: Deferiprone 500 mg Tablet Salut Selaput | E328: DEFERIPRONE | F328: Tablet | G328: Tablet Salut Selaput | H328: Obat Keras | I328: =_xlfn.TEXTJOIN("/",,"https://dto.kemkes.go.id/kfacode",A328) -> https://dto.kemkes.go.id/kfacode/93000560 | J328: insert into mkatalog_kfa93 (kode, uraian, kode_92, uraian_92, nama_dagang, satuan_kecil, sediaan, golongan, url, userid_updt, sysdate_updt) values | K328: =CONCATENATE(J328,"('",A328,"','",B328,"','",C328,"','",D328,"','",E328,"','",F328,"','",G328,"','",H328,"','",I328,"',0,'2023-05-01');") -> insert into mkatalog_kfa93 (kode, uraian, kode_92, uraian_92, nama_dagang, satuan_kecil, sediaan, golongan, url, userid_updt, sysdate_updt) values ('93000560','Deferiprone 500 mg Tablet Salut Selaput (DEXA MEDICA)','92000369','Deferiprone 500 mg Tablet Salut Selaput','DEFERIPRONE','Tablet','Tablet Salut Selaput','Obat Keras','https://dto.kemkes.go.id/kfacode/93000560',0,'2023-05-01');
A329: 93000562 | B329: Deferiprone 500 mg Tablet Salut Selaput (FERRIPROX) | C329: 92000369 | D329: Deferiprone 500 mg Tablet Salut Selaput | E329: FERRIPROX | F329: Tablet | G329: Tablet Salut Selaput | H329: Obat Keras | I329: =_xlfn.TEXTJOIN("/",,"https://dto.kemkes.go.id/kfacode",A329) -> https://dto.kemkes.go.id/kfacode/93000562 | J329: insert into mkatalog_kfa93 (kode, uraian, kode_92, uraian_92, nama_dagang, satuan_kecil, sediaan, golongan, url, userid_updt, sysdate_updt) values | K329: =CONCATENATE(J329,"('",A329,"','",B329,"','",C329,"','",D329,"','",E329,"','",F329,"','",G329,"','",H329,"','",I329,"',0,'2023-05-01');") -> insert into mkatalog_kfa93 (kode, uraian, kode_92, uraian_92, nama_dagang, satuan_kecil, sediaan, golongan, url, userid_updt, sysdate_updt) values ('93000562','Deferiprone 500 mg Tablet Salut Selaput (FERRIPROX)','92000369','Deferiprone 500 mg Tablet Salut Selaput','FERRIPROX','Tablet','Tablet Salut Selaput','Obat Keras','https://dto.kemkes.go.id/kfacode/93000562',0,'2023-05-01');
A330: 93000561 | B330: Deferiprone 500 mg Tablet Salut Selaput (NOVELL PHARMACEUTICAL LABORATORIES) | C330: 92000369 | D330: Deferiprone 500 mg Tablet Salut Selaput | E330: DEFERIPRONE | F330: Tablet | G330: Tablet Salut Selaput | H330: Obat Keras | I330: =_xlfn.TEXTJOIN("/",,"https://dto.kemkes.go.id/kfacode",A330) -> https://dto.kemkes.go.id/kfacode/93000561 | J330: insert into mkatalog_kfa93 (kode, uraian, kode_92, uraian_92, nama_dagang, satuan_kecil, sediaan, golongan, url, userid_updt, sysdate_updt) values | K330: =CONCATENATE(J330,"('",A330,"','",B330,"','",C330,"','",D330,"','",E330,"','",F330,"','",G330,"','",H330,"','",I330,"',0,'2023-05-01');") -> insert into mkatalog_kfa93 (kode, uraian, kode_92, uraian_92, nama_dagang, satuan_kecil, sediaan, golongan, url, userid_updt, sysdate_updt) values ('93000561','Deferiprone 500 mg Tablet Salut Selaput (NOVELL PHARMACEUTICAL LABORATORIES)','92000369','Deferiprone 500 mg Tablet Salut Selaput','DEFERIPRONE','Tablet','Tablet Salut Selaput','Obat Keras','https://dto.kemkes.go.id/kfacode/93000561',0,'2023-05-01');
A331: 93000563 | B331: Deferiprone 500 mg Tablet Salut Selaput (OFERLOD) | C331: 92000369 | D331: Deferiprone 500 mg Tablet Salut Selaput | E331: OFERLOD | F331: Tablet | G331: Tablet Salut Selaput | H331: Obat Keras | I331: =_xlfn.TEXTJOIN("/",,"https://dto.kemkes.go.id/kfacode",A331) -> https://dto.kemkes.go.id/kfacode/93000563 | J331: insert into mkatalog_kfa93 (kode, uraian, kode_92, uraian_92, nama_dagang, satuan_kecil, sediaan, golongan, url, userid_updt, sysdate_updt) values | K331: =CONCATENATE(J331,"('",A331,"','",B331,"','",C331,"','",D331,"','",E331,"','",F331,"','",G331,"','",H331,"','",I331,"',0,'2023-05-01');") -> insert into mkatalog_kfa93 (kode, uraian, kode_92, uraian_92, nama_dagang, satuan_kecil, sediaan, golongan, url, userid_updt, sysdate_updt) values ('93000563','Deferiprone 500 mg Tablet Salut Selaput (OFERLOD)','92000369','Deferiprone 500 mg Tablet Salut Selaput','OFERLOD','Tablet','Tablet Salut Selaput','Obat Keras','https://dto.kemkes.go.id/kfacode/93000563',0,'2023-05-01');
A332: 93000181 | B332: Deferoxamine Mesilate 500 mg Serbuk Injeksi (DESFERAL) | C332: 92000178 | D332: Deferoxamine Mesilate 500 mg Serbuk Injeksi | E332: DESFERAL | F332: Vial | G332: Serbuk Injeksi | H332: Obat Keras | I332: =_xlfn.TEXTJOIN("/",,"https://dto.kemkes.go.id/kfacode",A332) -> https://dto.kemkes.go.id/kfacode/93000181 | J332: insert into mkatalog_kfa93 (kode, uraian, kode_92, uraian_92, nama_dagang, satuan_kecil, sediaan, golongan, url, userid_updt, sysdate_updt) values | K332: =CONCATENATE(J332,"('",A332,"','",B332,"','",C332,"','",D332,"','",E332,"','",F332,"','",G332,"','",H332,"','",I332,"',0,'2023-05-01');") -> insert into mkatalog_kfa93 (kode, uraian, kode_92, uraian_92, nama_dagang, satuan_kecil, sediaan, golongan, url, userid_updt, sysdate_updt) values ('93000181','Deferoxamine Mesilate 500 mg Serbuk Injeksi (DESFERAL)','92000178','Deferoxamine Mesilate 500 mg Serbuk Injeksi','DESFERAL','Vial','Serbuk Injeksi','Obat Keras','https://dto.kemkes.go.id/kfacode/93000181',0,'2023-05-01');
A333: 93001647 | B333: Delamanid 50 mg Tablet Salut Selaput (DELTYBA) | C333: 92000942 | D333: Delamanid 50 mg Tablet Salut Selaput | E333: DELTYBA | F333: Tablet | G333: Tablet Salut Selaput | H333: Obat Keras | I333: =_xlfn.TEXTJOIN("/",,"https://dto.kemkes.go.id/kfacode",A333) -> https://dto.kemkes.go.id/kfacode/93001647 | J333: insert into mkatalog_kfa93 (kode, uraian, kode_92, uraian_92, nama_dagang, satuan_kecil, sediaan, golongan, url, userid_updt, sysdate_updt) values | K333: =CONCATENATE(J333,"('",A333,"','",B333,"','",C333,"','",D333,"','",E333,"','",F333,"','",G333,"','",H333,"','",I333,"',0,'2023-05-01');") -> insert into mkatalog_kfa93 (kode, uraian, kode_92, uraian_92, nama_dagang, satuan_kecil, sediaan, golongan, url, userid_updt, sysdate_updt) values ('93001647','Delamanid 50 mg Tablet Salut Selaput (DELTYBA)','92000942','Delamanid 50 mg Tablet Salut Selaput','DELTYBA','Tablet','Tablet Salut Selaput','Obat Keras','https://dto.kemkes.go.id/kfacode/93001647',0,'2023-05-01');
A334: 93000217 | B334: Desflurane (DESPRANE) | C334: 92000195 | D334: Desflurane | E334: DESPRANE | F334: Botol | G334: Larutan Inhalasi | H334: Obat Keras | I334: =_xlfn.TEXTJOIN("/",,"https://dto.kemkes.go.id/kfacode",A334) -> https://dto.kemkes.go.id/kfacode/93000217 | J334: insert into mkatalog_kfa93 (kode, uraian, kode_92, uraian_92, nama_dagang, satuan_kecil, sediaan, golongan, url, userid_updt, sysdate_updt) values | K334: =CONCATENATE(J334,"('",A334,"','",B334,"','",C334,"','",D334,"','",E334,"','",F334,"','",G334,"','",H334,"','",I334,"',0,'2023-05-01');") -> insert into mkatalog_kfa93 (kode, uraian, kode_92, uraian_92, nama_dagang, satuan_kecil, sediaan, golongan, url, userid_updt, sysdate_updt) values ('93000217','Desflurane (DESPRANE)','92000195','Desflurane','DESPRANE','Botol','Larutan Inhalasi','Obat Keras','https://dto.kemkes.go.id/kfacode/93000217',0,'2023-05-01');
A335: 93000192 | B335: Desflurane (SUPRANE) | C335: 92000195 | D335: Desflurane | E335: SUPRANE | F335: Botol | G335: Larutan Inhalasi | H335: Obat Keras | I335: =_xlfn.TEXTJOIN("/",,"https://dto.kemkes.go.id/kfacode",A335) -> https://dto.kemkes.go.id/kfacode/93000192 | J335: insert into mkatalog_kfa93 (kode, uraian, kode_92, uraian_92, nama_dagang, satuan_kecil, sediaan, golongan, url, userid_updt, sysdate_updt) values | K335: =CONCATENATE(J335,"('",A335,"','",B335,"','",C335,"','",D335,"','",E335,"','",F335,"','",G335,"','",H335,"','",I335,"',0,'2023-05-01');") -> insert into mkatalog_kfa93 (kode, uraian, kode_92, uraian_92, nama_dagang, satuan_kecil, sediaan, golongan, url, userid_updt, sysdate_updt) values ('93000192','Desflurane (SUPRANE)','92000195','Desflurane','SUPRANE','Botol','Larutan Inhalasi','Obat Keras','https://dto.kemkes.go.id/kfacode/93000192',0,'2023-05-01');
A336: 93001171 | B336: Desmopressin 0,1 mg Tablet (MINIRIN) | C336: 92000520 | D336: Desmopressin 0,1 mg Tablet | E336: MINIRIN | F336: Tablet | G336: Tablet | H336: Obat Keras | I336: =_xlfn.TEXTJOIN("/",,"https://dto.kemkes.go.id/kfacode",A336) -> https://dto.kemkes.go.id/kfacode/93001171 | J336: insert into mkatalog_kfa93 (kode, uraian, kode_92, uraian_92, nama_dagang, satuan_kecil, sediaan, golongan, url, userid_updt, sysdate_updt) values | K336: =CONCATENATE(J336,"('",A336,"','",B336,"','",C336,"','",D336,"','",E336,"','",F336,"','",G336,"','",H336,"','",I336,"',0,'2023-05-01');") -> insert into mkatalog_kfa93 (kode, uraian, kode_92, uraian_92, nama_dagang, satuan_kecil, sediaan, golongan, url, userid_updt, sysdate_updt) values ('93001171','Desmopressin 0,1 mg Tablet (MINIRIN)','92000520','Desmopressin 0,1 mg Tablet','MINIRIN','Tablet','Tablet','Obat Keras','https://dto.kemkes.go.id/kfacode/93001171',0,'2023-05-01');
A337: 93001024 | B337: Desmopressin 0.2 mg Tablet (MINIRIN) | C337: 92000343 | D337: Desmopressin 0.2 mg Tablet | E337: MINIRIN | F337: Tablet | G337: Tablet | H337: Obat Keras | I337: =_xlfn.TEXTJOIN("/",,"https://dto.kemkes.go.id/kfacode",A337) -> https://dto.kemkes.go.id/kfacode/93001024 | J337: insert into mkatalog_kfa93 (kode, uraian, kode_92, uraian_92, nama_dagang, satuan_kecil, sediaan, golongan, url, userid_updt, sysdate_updt) values | K337: =CONCATENATE(J337,"('",A337,"','",B337,"','",C337,"','",D337,"','",E337,"','",F337,"','",G337,"','",H337,"','",I337,"',0,'2023-05-01');") -> insert into mkatalog_kfa93 (kode, uraian, kode_92, uraian_92, nama_dagang, satuan_kecil, sediaan, golongan, url, userid_updt, sysdate_updt) values ('93001024','Desmopressin 0.2 mg Tablet (MINIRIN)','92000343','Desmopressin 0.2 mg Tablet','MINIRIN','Tablet','Tablet','Obat Keras','https://dto.kemkes.go.id/kfacode/93001024',0,'2023-05-01');
A338: 93000880 | B338: Desogestrel 0,075 mg Tablet (DESIRETT) | C338: 92000620 | D338: Desogestrel 0,075 mg Tablet | E338: DESIRETT | F338: Tablet | G338: Tablet | H338: Obat Keras | I338: =_xlfn.TEXTJOIN("/",,"https://dto.kemkes.go.id/kfacode",A338) -> https://dto.kemkes.go.id/kfacode/93000880 | J338: insert into mkatalog_kfa93 (kode, uraian, kode_92, uraian_92, nama_dagang, satuan_kecil, sediaan, golongan, url, userid_updt, sysdate_updt) values | K338: =CONCATENATE(J338,"('",A338,"','",B338,"','",C338,"','",D338,"','",E338,"','",F338,"','",G338,"','",H338,"','",I338,"',0,'2023-05-01');") -> insert into mkatalog_kfa93 (kode, uraian, kode_92, uraian_92, nama_dagang, satuan_kecil, sediaan, golongan, url, userid_updt, sysdate_updt) values ('93000880','Desogestrel 0,075 mg Tablet (DESIRETT)','92000620','Desogestrel 0,075 mg Tablet','DESIRETT','Tablet','Tablet','Obat Keras','https://dto.kemkes.go.id/kfacode/93000880',0,'2023-05-01');
... A417: 93000766 | B417: Doksisilin 100 mg Tablet (KIMIA FARMA Tbk. - Indonesia - -) | C417: 92000584 | D417: Doksisilin 100 mg Tablet | E417: DOXYCYCLINE HYCLATE | F417: Tablet | G417: Tablet | H417: Obat Keras | I417: =_xlfn.TEXTJOIN("/",,"https://dto.kemkes.go.id/kfacode",A417) -> https://dto.kemkes.go.id/kfacode/93000766 | J417: insert into mkatalog_kfa93 (kode, uraian, kode_92, uraian_92, nama_dagang, satuan_kecil, sediaan, golongan, url, userid_updt, sysdate_updt) values | K417: =CONCATENATE(J417,"('",A417,"','",B417,"','",C417,"','",D417,"','",E417,"','",F417,"','",G417,"','",H417,"','",I417,"',0,'2023-05-01');") -> insert into mkatalog_kfa93 (kode, uraian, kode_92, uraian_92, nama_dagang, satuan_kecil, sediaan, golongan, url, userid_updt, sysdate_updt) values ('93000766','Doksisilin 100 mg Tablet (KIMIA FARMA Tbk. - Indonesia - -)','92000584','Doksisilin 100 mg Tablet','DOXYCYCLINE HYCLATE','Tablet','Tablet','Obat Keras','https://dto.kemkes.go.id/kfacode/93000766',0,'2023-05-01');
A418: 93001486 | B418: Doksisilin 100 mg Tablet (KIMIA FARMA, Jakarta - Indonesia - -) | C418: 92000584 | D418: Doksisilin 100 mg Tablet | F418: Tablet | G418: Tablet | H418: Obat Keras | I418: =_xlfn.TEXTJOIN("/",,"https://dto.kemkes.go.id/kfacode",A418) -> https://dto.kemkes.go.id/kfacode/93001486 | J418: insert into mkatalog_kfa93 (kode, uraian, kode_92, uraian_92, nama_dagang, satuan_kecil, sediaan, golongan, url, userid_updt, sysdate_updt) values | K418: =CONCATENATE(J418,"('",A418,"','",B418,"','",C418,"','",D418,"','",E418,"','",F418,"','",G418,"','",H418,"','",I418,"',0,'2023-05-01');") -> insert into mkatalog_kfa93 (kode, uraian, kode_92, uraian_92, nama_dagang, satuan_kecil, sediaan, golongan, url, userid_updt, sysdate_updt) values ('93001486','Doksisilin 100 mg Tablet (KIMIA FARMA, Jakarta - Indonesia - -)','92000584','Doksisilin 100 mg Tablet','','Tablet','Tablet','Obat Keras','https://dto.kemkes.go.id/kfacode/93001486',0,'2023-05-01');
A419: 93000767 | B419: Doksisilin 100 mg Tablet (PYRIDAM FARMA TBK - Indonesia - -) | C419: 92000584 | D419: Doksisilin 100 mg Tablet | E419: DOXYCYCLINE HYCLATE | F419: Tablet | G419: Tablet | H419: Obat Keras | I419: =_xlfn.TEXTJOIN("/",,"https://dto.kemkes.go.id/kfacode",A419) -> https://dto.kemkes.go.id/kfacode/93000767 | J419: insert into mkatalog_kfa93 (kode, uraian, kode_92, uraian_92, nama_dagang, satuan_kecil, sediaan, golongan, url, userid_updt, sysdate_updt) values | K419: =CONCATENATE(J419,"('",A419,"','",B419,"','",C419,"','",D419,"','",E419,"','",F419,"','",G419,"','",H419,"','",I419,"',0,'2023-05-01');") -> insert into mkatalog_kfa93 (kode, uraian, kode_92, uraian_92, nama_dagang, satuan_kecil, sediaan, golongan, url, userid_updt, sysdate_updt) values ('93000767','Doksisilin 100 mg Tablet (PYRIDAM FARMA TBK - Indonesia - -)','92000584','Doksisilin 100 mg Tablet','DOXYCYCLINE HYCLATE','Tablet','Tablet','Obat Keras','https://dto.kemkes.go.id/kfacode/93000767',0,'2023-05-01');
A420: 93000770 | B420: Doksisilin 100 mg Tablet (SANBE FARMA - Indonesia - -) | C420: 92000584 | D420: Doksisilin 100 mg Tablet | E420: DOXYCYCLINE HYCLATE | F420: Tablet | G420: Tablet | H420: Obat Keras | I420: =_xlfn.TEXTJOIN("/",,"https://dto.kemkes.go.id/kfacode",A420) -> https://dto.kemkes.go.id/kfacode/93000770 | J420: insert into mkatalog_kfa93 (kode, uraian, kode_92, uraian_92, nama_dagang, satuan_kecil, sediaan, golongan, url, userid_updt, sysdate_updt) values | K420: =CONCATENATE(J420,"('",A420,"','",B420,"','",C420,"','",D420,"','",E420,"','",F420,"','",G420,"','",H420,"','",I420,"',0,'2023-05-01');") -> insert into mkatalog_kfa93 (kode, uraian, kode_92, uraian_92, nama_dagang, satuan_kecil, sediaan, golongan, url, userid_updt, sysdate_updt) values ('93000770','Doksisilin 100 mg Tablet (SANBE FARMA - Indonesia - -)','92000584','Doksisilin 100 mg Tablet','DOXYCYCLINE HYCLATE','Tablet','Tablet','Obat Keras','https://dto.kemkes.go.id/kfacode/93000770',0,'2023-05-01');
A421: 93000769 | B421: Doksisilin 100 mg Tablet (YARINDO FARMATAMA - Indonesia - -) | C421: 92000584 | D421: Doksisilin 100 mg Tablet | E421: DOXYCYCLINE | F421: Tablet | G421: Tablet | H421: Obat Keras | I421: =_xlfn.TEXTJOIN("/",,"https://dto.kemkes.go.id/kfacode",A421) -> https://dto.kemkes.go.id/kfacode/93000769 | J421: insert into mkatalog_kfa93 (kode, uraian, kode_92, uraian_92, nama_dagang, satuan_kecil, sediaan, golongan, url, userid_updt, sysdate_updt) values | K421: =CONCATENATE(J421,"('",A421,"','",B421,"','",C421,"','",D421,"','",E421,"','",F421,"','",G421,"','",H421,"','",I421,"',0,'2023-05-01');") -> insert into mkatalog_kfa93 (kode, uraian, kode_92, uraian_92, nama_dagang, satuan_kecil, sediaan, golongan, url, userid_updt, sysdate_updt) values ('93000769','Doksisilin 100 mg Tablet (YARINDO FARMATAMA - Indonesia - -)','92000584','Doksisilin 100 mg Tablet','DOXYCYCLINE','Tablet','Tablet','Obat Keras','https://dto.kemkes.go.id/kfacode/93000769',0,'2023-05-01');
A422: 93001553 | B422: Dolutegravir 50 mg Tablet Salut Selaput (DINISVIR) | C422: 92000892 | D422: Dolutegravir 50 mg Tablet Salut Selaput | E422: DINISVIR 50 | F422: Tablet | G422: Tablet Salut Selaput | H422: Obat Keras | I422: =_xlfn.TEXTJOIN("/",,"https://dto.kemkes.go.id/kfacode",A422) -> https://dto.kemkes.go.id/kfacode/93001553 | J422: insert into mkatalog_kfa93 (kode, uraian, kode_92, uraian_92, nama_dagang, satuan_kecil, sediaan, golongan, url, userid_updt, sysdate_updt) values | K422: =CONCATENATE(J422,"('",A422,"','",B422,"','",C422,"','",D422,"','",E422,"','",F422,"','",G422,"','",H422,"','",I422,"',0,'2023-05-01');") -> insert into mkatalog_kfa93 (kode, uraian, kode_92, uraian_92, nama_dagang, satuan_kecil, sediaan, golongan, url, userid_updt, sysdate_updt) values ('93001553','Dolutegravir 50 mg Tablet Salut Selaput (DINISVIR)','92000892','Dolutegravir 50 mg Tablet Salut Selaput','DINISVIR 50','Tablet','Tablet Salut Selaput','Obat Keras','https://dto.kemkes.go.id/kfacode/93001553',0,'2023-05-01');
A423: 93001552 | B423: Dolutegravir 50 mg Tablet Salut Selaput (MYLTEGA) | C423: 92000892 | D423: Dolutegravir 50 mg Tablet Salut Selaput | E423: MYLTEGA | F423: Tablet | G423: Tablet Salut Selaput | H423: Obat Keras | I423: =_xlfn.TEXTJOIN("/",,"https://dto.kemkes.go.id/kfacode",A423) -> https://dto.kemkes.go.id/kfacode/93001552 | J423: insert into mkatalog_kfa93 (kode, uraian, kode_92, uraian_92, nama_dagang, satuan_kecil, sediaan, golongan, url, userid_updt, sysdate_updt) values | K423: =CONCATENATE(J423,"('",A423,"','",B423,"','",C423,"','",D423,"','",E423,"','",F423,"','",G423,"','",H423,"','",I423,"',0,'2023-05-01');") -> insert into mkatalog_kfa93 (kode, uraian, kode_92, uraian_92, nama_dagang, satuan_kecil, sediaan, golongan, url, userid_updt, sysdate_updt) values ('93001552','Dolutegravir 50 mg Tablet Salut Selaput (MYLTEGA)','92000892','Dolutegravir 50 mg Tablet Salut Selaput','MYLTEGA','Tablet','Tablet Salut Selaput','Obat Keras','https://dto.kemkes.go.id/kfacode/93001552',0,'2023-05-01');
A424: 93000287 | B424: Domperidone 10 mg Kaplet / Tablet (HEXPHARM JAYA LABORATORIES) | C424: 92000139 | D424: Domperidone 10 mg Kaplet / Tablet | E424: DOMPERIDONE | F424: Kaplet | G424: Kaplet | H424: Obat Keras | I424: =_xlfn.TEXTJOIN("/",,"https://dto.kemkes.go.id/kfacode",A424) -> https://dto.kemkes.go.id/kfacode/93000287 | J424: insert into mkatalog_kfa93 (kode, uraian, kode_92, uraian_92, nama_dagang, satuan_kecil, sediaan, golongan, url, userid_updt, sysdate_updt) values | K424: =CONCATENATE(J424,"('",A424,"','",B424,"','",C424,"','",D424,"','",E424,"','",F424,"','",G424,"','",H424,"','",I424,"',0,'2023-05-01');") -> insert into mkatalog_kfa93 (kode, uraian, kode_92, uraian_92, nama_dagang, satuan_kecil, sediaan, golongan, url, userid_updt, sysdate_updt) values ('93000287','Domperidone 10 mg Kaplet / Tablet (HEXPHARM JAYA LABORATORIES)','92000139','Domperidone 10 mg Kaplet / Tablet','DOMPERIDONE','Kaplet','Kaplet','Obat Keras','https://dto.kemkes.go.id/kfacode/93000287',0,'2023-05-01');
A425: 93000259 | B425: Domperidone 10 mg Kaplet / Tablet (HUFADON) | C425: 92000139 | D425: Domperidone 10 mg Kaplet / Tablet | E425: HUFADON | F425: Kaplet | G425: Kaplet | H425: Obat Keras | I425: =_xlfn.TEXTJOIN("/",,"https://dto.kemkes.go.id/kfacode",A425) -> https://dto.kemkes.go.id/kfacode/93000259 | J425: insert into mkatalog_kfa93 (kode, uraian, kode_92, uraian_92, nama_dagang, satuan_kecil, sediaan, golongan, url, userid_updt, sysdate_updt) values | K425: =CONCATENATE(J425,"('",A425,"','",B425,"','",C425,"','",D425,"','",E425,"','",F425,"','",G425,"','",H425,"','",I425,"',0,'2023-05-01');") -> insert into mkatalog_kfa93 (kode, uraian, kode_92, uraian_92, nama_dagang, satuan_kecil, sediaan, golongan, url, userid_updt, sysdate_updt) values ('93000259','Domperidone 10 mg Kaplet / Tablet (HUFADON)','92000139','Domperidone 10 mg Kaplet / Tablet','HUFADON','Kaplet','Kaplet','Obat Keras','https://dto.kemkes.go.id/kfacode/93000259',0,'2023-05-01');
A426: 93000260 | B426: Domperidone 10 mg Tablet Cepat Larut (VOMETA FT) | C426: 92000143 | D426: Domperidone 10 mg Tablet Cepat Larut | E426: VOMETA FT | F426: Tablet | G426: Tablet Cepat Larut | H426: Obat Keras | I426: =_xlfn.TEXTJOIN("/",,"https://dto.kemkes.go.id/kfacode",A426) -> https://dto.kemkes.go.id/kfacode/93000260 | J426: insert into mkatalog_kfa93 (kode, uraian, kode_92, uraian_92, nama_dagang, satuan_kecil, sediaan, golongan, url, userid_updt, sysdate_updt) values | K426: =CONCATENATE(J426,"('",A426,"','",B426,"','",C426,"','",D426,"','",E426,"','",F426,"','",G426,"','",H426,"','",I426,"',0,'2023-05-01');") -> insert into mkatalog_kfa93 (kode, uraian, kode_92, uraian_92, nama_dagang, satuan_kecil, sediaan, golongan, url, userid_updt, sysdate_updt) values ('93000260','Domperidone 10 mg Tablet Cepat Larut (VOMETA FT)','92000143','Domperidone 10 mg Tablet Cepat Larut','VOMETA FT','Tablet','Tablet Cepat Larut','Obat Keras','https://dto.kemkes.go.id/kfacode/93000260',0,'2023-05-01');
A427: 93000261 | B427: Domperidone 10 mg Tablet Salut Selaput (MOTILIUM) | C427: 92000138 | D427: Domperidone 10 mg Tablet Salut Selaput | E427: MOTILIUM | F427: Tablet | G427: Tablet Salut Selaput | H427: Obat Keras | I427: =_xlfn.TEXTJOIN("/",,"https://dto.kemkes.go.id/kfacode",A427) -> https://dto.kemkes.go.id/kfacode/93000261 | J427: insert into mkatalog_kfa93 (kode, uraian, kode_92, uraian_92, nama_dagang, satuan_kecil, sediaan, golongan, url, userid_updt, sysdate_updt) values | K427: =CONCATENATE(J427,"('",A427,"','",B427,"','",C427,"','",D427,"','",E427,"','",F427,"','",G427,"','",H427,"','",I427,"',0,'2023-05-01');") -> insert into mkatalog_kfa93 (kode, uraian, kode_92, uraian_92, nama_dagang, satuan_kecil, sediaan, golongan, url, userid_updt, sysdate_updt) values ('93000261','Domperidone 10 mg Tablet Salut Selaput (MOTILIUM)','92000138','Domperidone 10 mg Tablet Salut Selaput','MOTILIUM','Tablet','Tablet Salut Selaput','Obat Keras','https://dto.kemkes.go.id/kfacode/93000261',0,'2023-05-01');
A428: 93001223 | B428: Domperidone Maleat 5 mg / 5 mL Suspensi (AFI FARMA) | C428: 92000695 | D428: Domperidone Maleat 5 mg / 5 mL Suspensi | E428: DOMPERIDONE | F428: Botol Plastik | G428: Suspensi | H428: Obat Keras | I428: =_xlfn.TEXTJOIN("/",,"https://dto.kemkes.go.id/kfacode",A428) -> https://dto.kemkes.go.id/kfacode/93001223 | J428: insert into mkatalog_kfa93 (kode, uraian, kode_92, uraian_92, nama_dagang, satuan_kecil, sediaan, golongan, url, userid_updt, sysdate_updt) values | K428: =CONCATENATE(J428,"('",A428,"','",B428,"','",C428,"','",D428,"','",E428,"','",F428,"','",G428,"','",H428,"','",I428,"',0,'2023-05-01');") -> insert into mkatalog_kfa93 (kode, uraian, kode_92, uraian_92, nama_dagang, satuan_kecil, sediaan, golongan, url, userid_updt, sysdate_updt) values ('93001223','Domperidone Maleat 5 mg / 5 mL Suspensi (AFI FARMA)','92000695','Domperidone Maleat 5 mg / 5 mL Suspensi','DOMPERIDONE','Botol Plastik','Suspensi','Obat Keras','https://dto.kemkes.go.id/kfacode/93001223',0,'2023-05-01');
A429: 93001142 | B429: Domperidone Maleat 5 mg / mL Drops (AFIFARMA, 10 mL) | C429: 92000137 | D429: Domperidone Maleat 5 mg / mL Drops | E429: DOMPERIDONE. | F429: Botol | G429: Tetes Oral (Oral Drops) | H429: Obat Keras | I429: =_xlfn.TEXTJOIN("/",,"https://dto.kemkes.go.id/kfacode",A429) -> https://dto.kemkes.go.id/kfacode/93001142 | J429: insert into mkatalog_kfa93 (kode, uraian, kode_92, uraian_92, nama_dagang, satuan_kecil, sediaan, golongan, url, userid_updt, sysdate_updt) values | K429: =CONCATENATE(J429,"('",A429,"','",B429,"','",C429,"','",D429,"','",E429,"','",F429,"','",G429,"','",H429,"','",I429,"',0,'2023-05-01');") -> insert into mkatalog_kfa93 (kode, uraian, kode_92, uraian_92, nama_dagang, satuan_kecil, sediaan, golongan, url, userid_updt, sysdate_updt) values ('93001142','Domperidone Maleat 5 mg / mL Drops (AFIFARMA, 10 mL)','92000137','Domperidone Maleat 5 mg / mL Drops','DOMPERIDONE.','Botol','Tetes Oral (Oral Drops)','Obat Keras','https://dto.kemkes.go.id/kfacode/93001142',0,'2023-05-01');
A430: 93000262 | B430: Domperidone Maleat 5 mg / mL Drops (BERNOFARM, 10 mL) | C430: 92000137 | D430: Domperidone Maleat 5 mg / mL Drops | E430: DOMPERIDONE | F430: Botol | G430: Tetes Oral (Oral Drops) | H430: Obat Keras | I430: =_xlfn.TEXTJOIN("/",,"https://dto.kemkes.go.id/kfacode",A430) -> https://dto.kemkes.go.id/kfacode/93000262 | J430: insert into mkatalog_kfa93 (kode, uraian, kode_92, uraian_92, nama_dagang, satuan_kecil, sediaan, golongan, url, userid_updt, sysdate_updt) values | K430: =CONCATENATE(J430,"('",A430,"','",B430,"','",C430,"','",D430,"','",E430,"','",F430,"','",G430,"','",H430,"','",I430,"',0,'2023-05-01');") -> insert into mkatalog_kfa93 (kode, uraian, kode_92, uraian_92, nama_dagang, satuan_kecil, sediaan, golongan, url, userid_updt, sysdate_updt) values ('93000262','Domperidone Maleat 5 mg / mL Drops (BERNOFARM, 10 mL)','92000137','Domperidone Maleat 5 mg / mL Drops','DOMPERIDONE','Botol','Tetes Oral (Oral Drops)','Obat Keras','https://dto.kemkes.go.id/kfacode/93000262',0,'2023-05-01');
A431: 93001487 | B431: Domperidone Maleat 5 mg / mL Drops (BERNOFARM, 12 mL) | C431: 92000137 | D431: Domperidone Maleat 5 mg / mL Drops | F431: Botol | G431: Tetes Oral (Oral Drops) | H431: Obat Keras | I431: =_xlfn.TEXTJOIN("/",,"https://dto.kemkes.go.id/kfacode",A431) -> https://dto.kemkes.go.id/kfacode/93001487 | J431: insert into mkatalog_kfa93 (kode, uraian, kode_92, uraian_92, nama_dagang, satuan_kecil, sediaan, golongan, url, userid_updt, sysdate_updt) values | K431: =CONCATENATE(J431,"('",A431,"','",B431,"','",C431,"','",D431,"','",E431,"','",F431,"','",G431,"','",H431,"','",I431,"',0,'2023-05-01');") -> insert into mkatalog_kfa93 (kode, uraian, kode_92, uraian_92, nama_dagang, satuan_kecil, sediaan, golongan, url, userid_updt, sysdate_updt) values ('93001487','Domperidone Maleat 5 mg / mL Drops (BERNOFARM, 12 mL)','92000137','Domperidone Maleat 5 mg / mL Drops','','Botol','Tetes Oral (Oral Drops)','Obat Keras','https://dto.kemkes.go.id/kfacode/93001487',0,'2023-05-01');
A432: 93001141 | B432: Domperidone Maleate 10 mg Tablet (SAMPHARINDO PERDANA) | C432: 92000141 | D432: Domperidone Maleate 10 mg Tablet | E432: DOMPERIDONE MALEATE | F432: Tablet | G432: Tablet | H432: Obat Keras | I432: =_xlfn.TEXTJOIN("/",,"https://dto.kemkes.go.id/kfacode",A432) -> https://dto.kemkes.go.id/kfacode/93001141 | J432: insert into mkatalog_kfa93 (kode, uraian, kode_92, uraian_92, nama_dagang, satuan_kecil, sediaan, golongan, url, userid_updt, sysdate_updt) values | K432: =CONCATENATE(J432,"('",A432,"','",B432,"','",C432,"','",D432,"','",E432,"','",F432,"','",G432,"','",H432,"','",I432,"',0,'2023-05-01');") -> insert into mkatalog_kfa93 (kode, uraian, kode_92, uraian_92, nama_dagang, satuan_kecil, sediaan, golongan, url, userid_updt, sysdate_updt) values ('93001141','Domperidone Maleate 10 mg Tablet (SAMPHARINDO PERDANA)','92000141','Domperidone Maleate 10 mg Tablet','DOMPERIDONE MALEATE','Tablet','Tablet','Obat Keras','https://dto.kemkes.go.id/kfacode/93001141',0,'2023-05-01');
A433: 93000263 | B433: Domperidone Maleate 10 mg Tablet Salut Selaput (BERNOFARM) | C433: 92000140 | D433: Domperidone Maleate 10 mg Tablet Salut Selaput | E433: DOM | F433: Tablet | G433: Tablet Salut Selaput | H433: Obat Keras | I433: =_xlfn.TEXTJOIN("/",,"https://dto.kemkes.go.id/kfacode",A433) -> https://dto.kemkes.go.id/kfacode/93000263 | J433: insert into mkatalog_kfa93 (kode, uraian, kode_92, uraian_92, nama_dagang, satuan_kecil, sediaan, golongan, url, userid_updt, sysdate_updt) values | K433: =CONCATENATE(J433,"('",A433,"','",B433,"','",C433,"','",D433,"','",E433,"','",F433,"','",G433,"','",H433,"','",I433,"',0,'2023-05-01');") -> insert into mkatalog_kfa93 (kode, uraian, kode_92, uraian_92, nama_dagang, satuan_kecil, sediaan, golongan, url, userid_updt, sysdate_updt) values ('93000263','Domperidone Maleate 10 mg Tablet Salut Selaput (BERNOFARM)','92000140','Domperidone Maleate 10 mg Tablet Salut Selaput','DOM','Tablet','Tablet Salut Selaput','Obat Keras','https://dto.kemkes.go.id/kfacode/93000263',0,'2023-05-01');
A434: 93001109 | B434: Donepezil Hydrochloride 10 mg Tablet Dispersible (ARICEPT EVESS) | C434: 92000118 | D434: Donepezil Hydrochloride 10 mg Tablet Dispersible | E434: ARICEPT EVESS | F434: Tablet | G434: Tablet Dispersibel | H434: Obat Keras | I434: =_xlfn.TEXTJOIN("/",,"https://dto.kemkes.go.id/kfacode",A434) -> https://dto.kemkes.go.id/kfacode/93001109 | J434: insert into mkatalog_kfa93 (kode, uraian, kode_92, uraian_92, nama_dagang, satuan_kecil, sediaan, golongan, url, userid_updt, sysdate_updt) values | K434: =CONCATENATE(J434,"('",A434,"','",B434,"','",C434,"','",D434,"','",E434,"','",F434,"','",G434,"','",H434,"','",I434,"',0,'2023-05-01');") -> insert into mkatalog_kfa93 (kode, uraian, kode_92, uraian_92, nama_dagang, satuan_kecil, sediaan, golongan, url, userid_updt, sysdate_updt) values ('93001109','Donepezil Hydrochloride 10 mg Tablet Dispersible (ARICEPT EVESS)','92000118','Donepezil Hydrochloride 10 mg Tablet Dispersible','ARICEPT EVESS','Tablet','Tablet Dispersibel','Obat Keras','https://dto.kemkes.go.id/kfacode/93001109',0,'2023-05-01');
A435: 93000327 | B435: Donepezil Hydrochloride 5 mg Tablet Salut Selaput (ETERCON PHARMA) | C435: 92000255 | D435: Donepezil Hydrochloride 5 mg Tablet Salut Selaput | E435: DONEPEZIL HCL | F435: Tablet | G435: Tablet Salut Selaput | H435: Obat Keras | I435: =_xlfn.TEXTJOIN("/",,"https://dto.kemkes.go.id/kfacode",A435) -> https://dto.kemkes.go.id/kfacode/93000327 | J435: insert into mkatalog_kfa93 (kode, uraian, kode_92, uraian_92, nama_dagang, satuan_kecil, sediaan, golongan, url, userid_updt, sysdate_updt) values | K435: =CONCATENATE(J435,"('",A435,"','",B435,"','",C435,"','",D435,"','",E435,"','",F435,"','",G435,"','",H435,"','",I435,"',0,'2023-05-01');") -> insert into mkatalog_kfa93 (kode, uraian, kode_92, uraian_92, nama_dagang, satuan_kecil, sediaan, golongan, url, userid_updt, sysdate_updt) values ('93000327','Donepezil Hydrochloride 5 mg Tablet Salut Selaput (ETERCON PHARMA)','92000255','Donepezil Hydrochloride 5 mg Tablet Salut Selaput','DONEPEZIL HCL','Tablet','Tablet Salut Selaput','Obat Keras','https://dto.kemkes.go.id/kfacode/93000327',0,'2023-05-01');
A436: 93000611 | B436: Dopamine 40 mg/ml Cairan Injeksi (DEXA MEDICA) | C436: 92000471 | D436: Dopamine 40 mg/ml Cairan Injeksi | E436: DOPAMINE HYDROCHLORIDE | F436: Ampul | G436: Larutan Injeksi | H436: Obat Keras | I436: =_xlfn.TEXTJOIN("/",,"https://dto.kemkes.go.id/kfacode",A436) -> https://dto.kemkes.go.id/kfacode/93000611 | J436: insert into mkatalog_kfa93 (kode, uraian, kode_92, uraian_92, nama_dagang, satuan_kecil, sediaan, golongan, url, userid_updt, sysdate_updt) values | K436: =CONCATENATE(J436,"('",A436,"','",B436,"','",C436,"','",D436,"','",E436,"','",F436,"','",G436,"','",H436,"','",I436,"',0,'2023-05-01');") -> insert into mkatalog_kfa93 (kode, uraian, kode_92, uraian_92, nama_dagang, satuan_kecil, sediaan, golongan, url, userid_updt, sysdate_updt) values ('93000611','Dopamine 40 mg/ml Cairan Injeksi (DEXA MEDICA)','92000471','Dopamine 40 mg/ml Cairan Injeksi','DOPAMINE HYDROCHLORIDE','Ampul','Larutan Injeksi','Obat Keras','https://dto.kemkes.go.id/kfacode/93000611',0,'2023-05-01');
A437: 93000700 | B437: Doxorubicin Hydrochloride 10 mg / 5 mL Cairan Injeksi (GLOBAL ONKOLAB FARMA, 25 mL) | C437: 92000154 | D437: Doxorubicin Hydrochloride 10 mg / 5 mL Cairan Injeksi | E437: DOXORUBICIN HCL | F437: Vial | G437: Larutan Injeksi | H437: Obat Keras | I437: =_xlfn.TEXTJOIN("/",,"https://dto.kemkes.go.id/kfacode",A437) -> https://dto.kemkes.go.id/kfacode/93000700 | J437: insert into mkatalog_kfa93 (kode, uraian, kode_92, uraian_92, nama_dagang, satuan_kecil, sediaan, golongan, url, userid_updt, sysdate_updt) values | K437: =CONCATENATE(J437,"('",A437,"','",B437,"','",C437,"','",D437,"','",E437,"','",F437,"','",G437,"','",H437,"','",I437,"',0,'2023-05-01');") -> insert into mkatalog_kfa93 (kode, uraian, kode_92, uraian_92, nama_dagang, satuan_kecil, sediaan, golongan, url, userid_updt, sysdate_updt) values ('93000700','Doxorubicin Hydrochloride 10 mg / 5 mL Cairan Injeksi (GLOBAL ONKOLAB FARMA, 25 mL)','92000154','Doxorubicin Hydrochloride 10 mg / 5 mL Cairan Injeksi','DOXORUBICIN HCL','Vial','Larutan Injeksi','Obat Keras','https://dto.kemkes.go.id/kfacode/93000700',0,'2023-05-01');
A438: 93000701 | B438: Doxorubicin Hydrochloride 10 mg / 5 mL Cairan Injeksi (GLOBAL ONKOLAB FARMA, 5 mL) | C438: 92000154 | D438: Doxorubicin Hydrochloride 10 mg / 5 mL Cairan Injeksi | E438: DOXORUBICIN HCL | F438: Vial | G438: Larutan Injeksi | H438: Obat Keras | I438: =_xlfn.TEXTJOIN("/",,"https://dto.kemkes.go.id/kfacode",A438) -> https://dto.kemkes.go.id/kfacode/93000701 | J438: insert into mkatalog_kfa93 (kode, uraian, kode_92, uraian_92, nama_dagang, satuan_kecil, sediaan, golongan, url, userid_updt, sysdate_updt) values | K438: =CONCATENATE(J438,"('",A438,"','",B438,"','",C438,"','",D438,"','",E438,"','",F438,"','",G438,"','",H438,"','",I438,"',0,'2023-05-01');") -> insert into mkatalog_kfa93 (kode, uraian, kode_92, uraian_92, nama_dagang, satuan_kecil, sediaan, golongan, url, userid_updt, sysdate_updt) values ('93000701','Doxorubicin Hydrochloride 10 mg / 5 mL Cairan Injeksi (GLOBAL ONKOLAB FARMA, 5 mL)','92000154','Doxorubicin Hydrochloride 10 mg / 5 mL Cairan Injeksi','DOXORUBICIN HCL','Vial','Larutan Injeksi','Obat Keras','https://dto.kemkes.go.id/kfacode/93000701',0,'2023-05-01');
A439: 93000721 | B439: Doxorubicin Hydrochloride 10 mg / 5 mL Cairan Injeksi (NAPRODOX, 25 mL) | C439: 92000154 | D439: Doxorubicin Hydrochloride 10 mg / 5 mL Cairan Injeksi | E439: NAPRODOX 50 | F439: Vial | G439: Larutan Injeksi | H439: Obat Keras | I439: =_xlfn.TEXTJOIN("/",,"https://dto.kemkes.go.id/kfacode",A439) -> https://dto.kemkes.go.id/kfacode/93000721 | J439: insert into mkatalog_kfa93 (kode, uraian, kode_92, uraian_92, nama_dagang, satuan_kecil, sediaan, golongan, url, userid_updt, sysdate_updt) values | K439: =CONCATENATE(J439,"('",A439,"','",B439,"','",C439,"','",D439,"','",E439,"','",F439,"','",G439,"','",H439,"','",I439,"',0,'2023-05-01');") -> insert into mkatalog_kfa93 (kode, uraian, kode_92, uraian_92, nama_dagang, satuan_kecil, sediaan, golongan, url, userid_updt, sysdate_updt) values ('93000721','Doxorubicin Hydrochloride 10 mg / 5 mL Cairan Injeksi (NAPRODOX, 25 mL)','92000154','Doxorubicin Hydrochloride 10 mg / 5 mL Cairan Injeksi','NAPRODOX 50','Vial','Larutan Injeksi','Obat Keras','https://dto.kemkes.go.id/kfacode/93000721',0,'2023-05-01');
A440: 93000724 | B440: Doxorubicin Hydrochloride 10 mg / 5 mL Cairan Injeksi (NAPRODOX, 5 mL) | C440: 92000154 | D440: Doxorubicin Hydrochloride 10 mg / 5 mL Cairan Injeksi | E440: NAPRODOX 10 | F440: Vial | G440: Larutan Injeksi | H440: Obat Keras | I440: =_xlfn.TEXTJOIN("/",,"https://dto.kemkes.go.id/kfacode",A440) -> https://dto.kemkes.go.id/kfacode/93000724 | J440: insert into mkatalog_kfa93 (kode, uraian, kode_92, uraian_92, nama_dagang, satuan_kecil, sediaan, golongan, url, userid_updt, sysdate_updt) values | K440: =CONCATENATE(J440,"('",A440,"','",B440,"','",C440,"','",D440,"','",E440,"','",F440,"','",G440,"','",H440,"','",I440,"',0,'2023-05-01');") -> insert into mkatalog_kfa93 (kode, uraian, kode_92, uraian_92, nama_dagang, satuan_kecil, sediaan, golongan, url, userid_updt, sysdate_updt) values ('93000724','Doxorubicin Hydrochloride 10 mg / 5 mL Cairan Injeksi (NAPRODOX, 5 mL)','92000154','Doxorubicin Hydrochloride 10 mg / 5 mL Cairan Injeksi','NAPRODOX 10','Vial','Larutan Injeksi','Obat Keras','https://dto.kemkes.go.id/kfacode/93000724',0,'2023-05-01');
...
